filepath,s_fid,label,damage_val,centroid_lon,centroid_lat,polygon_wkt,window_col_off,window_row_off,window_width,window_height,municipality,gsi_fire,gsi_tsunami,gsi_slope_failure,usgs_mmi,conf
C:\Users\admin\Documents\GitHub\SensingRisk\sitelens\data\noto_crops\all\bldg_000000.png,20230303-49281-13461-s-7542,survived,0,136.894367202042,37.39386978810862,"MULTIPOLYGON (((136.894393583 37.39391975, 136.894405278 37.393824889, 136.894340806 37.393819833, 136.894329139 37.393914694, 136.894393583 37.39391975)))",94.05899581524022,1331.4576482254743,35.16734884820471,35.16734884820471,石川県、輪島市、鳳至町稲荷西二,0,0,0,8.4,multi
C:\Users\admin\Documents\GitHub\SensingRisk\sitelens\data\noto_crops\all\bldg_000001.png,20230303-49281-13461-s-7544,survived,0,136.89426753317315,37.39387308538993,"MULTIPOLYGON (((136.894223056 37.393829806, 136.894217972 37.393908, 136.894316583 37.393910611, 136.894322167 37.393846944, 136.894275889 37.393845389, 136.894276639 37.393831639, 136.894223056 37.393829806)))",77.94227791627559,1333.3511059384414,31.184740538061078,31.184740538061078,石川県、輪島市、鳳至町稲荷西二,0,0,0,8.4,multi
C:\Users\admin\Documents\GitHub\SensingRisk\sitelens\data\noto_crops\all\bldg_000002.png,20230303-49281-13461-s-7563,survived,0,136.89451642820504,37.39395926694511,"MULTIPOLYGON (((136.894493111 37.393900889, 136.894480056 37.394013389, 136.894539917 37.394017444, 136.894552694 37.393905194, 136.894493111 37.393900889)))",118.9376448269634,1307.5583613783206,41.02335283306934,41.02335283306934,石川県、輪島市、鳳至町稲荷西二,0,0,0,8.4,multi
C:\Users\admin\Documents\GitHub\SensingRisk\sitelens\data\noto_crops\all\bldg_000003.png,20230303-49281-13461-s-7565,survived,0,136.89458203653953,37.39395868479173,"MULTIPOLYGON (((136.894564611 37.393906639, 136.894551972 37.394014139, 136.894594361 37.394015472, 136.894597 37.393961833, 136.894612889 37.393961889, 136.894614278 37.393910222, 136.894564611 37.393906639)))",132.73968595376778,1308.4740586007042,38.30547431354057,38.30547431354057,石川県、輪島市、鳳至町稲荷西二,0,0,0,8.4,multi
C:\Users\admin\Documents\GitHub\SensingRisk\sitelens\data\noto_crops\all\bldg_000004.png,20230303-49281-13461-s-7567,survived,0,136.89426286050514,37.3939489023093,"MULTIPOLYGON (((136.894214667 37.393917778, 136.894214889 37.393940167, 136.894245667 37.393941444, 136.894244917 37.393980778, 136.894300639 37.393982139, 136.894302417 37.393944917, 136.894281194 37.393944389, 136.894281889 37.393919583, 136.894214667 37.393917778)))",78.68731615417931,1317.5321871328838,25.396900560980384,25.396900560980384,石川県、輪島市、鳳至町稲荷西二,0,0,0,8.4,multi
C:\Users\admin\Documents\GitHub\SensingRisk\sitelens\data\noto_crops\all\bldg_000005.png,20230303-49281-13461-s-7575,survived,0,136.89466726085755,37.39399425689465,"MULTIPOLYGON (((136.894631417 37.39395125, 136.89463375 37.393983444, 136.894619083 37.393984389, 136.894624528 37.394033389, 136.894715694 37.394029306, 136.894709583 37.393965083, 136.894690028 37.393966028, 136.894688861 37.393950417, 136.894631417 37.39395125)))",152.19855578211906,1304.9869005588007,30.8034444490811,30.8034444490811,石川県、輪島市、鳳至町稲荷西二,0,0,0,8.4,multi
C:\Users\admin\Documents\GitHub\SensingRisk\sitelens\data\noto_crops\all\bldg_000006.png,20230303-49281-13461-s-7585,survived,0,136.89405461813408,37.39402115542286,"MULTIPOLYGON (((136.894017861 37.394062278, 136.894115917 37.394036528, 136.894096639 37.393983056, 136.894029806 37.39399875, 136.89402625 37.393991583, 136.893994389 37.393998861, 136.894017861 37.394062278)))",36.48046293788486,1296.1791966773717,33.981691768434324,33.981691768434324,石川県、輪島市、平成町,0,0,0,8.4,multi
C:\Users\admin\Documents\GitHub\SensingRisk\sitelens\data\noto_crops\all\bldg_000007.png,20230303-49281-13461-s-7599,survived,0,136.8939390077744,37.39405978120919,"MULTIPOLYGON (((136.893963083 37.394074583, 136.893951278 37.394037583, 136.893914917 37.394045, 136.89392675 37.394081972, 136.893963083 37.394074583)))",23.785556954665015,1296.4290324924818,16.066526619878687,16.066526619878687,石川県、輪島市、平成町,0,0,0,8.4,multi
C:\Users\admin\Documents\GitHub\SensingRisk\sitelens\data\noto_crops\all\bldg_000008.png,20230303-49281-13461-s-7607,destroyed,1,136.89467287193943,37.39411109942331,"MULTIPOLYGON (((136.894734667 37.39414225, 136.894730528 37.394078806, 136.894670528 37.394081278, 136.894669861 37.394071194, 136.894615556 37.394073417, 136.894620528 37.394149722, 136.894734667 37.39414225)))",152.38702475759717,1275.9175086094676,33.30584958394371,33.30584958394371,石川県、輪島市、鳳至町稲荷西二,0,0,0,8.4,multi
C:\Users\admin\Documents\GitHub\SensingRisk\sitelens\data\noto_crops\all\bldg_000009.png,20230303-49281-13461-s-7632,survived,0,136.89464586766056,37.39419026244659,"MULTIPOLYGON (((136.894593556 37.394222278, 136.894701139 37.394218944, 136.894698194 37.39415825, 136.894590583 37.394161583, 136.894593556 37.394222278)))",148.13041204346553,1258.3876054572559,30.91369820170931,30.91369820170931,石川県、輪島市、鳳至町稲荷西二,0,0,0,8.4,multi
C:\Users\admin\Documents\GitHub\SensingRisk\sitelens\data\noto_crops\all\bldg_000010.png,20230303-49281-13461-s-7636,survived,0,136.89452217120422,37.39420051491853,"MULTIPOLYGON (((136.894475306 37.394232833, 136.894574083 37.394221583, 136.894567778 37.394168861, 136.8944725 37.394178, 136.894475306 37.394232833)))",126.53631751802233,1257.1588870105077,28.40466555489435,28.40466555489435,石川県、輪島市、鳳至町稲荷西二,0,0,0,8.4,multi
C:\Users\admin\Documents\GitHub\SensingRisk\sitelens\data\noto_crops\all\bldg_000012.png,20230303-49281-13461-s-7699,survived,0,136.89448551760444,37.39445757801203,"MULTIPOLYGON (((136.894454972 37.394478972, 136.89452075 37.39447375, 136.894516056 37.394436194, 136.894450306 37.394441389, 136.894454972 37.394478972)))",123.85023863580493,1201.2709378197067,19.697570064332737,19.697570064332737,石川県、輪島市、鳳至町稲荷西二,0,0,0,8.4,multi
C:\Users\admin\Documents\GitHub\SensingRisk\sitelens\data\noto_crops\all\bldg_000013.png,20230303-49281-13461-s-7629,survived,0,136.89436701552347,37.39420255317639,"MULTIPOLYGON (((136.894292639 37.394232417, 136.894335028 37.394229833, 136.89434 37.39425825, 136.894384944 37.394254306, 136.894384972 37.394242806, 136.894446028 37.394237528, 136.894435306 37.394154944, 136.894278444 37.394169472, 136.894292639 37.394232417)))",87.28578767246671,1246.5820768600672,46.8598827679952,46.8598827679952,石川県、輪島市、鳳至町稲荷西二,0,0,0,8.4,multi
C:\Users\admin\Documents\GitHub\SensingRisk\sitelens\data\noto_crops\all\bldg_000014.png,20230303-49281-13461-s-7547,survived,0,136.8940957640634,37.39387852773997,"MULTIPOLYGON (((136.894130917 37.393919167, 136.89412525 37.393835111, 136.894060611 37.393837889, 136.894066278 37.393921944, 136.894130917 37.393919167)))",45.76063258357097,1331.710359540665,30.562230677593107,30.562230677593107,石川県、輪島市、平成町,0,0,0,8.4,multi
C:\Users\admin\Documents\GitHub\SensingRisk\sitelens\data\noto_crops\all\bldg_000015.png,20230303-49281-13461-s-7660,survived,0,136.8945310420773,37.394302571296485,"MULTIPOLYGON (((136.894484639 37.394334194, 136.894555611 37.394329, 136.894554028 37.394315167, 136.894608583 37.394311167, 136.894606 37.394288667, 136.894549722 37.394292806, 136.894547222 37.394271139, 136.894477444 37.39427625, 136.894484639 37.394334194)))",126.08053648206923,1229.1353497494258,36.669122155507395,36.669122155507395,石川県、輪島市、鳳至町稲荷西二,0,0,0,8.4,multi
C:\Users\admin\Documents\GitHub\SensingRisk\sitelens\data\noto_crops\all\bldg_000016.png,20230303-49281-13461-s-7627,survived,0,136.89413147579643,37.39418763115603,"MULTIPOLYGON (((136.894083083 37.394236722, 136.894207944 37.394204222, 136.894181139 37.394135972, 136.894146417 37.394143889, 136.894151833 37.394161389, 136.894100694 37.394173667, 136.894089833 37.394148861, 136.894056056 37.394156083, 136.894083083 37.394236722)))",46.561146381166246,1253.5280725832522,42.47096305953132,42.47096305953132,石川県、輪島市、平成町,0,0,0,8.4,multi
C:\Users\admin\Documents\GitHub\SensingRisk\sitelens\data\noto_crops\all\bldg_000017.png,20230303-49281-13461-s-7548,survived,0,136.8944486892645,37.3938792476797,"MULTIPOLYGON (((136.894469694 37.393921083, 136.894475639 37.393838917, 136.894431917 37.393835167, 136.894418167 37.393917389, 136.894469694 37.393921083)))",111.37906269786107,1331.9661798842967,30.2394782061574,30.2394782061574,石川県、輪島市、鳳至町稲荷西二,0,0,0,8.4,multi
C:\Users\admin\Documents\GitHub\SensingRisk\sitelens\data\noto_crops\all\bldg_000018.png,20230303-49281-13461-s-7569,survived,0,136.89434479176018,37.39395954140896,"MULTIPOLYGON (((136.894371861 37.393993222, 136.894376556 37.393928611, 136.894317722 37.393925861, 136.894313028 37.393990472, 136.894371861 37.393993222)))",95.60955370508074,1316.1276683280257,23.708756124130105,23.708756124130105,石川県、輪島市、鳳至町稲荷西二,0,0,0,8.4,multi
C:\Users\admin\Documents\GitHub\SensingRisk\sitelens\data\noto_crops\all\bldg_000019.png,20230303-49281-13461-s-7718,survived,0,136.89445404199998,37.3945188195,"MULTIPOLYGON (((136.894477778 37.394549806, 136.894473528 37.394486, 136.894430306 37.394487833, 136.894434556 37.394551639, 136.894477778 37.394549806)))",116.27827219312195,1185.1996253971092,23.10267132895251,23.10267132895251,石川県、輪島市、鳳至町稲荷西二,0,0,0,8.4,multi
C:\Users\admin\Documents\GitHub\SensingRisk\sitelens\data\noto_crops\all\bldg_000022.png,20230303-49281-13461-s-7446,survived,0,136.8938280582971,37.39349874914839,"MULTIPOLYGON (((136.893793806 37.393450444, 136.893787389 37.393544722, 136.893860694 37.39355075, 136.893868528 37.393449417, 136.893793806 37.393450444)))",-6.713681708826469,1417.9581268456295,35.66573216727147,35.66573216727147,石川県、輪島市、釜屋谷町,0,0,0,8.4,multi
C:\Users\admin\Documents\GitHub\SensingRisk\sitelens\data\noto_crops\all\bldg_000023.png,20230303-49281-13461-s-7373,survived,0,136.89388044626273,37.39322067250287,"MULTIPOLYGON (((136.893920028 37.393257611, 136.893902361 37.393175333, 136.893840889 37.393183722, 136.8938585 37.393266, 136.893920028 37.393257611)))",4.950060273668841,1485.3986112510831,31.91166686191491,31.91166686191491,石川県、輪島市、釜屋谷町,0,0,0,8.4,multi
C:\Users\admin\Documents\GitHub\SensingRisk\sitelens\data\noto_crops\all\bldg_000024.png,20230303-49281-13461-s-7497,survived,0,136.8938769288672,37.39366113284848,"MULTIPOLYGON (((136.893830333 37.393678806, 136.893922222 37.393680833, 136.8939235 37.393643444, 136.893831639 37.393641444, 136.893830333 37.393678806)))",7.219926357269287,1384.974753623221,26.05138138665093,26.05138138665093,石川県、輪島市、釜屋谷町,0,0,0,8.4,multi
C:\Users\admin\Documents\GitHub\SensingRisk\sitelens\data\noto_crops\all\bldg_000025.png,20230303-49281-13461-s-7403,survived,0,136.89387671774455,37.39332959240648,"MULTIPOLYGON (((136.8938315 37.39335875, 136.893911417 37.393363694, 136.893923583 37.393302333, 136.893841444 37.393294389, 136.8938315 37.39335875)))",6.829458034003609,1462.392261180173,27.065334921482872,27.065334921482872,石川県、輪島市、釜屋谷町,0,0,0,8.4,multi
C:\Users\admin\Documents\GitHub\SensingRisk\sitelens\data\noto_crops\all\bldg_000026.png,20230303-49281-13461-s-7450,survived,0,136.893902527465,37.39353873623889,"MULTIPOLYGON (((136.893932083 37.3936185, 136.893940111 37.393461167, 136.893872972 37.393458972, 136.893864944 37.393616306, 136.893932083 37.3936185)))",-3.054332227344416,1398.6472398022152,56.14837142130091,56.14837142130091,石川県、輪島市、釜屋谷町,0,0,0,8.4,multi
C:\Users\admin\Documents\GitHub\SensingRisk\sitelens\data\noto_crops\all\bldg_000027.png,20230303-49281-13461-s-7370,survived,0,136.8939649124294,37.393219589951514,"MULTIPOLYGON (((136.893925972 37.393180917, 136.893948361 37.393268417, 136.894002194 37.393259, 136.893983806 37.393171944, 136.893925972 37.393180917)))",19.5170407403112,1484.4908919167449,33.95517925118065,33.95517925118065,石川県、輪島市、釜屋谷町,0,0,0,8.4,multi
C:\Users\admin\Documents\GitHub\SensingRisk\sitelens\data\noto_crops\all\bldg_000028.png,20230303-49281-13461-s-7405,survived,0,136.8939739722608,37.39332488894441,"MULTIPOLYGON (((136.893935389 37.393347667, 136.894008583 37.393351417, 136.894012556 37.393302111, 136.893939361 37.393298361, 136.893935389 37.393347667)))",27.54943822754754,1466.1105582412815,21.577457115385272,21.577457115385272,石川県、輪島市、釜屋谷町,0,0,0,8.4,multi
C:\Users\admin\Documents\GitHub\SensingRisk\sitelens\data\noto_crops\all\bldg_000029.png,manual,survived,0,136.8940138803874,37.39349034267562,"MULTIPOLYGON (((136.89411708194234 37.39349684722898, 136.8939923640177 37.39349567064478, 136.89398530451254 37.393581561291, 136.8939441240657 37.393576854954226, 136.89394883040248 37.39344272435602, 136.8941264946159 37.393449783861186, 136.89411708194234 37.39349684722898)))",22.78554604917719,1405.974711488883,53.97327318052544,53.97327318052544,石川県、輪島市、釜屋谷町,0,0,0,8.4,multi
C:\Users\admin\Documents\GitHub\SensingRisk\sitelens\data\noto_crops\all\bldg_000030.png,20230303-49281-13461-s-7488,survived,0,136.893975514,37.3936054305,"MULTIPOLYGON (((136.894009778 37.39362775, 136.894011417 37.393584833, 136.89394125 37.393583111, 136.893939611 37.393626028, 136.894009778 37.39362775)))",28.586316776275638,1401.0327717174262,20.0784128718906,20.0784128718906,石川県、輪島市、釜屋谷町,0,0,0,8.4,multi
C:\Users\admin\Documents\GitHub\SensingRisk\sitelens\data\noto_crops\all\bldg_000031.png,20230303-49281-13461-s-7402,survived,0,136.89407990238197,37.393340374079195,"MULTIPOLYGON (((136.894036917 37.393364583, 136.894071361 37.393365972, 136.894071222 37.393400833, 136.8941115 37.393401111, 136.894117111 37.393295028, 136.894040917 37.393290694, 136.894036917 37.393364583)))",38.11500066075332,1452.5371064992416,38.8629878583165,38.8629878583165,石川県、輪島市、釜屋谷町,0,0,0,8.4,multi
C:\Users\admin\Documents\GitHub\SensingRisk\sitelens\data\noto_crops\all\bldg_000033.png,20230303-49281-13461-s-7377,survived,0,136.8941674249112,37.393223794573224,"MULTIPOLYGON (((136.894134583 37.393196833, 136.894156444 37.393260361, 136.894200278 37.39325075, 136.894178389 37.393187222, 136.894134583 37.393196833)))",61.53014507900446,1487.7499762347245,25.74241347688894,25.74241347688894,石川県、輪島市、鳳至町稲荷西一,0,0,0,8.4,multi
C:\Users\admin\Documents\GitHub\SensingRisk\sitelens\data\noto_crops\all\bldg_000034.png,20230303-49281-13461-s-8966,survived,0,136.89417898933567,37.39358646507679,"MULTIPOLYGON (((136.894152583 37.393605639, 136.894207139 37.393604, 136.894205389 37.393567278, 136.894150833 37.393568944, 136.894152583 37.393605639)))",68.68330377472772,1407.651489944875,15.744298738903467,15.744298738903467,石川県、輪島市、鳳至町稲荷西一,0,0,0,8.4,multi
C:\Users\admin\Documents\GitHub\SensingRisk\sitelens\data\noto_crops\all\bldg_000035.png,20230303-49281-13461-s-7376,survived,0,136.89405356444755,37.39321818708769,"MULTIPOLYGON (((136.894019417 37.3932495, 136.894084389 37.393251444, 136.894092611 37.393187, 136.894016556 37.393188056, 136.894019417 37.3932495)))",41.342997985569056,1489.6712392327174,24.044296682899358,24.044296682899358,石川県、輪島市、釜屋谷町,0,0,0,8.4,multi
C:\Users\admin\Documents\GitHub\SensingRisk\sitelens\data\noto_crops\all\bldg_000037.png,20230303-49281-13461-s-7367,survived,0,136.89428952671935,37.39317539710085,"MULTIPOLYGON (((136.894302389 37.393185333, 136.894293472 37.393161472, 136.894276667 37.393165444, 136.894285583 37.393189333, 136.894302389 37.393185333)))",92.25891842072447,1507.072302159858,9.806114137995792,9.806114137995792,石川県、輪島市、鳳至町稲荷西一,0,0,0,8.4,multi
C:\Users\admin\Documents\GitHub\SensingRisk\sitelens\data\noto_crops\all\bldg_000038.png,20230303-49281-13461-s-7350,survived,0,136.89436020653272,37.393165668706246,"MULTIPOLYGON (((136.8942995 37.393155444, 136.894320056 37.393207139, 136.894419806 37.393178444, 136.894399278 37.393122611, 136.8942995 37.393155444)))",93.25997700179087,1497.471325318697,33.948491906766094,33.948491906766094,石川県、輪島市、鳳至町稲荷西一,0,0,0,8.4,multi
C:\Users\admin\Documents\GitHub\SensingRisk\sitelens\data\noto_crops\all\bldg_000040.png,20230303-49281-13461-s-7469,survived,0,136.89438951086612,37.393546327732686,"MULTIPOLYGON (((136.894370111 37.393572194, 136.894425444 37.393555611, 136.894408917 37.393520472, 136.894353583 37.393537028, 136.894370111 37.393572194)))",105.51706810341796,1414.6552814682,20.567111003136915,20.567111003136915,石川県、輪島市、鳳至町稲荷西一,0,0,0,8.4,multi
C:\Users\admin\Documents\GitHub\SensingRisk\sitelens\data\noto_crops\all\bldg_000042.png,20230303-49281-13461-s-7413,survived,0,136.89445094768698,37.39337228936918,"MULTIPOLYGON (((136.894405056 37.393411333, 136.89447725 37.393392528, 136.89448275 37.393402583, 136.894529333 37.393386333, 136.894505472 37.393342778, 136.894472444 37.393354333, 136.894461167 37.393333722, 136.894378361 37.393354056, 136.894405056 37.393411333)))",106.6858417722914,1444.6137952233385,42.21483090188768,42.21483090188768,石川県、輪島市、鳳至町稲荷西一,0,0,0,8.4,multi
C:\Users\admin\Documents\GitHub\SensingRisk\sitelens\data\noto_crops\all\bldg_000043.png,20230303-49281-13461-s-7439,survived,0,136.89441548826042,37.3934557834345,"MULTIPOLYGON (((136.894446917 37.393466972, 136.894431194 37.393430083, 136.894384028 37.393442861, 136.894401056 37.393482833, 136.894446917 37.393466972)))",110.76187547537944,1436.1495872340886,19.7557129285085,19.7557129285085,石川県、輪島市、鳳至町稲荷西一,0,0,0,8.4,multi
C:\Users\admin\Documents\GitHub\SensingRisk\sitelens\data\noto_crops\all\bldg_000044.png,20230303-49281-13461-s-7456,survived,0,136.89443815792993,37.393493359918494,"MULTIPOLYGON (((136.894424111 37.393513278, 136.894465222 37.393500861, 136.894452222 37.393473444, 136.894411083 37.393485861, 136.894424111 37.393513278)))",117.01834641971932,1429.5191415639963,15.698487904096737,15.698487904096737,石川県、輪島市、鳳至町稲荷西一,0,0,0,8.4,multi
C:\Users\admin\Documents\GitHub\SensingRisk\sitelens\data\noto_crops\all\bldg_000045.png,20230303-49281-13461-s-7483,survived,0,136.89454661033582,37.39363177640631,"MULTIPOLYGON (((136.894433194 37.393687944, 136.894678472 37.393617583, 136.894662194 37.393575833, 136.894415417 37.393645, 136.894433194 37.393687944)))",108.37013444900514,1368.0860192801642,73.55550924936931,73.55550924936931,石川県、輪島市、鳳至町稲荷西一,0,0,0,8.4,multi
C:\Users\admin\Documents\GitHub\SensingRisk\sitelens\data\noto_crops\all\bldg_000046.png,20230303-49281-13461-s-7464,survived,0,136.89447635230437,37.39352284686658,"MULTIPOLYGON (((136.894447889 37.393550917, 136.894521167 37.393527833, 136.894504833 37.393494778, 136.894431528 37.393517861, 136.894447889 37.393550917)))",119.45521389113533,1417.9171221437807,25.064881075753092,25.064881075753092,石川県、輪島市、鳳至町稲荷西一,0,0,0,8.4,multi
C:\Users\admin\Documents\GitHub\SensingRisk\sitelens\data\noto_crops\all\bldg_000047.png,20230303-49281-13461-s-7336,survived,0,136.89448397453788,37.39313303679476,"MULTIPOLYGON (((136.894427722 37.393128889, 136.894441833 37.393170222, 136.894537639 37.393146694, 136.894515833 37.393091889, 136.894465333 37.393105194, 136.894469167 37.393119667, 136.894427722 37.393128889)))",117.5302027147797,1506.7430969836055,31.276016955550404,31.276016955550404,石川県、輪島市、鳳至町稲荷西一,0,0,0,8.4,multi
C:\Users\admin\Documents\GitHub\SensingRisk\sitelens\data\noto_crops\all\bldg_000048.png,20230303-49281-13461-s-7474,survived,0,136.89451769525502,37.393565952506165,"MULTIPOLYGON (((136.894468778 37.393554528, 136.894486556 37.393596306, 136.894568806 37.393575028, 136.894548028 37.393536833, 136.894468778 37.393554528)))",125.91495468351576,1406.2055407740477,27.969856034384833,27.969856034384833,石川県、輪島市、鳳至町稲荷西一,0,0,0,8.4,multi
C:\Users\admin\Documents\GitHub\SensingRisk\sitelens\data\noto_crops\all\bldg_000049.png,20230303-49281-13461-s-7401,destroyed,1,136.8945738418218,37.39332929373242,"MULTIPOLYGON (((136.89453 37.393362139, 136.894559417 37.393354, 136.894564972 37.393367361, 136.894634194 37.393349, 136.894608694 37.393287806, 136.89451 37.393314417, 136.89453 37.393362139)))",132.4730752097236,1458.9034595237374,34.72715939945644,34.72715939945644,石川県、輪島市、鳳至町稲荷西一,0,0,0,8.4,multi
C:\Users\admin\Documents\GitHub\SensingRisk\sitelens\data\noto_crops\all\bldg_000050.png,20230303-49281-13461-s-7436,survived,0,136.89460666448707,37.39347477358843,"MULTIPOLYGON (((136.894532389 37.393523083, 136.894696917 37.393476361, 136.894674306 37.393425667, 136.894569972 37.393455306, 136.894577528 37.393472222, 136.894548194 37.393480556, 136.894541056 37.393464583, 136.894510944 37.393473139, 136.894532389 37.393523083)))",129.7699394861857,1415.8224217599195,52.00181985961066,52.00181985961066,石川県、輪島市、鳳至町稲荷西一,0,0,0,8.4,multi
C:\Users\admin\Documents\GitHub\SensingRisk\sitelens\data\noto_crops\all\bldg_000051.png,20230303-49281-13461-s-7424,survived,0,136.89458430809358,37.39340679944504,"MULTIPOLYGON (((136.894525361 37.393401472, 136.894545389 37.393442056, 136.8946435 37.393411222, 136.894624167 37.393372083, 136.894525361 37.393401472)))",135.61875661214194,1441.0991170401894,33.03405867682562,33.03405867682562,石川県、輪島市、鳳至町稲荷西一,0,0,0,8.4,multi
C:\Users\admin\Documents\GitHub\SensingRisk\sitelens\data\noto_crops\all\bldg_000052.png,20230303-49281-13461-s-7395,survived,0,136.89477115521643,37.393333977697196,"MULTIPOLYGON (((136.894757694 37.393403806, 136.894835444 37.393384889, 136.894791306 37.393267, 136.894702833 37.393284444, 136.894757694 37.393403806)))",162.49234845807874,1450.3567381448922,48.15100860256507,48.15100860256507,石川県、輪島市、鳳至町稲荷西一,0,0,0,8.4,multi
C:\Users\admin\Documents\GitHub\SensingRisk\sitelens\data\noto_crops\all\bldg_000054.png,20230303-49281-13461-s-7485,survived,0,136.89483720690419,37.393639370215254,"MULTIPOLYGON (((136.894817917 37.39368825, 136.894879167 37.393688389, 136.894872778 37.393601361, 136.894816722 37.393602417, 136.894815333 37.393579778, 136.894786889 37.393589222, 136.894817917 37.39368825)))",179.36404980365174,1385.2350619074186,38.22733794695,38.22733794695,石川県、輪島市、鳳至町稲荷西一,0,0,0,8.4,multi
C:\Users\admin\Documents\GitHub\SensingRisk\sitelens\data\noto_crops\all\bldg_000056.png,20230303-49281-13461-s-7789,survived,0,136.89576732685896,37.394786684670734,"MULTIPOLYGON (((136.895816139 37.394804639, 136.895781667 37.394746139, 136.895718722 37.39476975, 136.895752111 37.394826444, 136.895816139 37.394804639)))",357.5268640906468,1118.8542233585927,30.272211007769556,30.272211007769556,石川県、輪島市、鳳至町上町南（小学校前）,0,0,0,8.4,multi
C:\Users\admin\Documents\GitHub\SensingRisk\sitelens\data\noto_crops\all\bldg_000057.png,20230303-49281-13461-s-7836,survived,0,136.89583299374382,37.39493037045534,"MULTIPOLYGON (((136.895871472 37.394963, 136.895848361 37.3948865, 136.895794444 37.394896889, 136.895818083 37.394975028, 136.895871472 37.394963)))",369.298774742847,1084.5113539772663,31.158812401496107,31.158812401496107,石川県、輪島市、鳳至町上町南（小学校前）,0,0,0,8.4,multi
C:\Users\admin\Documents\GitHub\SensingRisk\sitelens\data\noto_crops\all\bldg_000058.png,20230303-49281-13461-s-7875,survived,0,136.89590727068295,37.39513819377622,"MULTIPOLYGON (((136.895847944 37.395182528, 136.895984806 37.395148861, 136.895963667 37.395094167, 136.895832417 37.395126444, 136.895847944 37.395182528)))",377.67548909717135,1030.0770635881977,42.611052820417626,42.611052820417626,石川県、輪島市、鳳至町上町南（小学校前）,0,0,0,8.4,multi
C:\Users\admin\Documents\GitHub\SensingRisk\sitelens\data\noto_crops\all\bldg_000059.png,20230303-49281-13461-s-7821,survived,0,136.89589481294541,37.39486625130369,"MULTIPOLYGON (((136.895919472 37.394890833, 136.8959105 37.394837861, 136.895870111 37.394842222, 136.895878889 37.394894111, 136.895919472 37.394890833)))",386.5057477189308,1105.3914797359646,19.79806612202742,19.79806612202742,石川県、輪島市、鳳至町上町南（小学校前）,0,0,0,8.4,multi
C:\Users\admin\Documents\GitHub\SensingRisk\sitelens\data\noto_crops\all\bldg_000060.png,20230303-49281-13461-s-7838,survived,0,136.89592587735925,37.39494378191536,"MULTIPOLYGON (((136.895981861 37.394979528, 136.895959583 37.394893583, 136.895869861 37.394908389, 136.895891972 37.394993667, 136.895981861 37.394979528)))",383.88448809041967,1078.7609396771184,36.62413455007368,36.62413455007368,石川県、輪島市、鳳至町上町南（小学校前）,0,0,0,8.4,multi
C:\Users\admin\Documents\GitHub\SensingRisk\sitelens\data\noto_crops\all\bldg_000061.png,20230303-49281-13461-s-7930,survived,0,136.8960253156104,37.39539248357382,"MULTIPOLYGON (((136.896019333 37.39542425, 136.896027083 37.395437444, 136.896174444 37.395382333, 136.896161083 37.395360861, 136.896125944 37.395372083, 136.896108111 37.395339861, 136.89601875 37.395371778, 136.895999056 37.395342611, 136.895902528 37.395384111, 136.895950083 37.395454556, 136.896019333 37.39542425)))",385.1747648398082,952.6258628883138,76.03322442902459,76.03322442902459,石川県、輪島市、鳳至町上町南（小学校前）,0,0,0,8.4,multi
C:\Users\admin\Documents\GitHub\SensingRisk\sitelens\data\noto_crops\all\bldg_000062.png,20230303-49281-13461-s-7788,survived,0,136.8959901636541,37.39483701975466,"MULTIPOLYGON (((136.896013194 37.394934944, 136.896010333 37.394903944, 136.896037222 37.394901028, 136.896002583 37.394746083, 136.895943639 37.394753583, 136.895980333 37.39493725, 136.896013194 37.394934944)))",380.5910767370341,1087.3548255594412,67.28421166727071,67.28421166727071,石川県、輪島市、鳳至町上町南（小学校前）,0,0,0,8.4,multi
C:\Users\admin\Documents\GitHub\SensingRisk\sitelens\data\noto_crops\all\bldg_000063.png,20230303-49281-13461-s-7948,survived,0,136.89607814311395,37.395500505870885,"MULTIPOLYGON (((136.895998917 37.395584583, 136.896237528 37.3955005, 136.896210472 37.395451611, 136.896142444 37.395475583, 136.896112472 37.395421472, 136.895945639 37.395480278, 136.895998917 37.395584583)))",392.28042845196194,925.0036684682105,81.61808001730179,81.61808001730179,石川県、輪島市、鳳至町上町南（小学校前）,0,0,0,8.4,multi
C:\Users\admin\Documents\GitHub\SensingRisk\sitelens\data\noto_crops\all\bldg_000064.png,20230303-49281-13461-s-7869,survived,0,136.89603971193173,37.39509879373063,"MULTIPOLYGON (((136.895997528 37.39513875, 136.896116417 37.395109222, 136.896104722 37.395079194, 136.89608575 37.395083917, 136.896080639 37.395070806, 136.896043111 37.395080139, 136.896035611 37.395060861, 136.895976389 37.395075556, 136.895997528 37.39513875)))",405.08987947040134,1040.848895929275,39.15466670460171,39.15466670460171,石川県、輪島市、鳳至町上町南（小学校前）,0,0,0,8.4,multi
C:\Users\admin\Documents\GitHub\SensingRisk\sitelens\data\noto_crops\all\bldg_000065.png,20230303-49281-13461-s-7904,survived,0,136.89604242378633,37.39527965769344,"MULTIPOLYGON (((136.896009611 37.395312222, 136.896092611 37.395286778, 136.896073611 37.395247306, 136.895993639 37.395271833, 136.896009611 37.395312222)))",410.21886081695556,1004.3628040855357,27.674577034844333,27.674577034844333,石川県、輪島市、鳳至町上町南（小学校前）,0,0,0,8.4,multi
C:\Users\admin\Documents\GitHub\SensingRisk\sitelens\data\noto_crops\all\bldg_000066.png,manual,survived,0,136.8960867286824,37.39492187819438,"MULTIPOLYGON (((136.8961348860711 37.3949748819123, 136.8961053885651 37.39486345164359, 136.8960467187249 37.3948711970994, 136.89605510480453 37.3949686884636, 136.8961348860711 37.3949748819123)))",413.3340486931729,1083.2021640084035,39.21962360648422,39.21962360648422,石川県、輪島市、鳳至町上町南（小学校前）,0,0,0,8.4,multi
C:\Users\admin\Documents\GitHub\SensingRisk\sitelens\data\noto_crops\all\bldg_000067.png,20230303-49281-13461-s-7777,survived,0,136.89619205557506,37.39475913867106,"MULTIPOLYGON (((136.896175083 37.394795833, 136.896240944 37.394762, 136.896209028 37.394722444, 136.896143167 37.394756278, 136.896175083 37.394795833)))",437.4729813840542,1126.015785149364,28.69165072973169,28.69165072973169,石川県、輪島市、鳳至町上町南（小学校前）,0,0,0,8.4,multi
C:\Users\admin\Documents\GitHub\SensingRisk\sitelens\data\noto_crops\all\bldg_000068.png,20230303-49281-13461-s-8037,survived,0,136.89619695477202,37.395880118585325,"MULTIPOLYGON (((136.896257083 37.395906472, 136.89622025 37.395829083, 136.896136889 37.395854333, 136.896173222 37.395930694, 136.896257083 37.395906472)))",433.76603307487045,858.4127459877259,37.94377098027587,37.94377098027587,石川県、輪島市、鳳至町上町南,0,0,0,8.4,multi
C:\Users\admin\Documents\GitHub\SensingRisk\sitelens\data\noto_crops\all\bldg_000069.png,20230303-49281-13461-s-7820,survived,0,136.89620899481451,37.39486868265412,"MULTIPOLYGON (((136.896243472 37.394886583, 136.89621675 37.394836444, 136.896174528 37.394850778, 136.896201222 37.394900917, 136.896243472 37.394886583)))",443.3690777320811,1103.0498524648629,23.21682551321419,23.21682551321419,石川県、輪島市、鳳至町上町南（小学校前）,0,0,0,8.4,multi
C:\Users\admin\Documents\GitHub\SensingRisk\sitelens\data\noto_crops\all\bldg_000071.png,20230303-49281-13461-s-7797,survived,0,136.89613694433922,37.394784375168754,"MULTIPOLYGON (((136.896154 37.394801056, 136.896136194 37.394762861, 136.896119889 37.394767694, 136.896137694 37.394805889, 136.896154 37.394801056)))",433.973183391897,1126.8678352566685,15.144376694345283,15.144376694345283,石川県、輪島市、鳳至町上町南（小学校前）,0,0,0,8.4,multi
C:\Users\admin\Documents\GitHub\SensingRisk\sitelens\data\noto_crops\all\bldg_000072.png,20230303-49281-13461-s-7839,survived,0,136.89621935106663,37.39494546780978,"MULTIPOLYGON (((136.896193778 37.394994944, 136.896261861 37.394968278, 136.8962495 37.394948194, 136.896281472 37.394935639, 136.896255806 37.394893917, 136.896212944 37.394910722, 136.896227472 37.394934306, 136.896199722 37.394945194, 136.896183583 37.394918944, 136.896151361 37.394931556, 136.896193778 37.394994944)))",436.874916268216,1077.3988913897465,38.9702200502295,38.9702200502295,石川県、輪島市、鳳至町上町南（小学校前）,0,0,0,8.4,multi
C:\Users\admin\Documents\GitHub\SensingRisk\sitelens\data\noto_crops\all\bldg_000073.png,20230303-49281-13461-s-7864,survived,0,136.89616863490943,37.395063288174455,"MULTIPOLYGON (((136.896126194 37.395096139, 136.896186 37.395077194, 136.896203111 37.395101083, 136.896239028 37.395089222, 136.896192194 37.395022972, 136.896097944 37.395050778, 136.896126194 37.395096139)))",427.70016064643863,1049.5656278895867,39.44994570414224,39.44994570414224,石川県、輪島市、鳳至町上町南（小学校前）,0,0,0,8.4,multi
C:\Users\admin\Documents\GitHub\SensingRisk\sitelens\data\noto_crops\all\bldg_000074.png,20230303-49281-13461-s-7856,survived,0,136.89580755860706,37.39501177538017,"MULTIPOLYGON (((136.8957775 37.395044056, 136.895859028 37.395014444, 136.895838944 37.394979222, 136.895754972 37.395009722, 136.8957775 37.395044056)))",365.49117578930327,1066.5658639367716,29.096166462368444,29.096166462368444,石川県、輪島市、鳳至町上町南（小学校前）,0,0,0,8.4,multi
C:\Users\admin\Documents\GitHub\SensingRisk\sitelens\data\noto_crops\all\bldg_000076.png,20230303-49281-13461-s-7790,survived,0,136.895882645527,37.394785560770785,"MULTIPOLYGON (((136.89585225 37.394823694, 136.895920972 37.394819694, 136.895914389 37.394747778, 136.895843056 37.394751972, 136.89585225 37.394823694)))",380.5456492678499,1120.6434405874554,26.954465751613043,26.954465751613043,石川県、輪島市、鳳至町上町南（小学校前）,0,0,0,8.4,multi
C:\Users\admin\Documents\GitHub\SensingRisk\sitelens\data\noto_crops\all\bldg_000077.png,20230303-49281-13461-s-7862,survived,0,136.89588383682772,37.39505659322413,"MULTIPOLYGON (((136.895794444 37.395107306, 136.895980639 37.395055861, 136.895959528 37.395007167, 136.895808083 37.395049, 136.895815944 37.395067056, 136.895785306 37.3950755, 136.895794444 37.395107306)))",366.8920267211067,1043.1052461592465,54.619065544340344,54.619065544340344,石川県、輪島市、鳳至町上町南（小学校前）,0,0,0,8.4,multi
C:\Users\admin\Documents\GitHub\SensingRisk\sitelens\data\noto_crops\all\bldg_000078.png,20230303-49281-13461-s-8025,destroyed,1,136.89617667925032,37.39580693471543,"MULTIPOLYGON (((136.896129028 37.395794167, 136.896148167 37.39584125, 136.896225944 37.395818167, 136.896203944 37.395773278, 136.896129028 37.395794167)))",435.4430693887873,880.7657305450172,27.319571421569663,27.319571421569663,石川県、輪島市、鳳至町上町南,0,0,0,8.4,multi
C:\Users\admin\Documents\GitHub\SensingRisk\sitelens\data\noto_crops\all\bldg_000079.png,20230303-49281-13461-s-7902,survived,0,136.89592150959177,37.39526443055719,"MULTIPOLYGON (((136.895902139 37.395283972, 136.895952222 37.395270972, 136.895941583 37.395244833, 136.895890194 37.395258167, 136.895902139 37.395283972)))",392.6570303493076,1013.1324295663533,17.344285901387536,17.344285901387536,石川県、輪島市、鳳至町上町南（小学校前）,0,0,0,8.4,multi
C:\Users\admin\Documents\GitHub\SensingRisk\sitelens\data\noto_crops\all\bldg_000080.png,20230303-49281-13461-s-7887,survived,0,136.89614799544952,37.395212704197256,"MULTIPOLYGON (((136.896127806 37.395266, 136.896204083 37.395244722, 136.896163694 37.395152583, 136.896130972 37.395161722, 136.896137278 37.395176139, 136.896089889 37.395189389, 136.896127806 37.395266)))",423.41222110296997,1014.7310021318737,40.01004381234691,40.01004381234691,石川県、輪島市、鳳至町上町南（小学校前）,0,0,0,8.4,multi
C:\Users\admin\Documents\GitHub\SensingRisk\sitelens\data\noto_crops\all\bldg_000083.png,20230303-49281-13461-s-7554,survived,0,136.89397625119594,37.39391155402558,"MULTIPOLYGON (((136.893902583 37.393947194, 136.894045222 37.393961833, 136.894057333 37.393886611, 136.893966944 37.393877333, 136.893967167 37.393852, 136.893910389 37.39385425, 136.893912472 37.393898944, 136.893902583 37.393947194)))",17.490351595632976,1318.366580296585,43.92718651926634,43.92718651926634,石川県、輪島市、平成町,0,0,0,8.4,multi
C:\Users\admin\Documents\GitHub\SensingRisk\sitelens\data\noto_crops\all\bldg_000084.png,20230303-49281-13461-s-7597,survived,0,136.8948915181958,37.39410974352544,"MULTIPOLYGON (((136.894805917 37.394032861, 136.894820861 37.394117056, 136.894832472 37.394125194, 136.894948306 37.394154528, 136.895019472 37.39415425, 136.895019194 37.394135389, 136.894955778 37.394133528, 136.894955889 37.394105361, 136.894920694 37.394104167, 136.894805917 37.394032861)))",183.47147774166532,1266.6467308270503,59.71430604192946,59.71430604192946,石川県、輪島市、鳳至町稲荷西二,0,0,0,8.4,multi
C:\Users\admin\Documents\GitHub\SensingRisk\sitelens\data\noto_crops\all\bldg_000085.png,20230303-49281-13461-s-7602,survived,0,136.89440411303323,37.39409289738266,"MULTIPOLYGON (((136.894261361 37.394100028, 136.894304694 37.394103111, 136.894301806 37.394133639, 136.894394917 37.394139056, 136.894396806 37.394110667, 136.894565333 37.394124556, 136.894572972 37.394079278, 136.894270528 37.394048194, 136.894261361 37.394100028)))",77.38914096620348,1252.9538161289397,87.1327509191301,87.1327509191301,石川県、輪島市、鳳至町稲荷西二,0,0,0,8.4,multi
C:\Users\admin\Documents\GitHub\SensingRisk\sitelens\data\noto_crops\all\bldg_000086.png,20230303-49281-13461-s-7663,survived,0,136.894421924993,37.394302981129016,"MULTIPOLYGON (((136.894385278 37.394330389, 136.8944705 37.394322222, 136.894461333 37.394275278, 136.894370167 37.394285194, 136.894385278 37.394330389)))",107.51831791136,1233.4031552143363,28.055140214496205,28.055140214496205,石川県、輪島市、鳳至町稲荷西二,0,0,0,8.4,multi
C:\Users\admin\Documents\GitHub\SensingRisk\sitelens\data\noto_crops\all\bldg_000087.png,20230303-49281-13461-s-7676,survived,0,136.89530496675562,37.39438087721393,"MULTIPOLYGON (((136.895293694 37.394336056, 136.895293639 37.394355111, 136.895227917 37.394349028, 136.895220194 37.394413361, 136.895375306 37.394421556, 136.895378833 37.394341, 136.895293694 37.394336056)))",263.2575789716509,1207.4249135381212,44.358679485321034,44.358679485321034,石川県、輪島市、鳳至町稲荷西二,0,0,0,8.4,multi
C:\Users\admin\Documents\GitHub\SensingRisk\sitelens\data\noto_crops\all\bldg_000089.png,20230303-49281-13461-s-7712,survived,0,136.89464686450825,37.39450727147795,"MULTIPOLYGON (((136.894504056 37.394547611, 136.894745528 37.394534111, 136.894743833 37.394512806, 136.894781222 37.394510917, 136.894777306 37.394461972, 136.894631972 37.394469333, 136.894634139 37.394496361, 136.89450275 37.394491583, 136.894504056 37.394547611)))",123.93170133696663,1161.1093360881057,77.86641490194532,77.86641490194532,石川県、輪島市、鳳至町稲荷西二,0,0,0,8.4,multi
C:\Users\admin\Documents\GitHub\SensingRisk\sitelens\data\noto_crops\all\bldg_000090.png,20230303-49281-13461-s-7717,survived,0,136.89423056406275,37.39451877387369,"MULTIPOLYGON (((136.894337417 37.394552, 136.894348889 37.394482306, 136.894120278 37.394485361, 136.894117028 37.394556278, 136.894337417 37.394552)))",54.20013905101352,1164.223574566964,64.83303464783563,64.83303464783563,石川県、輪島市、平成町,0,0,0,8.4,multi
C:\Users\admin\Documents\GitHub\SensingRisk\sitelens\data\noto_crops\all\bldg_000091.png,20230303-49281-13461-s-7724,survived,0,136.89537843327474,37.3945951165702,"MULTIPOLYGON (((136.895319833 37.394543528, 136.895329889 37.394659806, 136.895444972 37.394651111, 136.89544 37.394577194, 136.895411611 37.394577722, 136.895406583 37.394521083, 136.895342333 37.394523333, 136.895340778 37.394540611, 136.895319833 37.394543528)))",276.4756848917092,1155.5317393616904,48.82572669472597,48.82572669472597,石川県、輪島市、鳳至町稲荷西二,0,0,0,8.4,multi
C:\Users\admin\Documents\GitHub\SensingRisk\sitelens\data\noto_crops\all\bldg_000092.png,20230303-49281-13461-s-7725,survived,0,136.89495100375754,37.394559899772304,"MULTIPOLYGON (((136.895032944 37.394585917, 136.895022694 37.394525083, 136.894871639 37.394532972, 136.894877417 37.394594972, 136.895032944 37.394585917)))",198.15797300338747,1164.5296879924854,45.10414711634317,45.10414711634317,石川県、輪島市、鳳至町稲荷西二,0,0,0,8.4,multi
C:\Users\admin\Documents\GitHub\SensingRisk\sitelens\data\noto_crops\all\bldg_000093.png,20230303-49281-13461-s-7730,survived,0,136.89571536687967,37.39459235612461,"MULTIPOLYGON (((136.895760278 37.394638722, 136.895745694 37.394540333, 136.895670306 37.394547444, 136.895684444 37.394642972, 136.895760278 37.394638722)))",344.88094911339124,1161.5984534301244,36.125399265774604,36.125399265774604,石川県、輪島市、鳳至町稲荷東三，四,0,0,0,8.4,multi
C:\Users\admin\Documents\GitHub\SensingRisk\sitelens\data\noto_crops\all\bldg_000094.png,20230303-49281-13461-s-7739,survived,0,136.8942359197699,37.39458839615928,"MULTIPOLYGON (((136.8941255 37.394614056, 136.894347389 37.394610972, 136.894346361 37.39456275, 136.894124472 37.394565806, 136.8941255 37.394614056)))",56.00462183422513,1149.2575724266028,62.33211098247104,62.33211098247104,石川県、輪島市、平成町,0,0,0,8.4,multi
C:\Users\admin\Documents\GitHub\SensingRisk\sitelens\data\noto_crops\all\bldg_000095.png,20230303-49281-13461-s-7740,survived,0,136.89459317524341,37.39459295127071,"MULTIPOLYGON (((136.894653194 37.394618306, 136.894651889 37.394563444, 136.894533861 37.394565583, 136.894536639 37.394624583, 136.894653194 37.394618306)))",137.14762702518038,1162.4231965407037,33.367925273047575,33.367925273047575,石川県、輪島市、鳳至町稲荷西二,0,0,0,8.4,multi
C:\Users\admin\Documents\GitHub\SensingRisk\sitelens\data\noto_crops\all\bldg_000096.png,20230303-49281-13461-s-7741,destroyed,1,136.8944783077996,37.394656669900584,"MULTIPOLYGON (((136.894526306 37.394737556, 136.894515917 37.394565528, 136.894452417 37.394567167, 136.894455194 37.39461625, 136.894424889 37.394616972, 136.894422639 37.394696306, 136.894443611 37.394698333, 136.894445778 37.394739278, 136.894526306 37.394737556)))",101.06111586155879,1134.8294149006658,61.15402646470625,61.15402646470625,石川県、輪島市、鳳至町稲荷西二,0,0,0,8.4,multi
C:\Users\admin\Documents\GitHub\SensingRisk\sitelens\data\noto_crops\all\bldg_000097.png,20230303-49281-13461-s-7745,survived,0,136.89382343075061,37.39463965235668,"MULTIPOLYGON (((136.893793806 37.394690222, 136.893852694 37.394690361, 136.893853056 37.394589083, 136.893794167 37.394588944, 136.893793806 37.394690222)))",-7.572451437924454,1150.5506045855846,35.69529727845884,35.69529727845884,石川県、輪島市、平成町,0,0,0,8.4,multi
C:\Users\admin\Documents\GitHub\SensingRisk\sitelens\data\noto_crops\all\bldg_000098.png,20230303-49281-13461-s-7756,survived,0,136.89425273852493,37.39465920608237,"MULTIPOLYGON (((136.894140444 37.394689222, 136.894362056 37.394690333, 136.894362556 37.394628944, 136.894145917 37.394627861, 136.894140444 37.394689222)))",59.01953415340848,1132.7822145592988,62.10701666937934,62.10701666937934,石川県、輪島市、平成町,0,0,0,8.4,multi
C:\Users\admin\Documents\GitHub\SensingRisk\sitelens\data\noto_crops\all\bldg_000099.png,20230303-49281-13461-s-7754,survived,0,136.89465819693729,37.39467460493396,"MULTIPOLYGON (((136.894697 37.3947205, 136.894691444 37.394655472, 136.894704306 37.394654778, 136.894701917 37.394626861, 136.8946155 37.394631556, 136.894623528 37.39472575, 136.894697 37.3947205)))",148.802115570722,1142.3950918852063,34.805528189305505,34.805528189305505,石川県、輪島市、鳳至町稲荷西二,0,0,0,8.4,multi
C:\Users\admin\Documents\GitHub\SensingRisk\sitelens\data\noto_crops\all\bldg_000100.png,20230303-49281-13461-s-7758,survived,0,136.89457339967032,37.39468738312819,"MULTIPOLYGON (((136.894603889 37.394732472, 136.894594806 37.394639833, 136.894542833 37.394643083, 136.894551778 37.394734167, 136.894603889 37.394732472)))",133.47111919140028,1140.6872960339917,33.202324794096285,33.202324794096285,石川県、輪島市、鳳至町稲荷西二,0,0,0,8.4,multi
C:\Users\admin\Documents\GitHub\SensingRisk\sitelens\data\noto_crops\all\bldg_000101.png,20230303-49281-13461-s-7781,survived,0,136.8954335013138,37.394781401733745,"MULTIPOLYGON (((136.895368833 37.3948375, 136.895451806 37.39482875, 136.895447639 37.394803694, 136.895522611 37.394795778, 136.895512056 37.394732028, 136.895416528 37.394742111, 136.895417389 37.39474725, 136.895351222 37.394754222, 136.895368833 37.3948375)))",287.08877543873257,1110.3868282433848,47.923837884267186,47.923837884267186,石川県、輪島市、鳳至町稲荷西二,0,0,0,8.4,multi
C:\Users\admin\Documents\GitHub\SensingRisk\sitelens\data\noto_crops\all\bldg_000102.png,20230303-49281-13461-s-7784,survived,0,136.89530041159784,37.394787353655026,"MULTIPOLYGON (((136.895346333 37.394863667, 136.895331083 37.394742056, 136.89524275 37.394749083, 136.895256139 37.394808028, 136.895303972 37.394805167, 136.895305361 37.394819972, 136.895320889 37.394819056, 136.895325139 37.394864139, 136.895346333 37.394863667)))",263.0255613466712,1108.5623966665637,42.969018781063596,42.969018781063596,石川県、輪島市、鳳至町稲荷西二,0,0,0,8.4,multi
C:\Users\admin\Documents\GitHub\SensingRisk\sitelens\data\noto_crops\all\bldg_000103.png,20230303-49281-13461-s-7795,survived,0,136.89509951068663,37.39481862792421,"MULTIPOLYGON (((136.895154167 37.394909139, 136.895135306 37.394758278, 136.895041194 37.394765778, 136.895053306 37.394862417, 136.895126111 37.394856611, 136.895133056 37.394912083, 136.895154167 37.394909139)))",220.745484437029,1095.4517946456097,54.134072176323116,54.134072176323116,石川県、輪島市、鳳至町稲荷西二,0,0,0,8.4,multi
C:\Users\admin\Documents\GitHub\SensingRisk\sitelens\data\noto_crops\all\bldg_000104.png,20230303-49281-13461-s-7794,survived,0,136.8952016570926,37.39483492519929,"MULTIPOLYGON (((136.895248639 37.394905417, 136.895225278 37.394757222, 136.895154694 37.394764278, 136.895178056 37.39491275, 136.895248639 37.394905417)))",239.82666142488446,1095.1942144724821,54.740508938400126,54.740508938400126,石川県、輪島市、鳳至町上町南,0,0,0,8.4,multi
C:\Users\admin\Documents\GitHub\SensingRisk\sitelens\data\noto_crops\all\bldg_000105.png,20230303-49281-13461-s-7809,survived,0,136.8946179654458,37.394830306799065,"MULTIPOLYGON (((136.894564 37.394801639, 136.894567139 37.394862444, 136.894671944 37.394858972, 136.894668778 37.394798167, 136.894564 37.394801639)))",143.29670970175002,1108.5710539668694,30.183330064349718,30.183330064349718,石川県、輪島市、鳳至町稲荷西二,0,0,0,8.4,multi
C:\Users\admin\Documents\GitHub\SensingRisk\sitelens\data\noto_crops\all\bldg_000106.png,20230303-49281-13461-s-7808,survived,0,136.89452135164842,37.39484316961987,"MULTIPOLYGON (((136.894488167 37.394802111, 136.894494583 37.394887361, 136.894555111 37.3948845, 136.894547194 37.394798056, 136.894488167 37.394802111)))",124.71445711902354,1105.036287762831,31.43228969206598,31.43228969206598,石川県、輪島市、鳳至町稲荷西二,0,0,0,8.4,multi
C:\Users\admin\Documents\GitHub\SensingRisk\sitelens\data\noto_crops\all\bldg_000108.png,20230303-49281-13461-s-7813,survived,0,136.89427712220098,37.39486045190429,"MULTIPOLYGON (((136.8942035 37.394810389, 136.894211306 37.394932583, 136.894274056 37.394931556, 136.894272944 37.394890667, 136.894366833 37.394887056, 136.894361139 37.394809556, 136.8942035 37.394810389)))",72.33390808533767,1090.0826764361093,48.03004974992132,48.03004974992132,石川県、輪島市、堀町,0,0,0,8.4,multi
C:\Users\admin\Documents\GitHub\SensingRisk\sitelens\data\noto_crops\all\bldg_000109.png,20230303-49281-13461-s-7816,survived,0,136.895733660689,37.39485754180438,"MULTIPOLYGON (((136.89570925 37.39490325, 136.895805778 37.394867694, 136.895783306 37.394828861, 136.895742583 37.394843861, 136.895724889 37.394813278, 136.895669194 37.394833778, 136.89570925 37.39490325)))",347.9850829548306,1098.0066045520216,38.19165451261733,38.19165451261733,石川県、輪島市、鳳至町上町南（小学校前）,0,0,0,8.4,multi
C:\Users\admin\Documents\GitHub\SensingRisk\sitelens\data\noto_crops\all\bldg_000110.png,20230303-49281-13461-s-7815,survived,0,136.89409375437344,37.39487547164697,"MULTIPOLYGON (((136.894028278 37.394926806, 136.894188889 37.394925972, 136.894190056 37.394812139, 136.894125806 37.394811389, 136.894126667 37.394837611, 136.893977611 37.3948375, 136.893979778 37.394908806, 136.894026861 37.394908333, 136.894028278 37.394926806)))",29.115777752134537,1084.858455002353,59.40392755402459,59.40392755402459,石川県、輪島市、堀町,0,0,0,8.4,multi
C:\Users\admin\Documents\GitHub\SensingRisk\sitelens\data\noto_crops\all\bldg_000111.png,20230303-49281-13461-s-7832,survived,0,136.89500365675144,37.39490784118935,"MULTIPOLYGON (((136.895043861 37.394874111, 136.894955444 37.394880972, 136.894962806 37.394941472, 136.895052472 37.394934528, 136.895043861 37.394874111)))",216.74670816294278,1091.8864415767994,27.189344140584126,27.189344140584126,石川県、輪島市、鳳至町稲荷西二,0,0,0,8.4,multi
C:\Users\admin\Documents\GitHub\SensingRisk\sitelens\data\noto_crops\all\bldg_000112.png,20230303-49281-13461-s-7833,survived,0,136.8948859012446,37.39494307494705,"MULTIPOLYGON (((136.894930667 37.395004722, 136.894917861 37.394875583, 136.89484125 37.394880389, 136.894854222 37.395011556, 136.894930667 37.395004722)))",184.41576851277276,1073.1571190595957,47.85782124064917,47.85782124064917,石川県、輪島市、鳳至町稲荷西二,0,0,0,8.4,multi
C:\Users\admin\Documents\GitHub\SensingRisk\sitelens\data\noto_crops\all\bldg_000113.png,20230303-49281-13461-s-7843,survived,0,136.89573201474116,37.394943535663366,"MULTIPOLYGON (((136.895762806 37.394970722, 136.895733611 37.394906917, 136.89570325 37.394913972, 136.895726917 37.394978972, 136.895762806 37.394970722)))",353.5694374049098,1084.55224064954,25.36088274497638,25.36088274497638,石川県、輪島市、鳳至町上町南（小学校前）,0,0,0,8.4,multi
C:\Users\admin\Documents\GitHub\SensingRisk\sitelens\data\noto_crops\all\bldg_000114.png,20230303-49281-13461-s-8956,survived,0,136.89524037629803,37.39547229859693,"MULTIPOLYGON (((136.895446083 37.395169083, 136.895399417 37.395063472, 136.895575306 37.395013972, 136.895530667 37.394912972, 136.894881278 37.395095722, 136.894926306 37.395197611, 136.89529325 37.395094361, 136.895340222 37.395200556, 136.894958417 37.395307972, 136.894986556 37.395371611, 136.894959139 37.395379306, 136.895093083 37.395682278, 136.894996944 37.395709333, 136.894971444 37.395651639, 136.894530944 37.395784472, 136.894634778 37.395990944, 136.895070806 37.395861417, 136.895051917 37.395820944, 136.895855361 37.39558225, 136.895809361 37.395483639, 136.895735111 37.395505694, 136.895613222 37.395231444, 136.89567825 37.395216111, 136.895628583 37.395114667, 136.895446083 37.395169083)))",61.44855509307561,773.6346111289458,408.3224723344397,408.3224723344397,石川県、輪島市、鳳至町上町南,0,0,0,8.4,multi
C:\Users\admin\Documents\GitHub\SensingRisk\sitelens\data\noto_crops\all\bldg_000115.png,20230303-49281-13461-s-7881,survived,0,136.89457928319675,37.395183893386175,"MULTIPOLYGON (((136.894671944 37.395217361, 136.894569222 37.395114028, 136.894489861 37.395161528, 136.894560556 37.395235583, 136.894584528 37.395220139, 136.894619556 37.395247056, 136.894671944 37.395217361)))",125.18986559172498,1015.1936609381854,52.576506985690344,52.576506985690344,石川県、輪島市、堀町,0,0,0,8.4,multi
C:\Users\admin\Documents\GitHub\SensingRisk\sitelens\data\noto_crops\all\bldg_000116.png,20230303-49281-13461-s-7897,survived,0,136.89442572220565,37.395302877400646,"MULTIPOLYGON (((136.894402417 37.395377694, 136.894514028 37.39529925, 136.894434417 37.395227167, 136.8943705 37.395272083, 136.894389611 37.395289417, 136.894342722 37.395322361, 136.894402417 37.395377694)))",95.33585222837422,985.1724600814287,55.41816007805346,55.41816007805346,石川県、輪島市、堀町,0,0,0,8.4,multi
C:\Users\admin\Documents\GitHub\SensingRisk\sitelens\data\noto_crops\all\bldg_000117.png,20230303-49281-13461-s-7931,survived,0,136.89426069227733,37.395403829706744,"MULTIPOLYGON (((136.894267639 37.395465, 136.894335028 37.39541925, 136.894253472 37.395342722, 136.894186472 37.395388194, 136.894267639 37.395465)))",68.73704933555524,966.0211894459036,46.12063626253075,46.12063626253075,石川県、輪島市、堀町,0,0,0,8.4,multi
C:\Users\admin\Documents\GitHub\SensingRisk\sitelens\data\noto_crops\all\bldg_000119.png,20230303-49281-13461-s-7938,survived,0,136.89475672052689,37.39541564136518,"MULTIPOLYGON (((136.894811 37.395415528, 136.894759194 37.395371639, 136.894701861 37.395414722, 136.894755472 37.395460167, 136.894811 37.395415528)))",167.41044309168987,969.4674608121987,33.57693353699449,33.57693353699449,石川県、輪島市、堀町,0,0,0,8.4,multi
C:\Users\admin\Documents\GitHub\SensingRisk\sitelens\data\noto_crops\all\bldg_000120.png,20230303-49281-13461-s-7945,survived,0,136.89419624265443,37.39548461391648,"MULTIPOLYGON (((136.894188639 37.395413556, 136.894113722 37.395468222, 136.894224694 37.395560861, 136.894251694 37.395537667, 136.894237528 37.395525111, 136.89427125 37.395496583, 136.894216194 37.395450167, 136.894226611 37.395442833, 136.894188639 37.395413556)))",52.54919696372274,943.0016993257622,53.04567715880228,53.04567715880228,石川県、輪島市、堀町,0,0,0,8.4,multi
C:\Users\admin\Documents\GitHub\SensingRisk\sitelens\data\noto_crops\all\bldg_000121.png,20230303-49281-13461-s-7951,survived,0,136.89456289828482,37.39553266956906,"MULTIPOLYGON (((136.894521 37.395639028, 136.894559944 37.395615861, 136.894537639 37.395588389, 136.894689722 37.395492056, 136.894632306 37.395436028, 136.894442861 37.395559556, 136.894521 37.395639028)))",110.45699350303974,919.4199441285419,76.59487553702661,76.59487553702661,石川県、輪島市、堀町,0,0,0,8.4,multi
C:\Users\admin\Documents\GitHub\SensingRisk\sitelens\data\noto_crops\all\bldg_000122.png,20230303-49281-13461-s-7953,survived,0,136.8946987949748,37.395473430826534,"MULTIPOLYGON (((136.89473525 37.395478583, 136.894689806 37.395444389, 136.894662083 37.395462917, 136.894706028 37.39550475, 136.89473525 37.395478583)))",162.05720945492843,961.1164898705433,22.747420697170014,22.747420697170014,石川県、輪島市、堀町,0,0,0,8.4,multi
C:\Users\admin\Documents\GitHub\SensingRisk\sitelens\data\noto_crops\all\bldg_000123.png,20230303-49281-13461-s-7976,survived,0,136.89430289565786,37.39556813919801,"MULTIPOLYGON (((136.894246389 37.395557333, 136.894304361 37.395615361, 136.894361361 37.395578444, 136.894297417 37.395520611, 136.894246389 37.395557333)))",81.97583742588964,932.7099899560328,35.72122541168915,35.72122541168915,石川県、輪島市、堀町,0,0,0,8.4,multi
C:\Users\admin\Documents\GitHub\SensingRisk\sitelens\data\noto_crops\all\bldg_000125.png,20230303-49281-13461-s-7997,survived,0,136.8944110955244,37.39567578113993,"MULTIPOLYGON (((136.89440975 37.395623861, 136.894334333 37.395675528, 136.894395917 37.395731111, 136.894497972 37.395662417, 136.894473083 37.395640472, 136.894444806 37.395659722, 136.89440975 37.395623861)))",97.88810271686978,901.9987219954128,45.756780820422705,45.756780820422705,石川県、輪島市、堀町,0,0,0,8.4,multi
C:\Users\admin\Documents\GitHub\SensingRisk\sitelens\data\noto_crops\all\bldg_000127.png,20230303-49281-13461-s-8957,survived,0,136.8942090772566,37.396175212042614,"MULTIPOLYGON (((136.894150444 37.396261028, 136.894254222 37.396281528, 136.894261056 37.396259528, 136.89438625 37.396284278, 136.894430889 37.3961405, 136.894105167 37.396076139, 136.894101083 37.39608925, 136.894007472 37.39607075, 136.893977 37.396168889, 136.894012417 37.396175889, 136.894008111 37.396189806, 136.894039167 37.396195917, 136.894034972 37.396209389, 136.894159056 37.396233917, 136.894150444 37.396261028)))",17.74977315266927,744.0903874551731,126.9165632194943,126.9165632194943,石川県、輪島市、堀町,0,0,0,8.4,multi
C:\Users\admin\Documents\GitHub\SensingRisk\sitelens\data\noto_crops\all\bldg_000128.png,20230303-49281-13461-s-8114,survived,0,136.89467387503265,37.39633431937018,"MULTIPOLYGON (((136.894730417 37.396398194, 136.894661444 37.39625675, 136.894617333 37.396270444, 136.894686306 37.396411889, 136.894730417 37.396398194)))",141.5076520905282,743.4534418974002,54.60359431133281,54.60359431133281,石川県、輪島市、鳳至町上町南,0,0,0,8.4,multi
C:\Users\admin\Documents\GitHub\SensingRisk\sitelens\data\noto_crops\all\bldg_000130.png,20230303-49281-13461-s-7814,survived,0,136.89443125515595,37.394848676334966,"MULTIPOLYGON (((136.894467028 37.394885333, 136.894462806 37.394809639, 136.8943955 37.394812, 136.894399694 37.394887722, 136.894467028 37.394885333)))",109.84221514993843,1105.6098744026635,27.482531502499796,27.482531502499796,石川県、輪島市、鳳至町稲荷西二,0,0,0,8.4,multi
C:\Users\admin\Documents\GitHub\SensingRisk\sitelens\data\noto_crops\all\bldg_000131.png,20230303-49281-13461-s-7854,destroyed,1,136.89471325666486,37.39502875911989,"MULTIPOLYGON (((136.894653 37.395083806, 136.894704583 37.395079167, 136.894701667 37.395058694, 136.89477 37.395052556, 136.894758694 37.394972667, 136.894691361 37.394978722, 136.894697806 37.39502425, 136.894656306 37.395028, 136.894661222 37.395062694, 136.894641528 37.395064472, 136.894642611 37.395072194, 136.894653 37.395083806)))",154.17866616587057,1056.6441240507618,41.15064706656244,41.15064706656244,石川県、輪島市、鳳至町稲荷西二,0,0,0,8.4,multi
C:\Users\admin\Documents\GitHub\SensingRisk\sitelens\data\noto_crops\all\bldg_000132.png,20230303-49281-13461-s-7959,survived,0,136.8938498671094,37.395501252699276,"MULTIPOLYGON (((136.893799694 37.395537222, 136.893901306 37.395535667, 136.893899667 37.395467, 136.893800722 37.3954645, 136.893799694 37.395537222)))",0.8286881658971024,951.8285277866113,28.98507273457983,28.98507273457983,石川県、輪島市、堀町,0,0,0,8.4,single
C:\Users\admin\Documents\GitHub\SensingRisk\sitelens\data\noto_crops\all\bldg_000133.png,20230303-49281-13461-s-7830,survived,0,136.89459691749136,37.39494257282159,"MULTIPOLYGON (((136.894574083 37.395010306, 136.894656694 37.394888917, 136.894623889 37.39487275, 136.894536278 37.394993944, 136.894574083 37.395010306)))",130.17560262334263,1073.3575634794424,48.41498281852569,48.41498281852569,石川県、輪島市、鳳至町稲荷西二,0,0,0,8.4,multi
C:\Users\admin\Documents\GitHub\SensingRisk\sitelens\data\noto_crops\all\bldg_000134.png,20230303-49281-13461-s-7926,survived,0,136.89470843177074,37.395360993089476,"MULTIPOLYGON (((136.894688472 37.395396222, 136.894756583 37.395358833, 136.894728167 37.395325833, 136.894660444 37.395363028, 136.894688472 37.395396222)))",161.36876052042794,985.2343473686794,27.795546259728667,27.795546259728667,石川県、輪島市、堀町,0,0,0,8.4,multi
C:\Users\admin\Documents\GitHub\SensingRisk\sitelens\data\noto_crops\all\bldg_000135.png,20230303-49281-13461-s-7799,survived,0,136.89498577642743,37.39480122526172,"MULTIPOLYGON (((136.894957222 37.394832389, 136.895025972 37.394827167, 136.895014111 37.394769667, 136.894945472 37.394775722, 136.894957222 37.394832389)))",214.86107550336962,1118.4516333497197,24.161735881552886,24.161735881552886,石川県、輪島市、鳳至町稲荷西二,0,0,0,8.4,multi
C:\Users\admin\Documents\GitHub\SensingRisk\sitelens\data\noto_crops\all\bldg_000136.png,20230303-49281-13461-s-7906,survived,0,136.89465444316613,37.39529146866969,"MULTIPOLYGON (((136.894644944 37.395331194, 136.894705444 37.395299583, 136.894665861 37.395251333, 136.894602222 37.395284556, 136.894644944 37.395331194)))",149.64880832666944,1000.0772655098148,30.849082658659313,30.849082658659313,石川県、輪島市、堀町,0,0,0,8.4,multi
C:\Users\admin\Documents\GitHub\SensingRisk\sitelens\data\noto_crops\all\bldg_000137.png,20230303-49281-13461-s-7840,survived,0,136.8943331624472,37.39491772666824,"MULTIPOLYGON (((136.894297306 37.394904167, 136.894295056 37.394931, 136.894371917 37.394929389, 136.894372 37.394906139, 136.894297306 37.394904167)))",94.60661908255683,1092.4259311835006,21.515101793077264,21.515101793077264,石川県、輪島市、堀町,0,0,0,8.4,multi
C:\Users\admin\Documents\GitHub\SensingRisk\sitelens\data\noto_crops\all\bldg_000138.png,20230303-49281-13461-s-8163,survived,0,136.89617241056743,37.3965443103151,"MULTIPOLYGON (((136.896069222 37.396604583, 136.896300278 37.396546722, 136.896275583 37.396484028, 136.896044528 37.396541917, 136.896069222 37.396604583)))",412.3988736258613,685.7268956741658,71.51288319693668,71.51288319693668,石川県、輪島市、鳳至町寺山岸，堂金田,0,0,0,8.4,multi
C:\Users\admin\Documents\GitHub\SensingRisk\sitelens\data\noto_crops\all\bldg_000139.png,20230303-49281-13461-s-8179,survived,0,136.89422224332858,37.396554641203664,"MULTIPOLYGON (((136.894198583 37.396580639, 136.894250167 37.39657775, 136.894245889 37.396528639, 136.894194333 37.396531528, 136.894198583 37.396580639)))",75.24443513960634,709.6826339676755,18.752024298025617,18.752024298025617,石川県、輪島市、夕陽ケ丘,0,0,0,8.4,single
C:\Users\admin\Documents\GitHub\SensingRisk\sitelens\data\noto_crops\all\bldg_000140.png,manual,survived,0,136.89652617520204,37.39660008166058,"MULTIPOLYGON (((136.89648370630383 37.39664848885602, 136.8965952511788 37.39661822619219, 136.89656713608304 37.396553151554095, 136.89645985761246 37.39657890813075, 136.89648370630383 37.39664848885602)))",495.2328695797829,689.0950508592713,38.25492855762616,38.25492855762616,石川県、輪島市、鳳至町住吉区，末広北,0,0,0,8.4,multi
C:\Users\admin\Documents\GitHub\SensingRisk\sitelens\data\noto_crops\all\bldg_000141.png,20230303-49281-13461-s-8185,destroyed,1,136.89621930073724,37.39661761487145,"MULTIPOLYGON (((136.896110778 37.396682778, 136.896297722 37.396628361, 136.896291556 37.396614861, 136.896345361 37.396599222, 136.896324611 37.396553861, 136.896143917 37.396603583, 136.896152083 37.396622417, 136.896092083 37.396638944, 136.896110778 37.396682778)))",421.3789716985491,668.7055840642632,70.82166189087758,70.82166189087758,石川県、輪島市、鳳至町寺山岸，堂金田,0,0,0,8.4,multi
C:\Users\admin\Documents\GitHub\SensingRisk\sitelens\data\noto_crops\all\bldg_000142.png,20230303-49281-13461-s-8218,survived,0,136.89621873599998,37.3966995695,"MULTIPOLYGON (((136.896164389 37.396730583, 136.896285528 37.396698083, 136.896273083 37.396668556, 136.896151944 37.396701056, 136.896164389 37.396730583)))",438.11601558261447,666.3752137462923,37.352793698840685,37.352793698840685,石川県、輪島市、鳳至町寺山岸，堂金田,0,0,0,8.4,multi
C:\Users\admin\Documents\GitHub\SensingRisk\sitelens\data\noto_crops\all\bldg_000143.png,20230303-49281-13461-s-8224,destroyed,1,136.89663049739423,37.39676147356308,"MULTIPOLYGON (((136.896535028 37.396754056, 136.896575694 37.3968245, 136.896662444 37.396797889, 136.896646944 37.396761611, 136.896674444 37.396753556, 136.896686417 37.396778861, 136.896732806 37.396764056, 136.896696 37.396700806, 136.896535028 37.396754056)))",506.53639183574256,642.5980932536006,55.30273710356818,55.30273710356818,石川県、輪島市、鳳至町住吉区，末広北,0,0,0,8.4,multi
C:\Users\admin\Documents\GitHub\SensingRisk\sitelens\data\noto_crops\all\bldg_000144.png,20230303-49281-13461-s-8227,survived,0,136.89606158490767,37.39676118588686,"MULTIPOLYGON (((136.89610225 37.396782, 136.896074806 37.396724111, 136.896020917 37.396740389, 136.896048361 37.39679825, 136.89610225 37.396782)))",414.0278667990416,657.1257783930149,26.938392658223847,26.938392658223847,石川県、輪島市、鳳至町寺山岸，堂金田,0,0,0,8.4,multi
C:\Users\admin\Documents\GitHub\SensingRisk\sitelens\data\noto_crops\all\bldg_000145.png,manual,survived,0,136.89564872154938,37.39684332154739,"MULTIPOLYGON (((136.89565357189156 37.39672273866163, 136.89577082926175 37.396910864745614, 136.89564422165475 37.39695803350676, 136.89559374039263 37.39692149416751, 136.8956211655313 37.39690911734628, 136.89552367672377 37.39678217676684, 136.89565357189156 37.39672273866163)))",308.1568271252436,609.9064483044284,84.20686277556649,84.20686277556649,石川県、輪島市、鳳至町上町南,0,0,0,8.4,multi
C:\Users\admin\Documents\GitHub\SensingRisk\sitelens\data\noto_crops\all\bldg_000146.png,20230303-49281-13461-s-8230,survived,0,136.89725779186617,37.39682009725496,"MULTIPOLYGON (((136.897223889 37.396901083, 136.897352528 37.396862028, 136.897291694 37.396739111, 136.897163056 37.396778167, 136.897223889 37.396901083)))",620.3690261805609,626.6531229687331,60.23492690896546,60.23492690896546,石川県、輪島市、鳳至町住吉区，末広北,0,0,0,8.4,multi
C:\Users\admin\Documents\GitHub\SensingRisk\sitelens\data\noto_crops\all\bldg_000147.png,20230303-49281-13461-s-8234,destroyed,1,136.89612279915755,37.3968386250361,"MULTIPOLYGON (((136.895902139 37.396944556, 136.896294806 37.396820278, 136.896267333 37.396751333, 136.896025861 37.396818472, 136.896047528 37.396868083, 136.895886528 37.396919472, 136.895902139 37.396944556)))",375.83721886210975,593.1549430740267,114.16280323134526,114.16280323134526,石川県、輪島市、鳳至町寺山岸，堂金田,0,0,0,8.4,multi
C:\Users\admin\Documents\GitHub\SensingRisk\sitelens\data\noto_crops\all\bldg_000148.png,20230303-49281-13461-s-8236,survived,0,136.8958943140664,37.396790653759155,"MULTIPOLYGON (((136.895859972 37.396824639, 136.895947472 37.396801, 136.895928639 37.396756667, 136.895841167 37.396780306, 136.895859972 37.396824639)))",381.45427737765846,648.8169206739216,29.72503245141769,29.72503245141769,石川県、輪島市、鳳至町寺山岸，堂金田,0,0,0,8.4,multi
C:\Users\admin\Documents\GitHub\SensingRisk\sitelens\data\noto_crops\all\bldg_000149.png,20230303-49281-13461-s-8238,survived,0,136.89684888266888,37.396830164629904,"MULTIPOLYGON (((136.896961167 37.396832528, 136.8969315 37.396766889, 136.896734056 37.396827833, 136.896771194 37.3968935, 136.896961167 37.396832528)))",542.2708832528856,622.6488520044347,63.504838376575094,63.504838376575094,石川県、輪島市、鳳至町住吉区，末広北,0,0,0,8.4,multi
C:\Users\admin\Documents\GitHub\SensingRisk\sitelens\data\noto_crops\all\bldg_000150.png,20230303-49281-13461-s-8361,survived,0,136.89598717190788,37.3974645679672,"MULTIPOLYGON (((136.896094833 37.397506611, 136.896030333 37.397375333, 136.8958795 37.397422528, 136.895944028 37.397553806, 136.896094833 37.397506611)))",380.05430670368037,471.9787222541375,67.14084433872125,67.14084433872125,石川県、輪島市、鳳至町寺山岸，堂金田,0,0,0,8.4,multi
C:\Users\admin\Documents\GitHub\SensingRisk\sitelens\data\noto_crops\all\bldg_000151.png,20230303-49281-13461-s-8945,survived,0,136.89557523614957,37.3975543549999,"MULTIPOLYGON (((136.895584972 37.39762075, 136.895600806 37.397655111, 136.895556111 37.39766825, 136.895593194 37.397748694, 136.895671528 37.397725722, 136.895681917 37.397748278, 136.895792667 37.397715778, 136.8957865 37.397702417, 136.895814139 37.397694333, 136.895802111 37.39766825, 136.895829194 37.397660306, 136.895806944 37.397611972, 136.895769944 37.397622833, 136.895761194 37.397603806, 136.89567175 37.397630056, 136.895650556 37.397584056, 136.895745028 37.397556333, 136.895719528 37.397501028, 136.895737056 37.397495889, 136.895699861 37.397415222, 136.895673472 37.397422972, 136.895649333 37.397370583, 136.895504167 37.397413167, 136.89549625 37.397396028, 136.895322833 37.397446889, 136.895425139 37.397668861, 136.895584972 37.39762075)))",262.91595314809155,409.177496686838,148.12860277622667,148.12860277622667,石川県、輪島市、鳳至町寺山岸，堂金田,0,0,0,8.4,multi
C:\Users\admin\Documents\GitHub\SensingRisk\sitelens\data\noto_crops\all\bldg_000153.png,20230303-49281-13461-s-8395,survived,0,136.8969801974207,37.39753763825344,"MULTIPOLYGON (((136.897034556 37.397500583, 136.897006194 37.397512694, 136.896999639 37.397502917, 136.896910917 37.397540778, 136.89693725 37.397580028, 136.897053389 37.397530472, 136.897034556 37.397500583)))",579.184626531601,467.85913631263406,39.83805863062537,39.83805863062537,石川県、輪島市、鳳至町上町,0,0,0,8.4,multi
C:\Users\admin\Documents\GitHub\SensingRisk\sitelens\data\noto_crops\all\bldg_000154.png,20230303-49281-13461-s-8396,destroyed,1,136.8967420208971,37.39760356958772,"MULTIPOLYGON (((136.896829833 37.3976835, 136.89674625 37.397501694, 136.896697028 37.397516083, 136.89669175 37.397504583, 136.896652417 37.397516083, 136.896742111 37.397711194, 136.896829833 37.3976835)))",517.3043813993879,435.3907815010166,73.73679738104045,73.73679738104045,石川県、輪島市、鳳至町寺山岸，堂金田,0,0,0,8.4,multi
C:\Users\admin\Documents\GitHub\SensingRisk\sitelens\data\noto_crops\all\bldg_000155.png,20230303-49281-13461-s-8444,survived,0,136.89569306078891,37.397822398800436,"MULTIPOLYGON (((136.895759889 37.397856167, 136.895716889 37.3977625, 136.895624167 37.397789694, 136.895672389 37.397882806, 136.895759889 37.397856167)))",336.53081988589645,399.4509854400126,44.15220987339791,44.15220987339791,石川県、輪島市、鳳至町寺山岸，堂金田,0,0,0,8.4,multi
C:\Users\admin\Documents\GitHub\SensingRisk\sitelens\data\noto_crops\all\bldg_000156.png,20230303-49281-13461-s-8173,destroyed,1,136.8965016436614,37.39654191667077,"MULTIPOLYGON (((136.896464556 37.396570917, 136.896553528 37.396543722, 136.89653875 37.396512917, 136.89644975 37.396540111, 136.896464556 37.396570917)))",495.020137945811,707.5345678417256,29.018432039684683,29.018432039684683,石川県、輪島市、鳳至町住吉区，末広北,0,0,0,8.4,multi
C:\Users\admin\Documents\GitHub\SensingRisk\sitelens\data\noto_crops\all\bldg_000157.png,20230303-49281-13461-s-8217,destroyed,1,136.89583802254364,37.39669922278716,"MULTIPOLYGON (((136.895799028 37.396738083, 136.8958985 37.3967115, 136.895877 37.396660361, 136.895777556 37.396686944, 136.895799028 37.396738083)))",368.91410068406003,668.2239525364083,33.818393521838686,33.818393521838686,石川県、輪島市、鳳至町寺山岸，堂金田,0,0,0,8.4,multi
C:\Users\admin\Documents\GitHub\SensingRisk\sitelens\data\noto_crops\all\bldg_000158.png,20230303-49281-13461-s-8249,survived,0,136.89590856815607,37.39685903123547,"MULTIPOLYGON (((136.895939917 37.396893472, 136.895930139 37.396873278, 136.895950333 37.396867028, 136.895925194 37.396815194, 136.895863694 37.396834194, 136.895899278 37.396907583, 136.895939917 37.396893472)))",382.4242508860965,630.8229183288594,32.51775166209427,32.51775166209427,石川県、輪島市、鳳至町寺山岸，堂金田,0,0,0,8.4,multi
C:\Users\admin\Documents\GitHub\SensingRisk\sitelens\data\noto_crops\all\bldg_000159.png,20230303-49281-13461-s-8208,survived,0,136.89603722733813,37.39667130263517,"MULTIPOLYGON (((136.896075611 37.396698833, 136.896046722 37.396630833, 136.895998833 37.396643778, 136.89602775 37.396711778, 136.896075611 37.396698833)))",408.7108218240222,677.4386528993996,28.489857102603196,28.489857102603196,石川県、輪島市、鳳至町寺山岸，堂金田,0,0,0,8.4,multi
C:\Users\admin\Documents\GitHub\SensingRisk\sitelens\data\noto_crops\all\bldg_000160.png,20230303-49281-13461-s-8383,survived,0,136.8962368754784,37.39751086634872,"MULTIPOLYGON (((136.896285139 37.397546056, 136.896242861 37.397458917, 136.896188611 37.397475694, 136.896230889 37.397562806, 136.896285139 37.397546056)))",441.8910889680535,476.4043379578956,36.56535629126421,36.56535629126421,石川県、輪島市、鳳至町寺山岸，堂金田,0,0,0,8.4,multi
C:\Users\admin\Documents\GitHub\SensingRisk\sitelens\data\noto_crops\all\bldg_000161.png,20230303-49281-13461-s-8212,survived,0,136.89594695434405,37.39667205043534,"MULTIPOLYGON (((136.895917194 37.396701417, 136.8959935 37.396678917, 136.895976722 37.396642694, 136.895900417 37.396665167, 136.895917194 37.396701417)))",393.1154677761926,678.4936519985225,26.027893283632068,26.027893283632068,石川県、輪島市、鳳至町寺山岸，堂金田,0,0,0,8.4,multi
C:\Users\admin\Documents\GitHub\SensingRisk\sitelens\data\noto_crops\all\bldg_000162.png,20230303-49281-13461-s-8382,survived,0,136.89727319981662,37.397500346282875,"MULTIPOLYGON (((136.897235056 37.397542444, 136.89733675 37.397511694, 136.897311361 37.39745825, 136.897209639 37.397489, 136.897235056 37.397542444)))",635.5863178835975,479.38277192197864,35.542811711629156,35.542811711629156,石川県、輪島市、鳳至町上町,0,0,0,8.4,multi
C:\Users\admin\Documents\GitHub\SensingRisk\sitelens\data\noto_crops\all\bldg_000163.png,20230303-49281-13461-s-8248,survived,0,136.8959864874542,37.3968382280044,"MULTIPOLYGON (((136.896021083 37.396858167, 136.895998861 37.396805639, 136.895951889 37.396818306, 136.895974111 37.396870806, 136.896021083 37.396858167)))",401.79337510795847,640.8130518247461,23.408998738432274,23.408998738432274,石川県、輪島市、鳳至町寺山岸，堂金田,0,0,0,8.4,multi
C:\Users\admin\Documents\GitHub\SensingRisk\sitelens\data\noto_crops\all\bldg_000164.png,20230303-49281-13461-s-8250,survived,0,136.89666874278072,37.39687185520227,"MULTIPOLYGON (((136.896631361 37.396925944, 136.896735333 37.396892222, 136.896719222 37.396860639, 136.896735028 37.396855528, 136.896715778 37.396817778, 136.896592778 37.396857694, 136.896631361 37.396925944)))",518.7533364218374,623.5718399484274,42.10529514910786,42.10529514910786,石川県、輪島市、鳳至町住吉区，末広北,0,0,0,8.4,multi
C:\Users\admin\Documents\GitHub\SensingRisk\sitelens\data\noto_crops\all\bldg_000165.png,20230303-49281-13461-s-8386,survived,0,136.89694589209935,37.39749270859925,"MULTIPOLYGON (((136.896988833 37.397501278, 136.896961889 37.397460778, 136.896905028 37.397484472, 136.896925806 37.397523861, 136.896988833 37.397501278)))",580.2206104174239,486.720684922226,24.634191062387742,24.634191062387742,石川県、輪島市、鳳至町上町,0,0,0,8.4,multi
C:\Users\admin\Documents\GitHub\SensingRisk\sitelens\data\noto_crops\all\bldg_000166.png,20230303-49281-13461-s-8198,survived,0,136.8958033245196,37.39663975514709,"MULTIPOLYGON (((136.895763417 37.396673028, 136.895860639 37.39664525, 136.895843222 37.396606472, 136.895746 37.396634278, 136.895763417 37.396673028)))",363.3254702197181,683.0601883213924,32.05538775126138,32.05538775126138,石川県、輪島市、鳳至町寺山岸，堂金田,0,0,0,8.4,multi
C:\Users\admin\Documents\GitHub\SensingRisk\sitelens\data\noto_crops\all\bldg_000170.png,20230303-49281-13461-s-8805,survived,0,136.89503147251784,37.39954556933217,"MULTIPOLYGON (((136.895035917 37.399586778, 136.895083139 37.399542194, 136.895027028 37.399504361, 136.894979806 37.399548944, 136.895035917 37.399586778)))",219.73952738476598,1.5245802833735274,31.46185480158589,31.46185480158589,石川県、輪島市、鳳至町日吉山,0,0,0,8.4,multi
C:\Users\admin\Documents\GitHub\SensingRisk\sitelens\data\noto_crops\all\bldg_000171.png,20230303-49281-13461-s-8729,survived,0,136.89505322990715,37.399299629360996,"MULTIPOLYGON (((136.895118806 37.399308528, 136.895079778 37.399282833, 136.895092583 37.399270472, 136.895047778 37.399241028, 136.894985167 37.399301583, 136.895067889 37.399356028, 136.895118806 37.399308528)))",217.96313720357432,53.89084647135958,42.662808692216586,42.662808692216586,石川県、輪島市、鳳至町日吉山,0,0,0,8.4,multi
C:\Users\admin\Documents\GitHub\SensingRisk\sitelens\data\noto_crops\all\bldg_000172.png,20230303-49281-13461-s-8746,survived,0,136.89511850955185,37.39935095729855,"MULTIPOLYGON (((136.895110667 37.399394028, 136.895170639 37.399338139, 136.895126333 37.399307889, 136.895066389 37.399363778, 136.895110667 37.399394028)))",235.47477491823776,46.69837036545364,32.44278298759572,32.44278298759572,石川県、輪島市、鳳至町日吉山,0,0,0,8.4,multi
C:\Users\admin\Documents\GitHub\SensingRisk\sitelens\data\noto_crops\all\bldg_000176.png,20230303-49281-13461-s-8777,survived,0,136.89564074514635,37.399460481104924,"MULTIPOLYGON (((136.895627778 37.399518278, 136.895662139 37.399494056, 136.895641333 37.399475306, 136.895669722 37.399455306, 136.8956955 37.399478583, 136.895713278 37.399466083, 136.895684333 37.399439972, 136.895693306 37.399433639, 136.895661667 37.399405083, 136.895574056 37.399466861, 136.895627778 37.399518278)))",328.1446386356529,15.49239457115032,42.894284747830426,42.894284747830426,石川県、輪島市、鳳至町石浦町,0,0,0,8.4,multi
C:\Users\admin\Documents\GitHub\SensingRisk\sitelens\data\noto_crops\all\bldg_000177.png,20230303-49281-13461-s-8714,survived,0,136.89568790064084,37.39922880871263,"MULTIPOLYGON (((136.895664722 37.3992825, 136.895756861 37.399214778, 136.895711056 37.399175111, 136.895618944 37.399242861, 136.895664722 37.3992825)))",337.14845682889234,70.89278038830231,41.378838107784375,41.378838107784375,石川県、輪島市、鳳至町石浦町,0,0,0,8.4,multi
C:\Users\admin\Documents\GitHub\SensingRisk\sitelens\data\noto_crops\all\bldg_000178.png,20230303-49281-13461-s-8673,survived,0,136.8944421952375,37.39909105012365,"MULTIPOLYGON (((136.894370917 37.399129139, 136.894524694 37.399167611, 136.894553944 37.39909325, 136.894493944 37.399078222, 136.894506028 37.3990475, 136.894367361 37.399012778, 136.894334 37.399097611, 136.89437925 37.399108944, 136.894370917 37.399129139)))",94.88500513350522,93.03898514156278,62.13483732841634,62.13483732841634,石川県、輪島市、鳳至町日吉山,0,0,0,8.4,single
C:\Users\admin\Documents\GitHub\SensingRisk\sitelens\data\noto_crops\all\bldg_000180.png,20230303-49281-13461-s-8796,survived,0,136.89483807439558,37.399530182113345,"MULTIPOLYGON (((136.894910917 37.399564111, 136.894884056 37.399545944, 136.894908167 37.39952325, 136.894818 37.39946225, 136.89475425 37.399522194, 136.894868278 37.399599361, 136.894910917 37.399564111)))",173.1185056379699,-4.556564376255495,50.55270467110546,50.55270467110546,石川県、輪島市、鳳至町日吉山,0,0,0,8.4,multi
C:\Users\admin\Documents\GitHub\SensingRisk\sitelens\data\noto_crops\all\bldg_000181.png,20230303-49281-13461-s-8456,survived,0,136.8956088584286,37.3978574361874,"MULTIPOLYGON (((136.895593917 37.397893361, 136.895650028 37.397870222, 136.895621056 37.397825472, 136.895571694 37.397836083, 136.895593917 37.397893361)))",330.91628889865024,400.3407545274986,25.120020938720813,25.120020938720813,石川県、輪島市、鳳至町寺山岸，堂金田,0,0,0,8.4,multi
C:\Users\admin\Documents\GitHub\SensingRisk\sitelens\data\noto_crops\all\bldg_000182.png,20230303-49281-13461-s-8465,survived,0,136.89543806850574,37.397911717136715,"MULTIPOLYGON (((136.8954765 37.39792575, 136.895446028 37.397878611, 136.895399639 37.397897667, 136.895430111 37.397944833, 136.8954765 37.39792575)))",298.98760181549744,388.3495791614997,24.55605469246268,24.55605469246268,石川県、輪島市、鳳至町寺山岸，堂金田,0,0,0,8.4,multi
C:\Users\admin\Documents\GitHub\SensingRisk\sitelens\data\noto_crops\all\bldg_000183.png,20230303-49281-13461-s-8480,survived,0,136.8954912225,37.397984875000006,"MULTIPOLYGON (((136.895531528 37.397997444, 136.895498806 37.397950889, 136.895450917 37.397972306, 136.895483639 37.398018861, 136.895531528 37.397997444)))",308.4707473803282,370.75939337393174,25.406638273519945,25.406638273519945,石川県、輪島市、鳳至町寺山岸，堂金田,0,0,0,8.4,multi
C:\Users\admin\Documents\GitHub\SensingRisk\sitelens\data\noto_crops\all\bldg_000186.png,20230303-49281-13461-s-8706,survived,0,136.89472268043534,37.399247596992275,"MULTIPOLYGON (((136.894628389 37.399270389, 136.894749944 37.399335028, 136.894764417 37.399317694, 136.894790528 37.399331583, 136.894811972 37.399305917, 136.894786028 37.399292139, 136.894800222 37.399275139, 136.894750278 37.399248583, 136.894792306 37.399194694, 136.894705556 37.399149556, 136.894658417 37.399206028, 136.894674361 37.399214528, 136.894628389 37.399270389)))",144.8015363516751,55.77779282086079,65.27976746380139,65.27976746380139,石川県、輪島市、鳳至町日吉山,0,0,0,8.4,single
C:\Users\admin\Documents\GitHub\SensingRisk\sitelens\data\noto_crops\all\bldg_000187.png,20230303-49281-13461-s-8720,survived,0,136.8948214465242,37.3992448561015,"MULTIPOLYGON (((136.894777667 37.399249861, 136.894836583 37.399278028, 136.894865222 37.399239833, 136.894806306 37.399211694, 136.894777667 37.399249861)))",183.39991041893552,74.89638931509003,25.836974905435426,25.836974905435426,石川県、輪島市、鳳至町日吉山,0,0,0,8.4,single
C:\Users\admin\Documents\GitHub\SensingRisk\sitelens\data\noto_crops\all\bldg_000189.png,20230303-49281-13461-s-8789,survived,0,136.89514196546884,37.39948211151027,"MULTIPOLYGON (((136.8951165 37.399524833, 136.895134639 37.399512306, 136.895142833 37.399519833, 136.895204611 37.399477194, 136.895158778 37.399434917, 136.895077861 37.39949075, 136.8951165 37.399524833)))",237.94746692894626,14.685924014775095,35.968774564026624,35.968774564026624,石川県、輪島市、鳳至町日吉山,0,0,0,8.4,multi
C:\Users\admin\Documents\GitHub\SensingRisk\sitelens\data\noto_crops\all\bldg_000190.png,20230303-49281-13461-s-8774,survived,0,136.89524023900591,37.39945497506581,"MULTIPOLYGON (((136.8953155 37.399474028, 136.895223917 37.399393333, 136.895164972 37.399435944, 136.895256583 37.399516611, 136.8953155 37.399474028)))",251.09347243944012,15.220325146511472,46.58663874521779,46.58663874521779,石川県、輪島市、鳳至町日吉山,0,0,0,8.4,multi
C:\Users\admin\Documents\GitHub\SensingRisk\sitelens\data\noto_crops\all\bldg_000191.png,20230303-49281-13461-s-8808,survived,0,136.89532035381413,37.399561721715635,"MULTIPOLYGON (((136.895338222 37.399599833, 136.895392944 37.399548111, 136.895361722 37.399527083, 136.895352944 37.399535417, 136.895319139 37.399512639, 136.895249194 37.399578778, 136.895293306 37.399608472, 136.895317083 37.399586, 136.895338222 37.399599833)))",269.3574484878116,-6.358570170440494,40.1954133351644,40.1954133351644,石川県、輪島市、鳳至町日吉山,0,0,0,8.4,multi
C:\Users\admin\Documents\GitHub\SensingRisk\sitelens\data\noto_crops\all\bldg_000192.png,20230303-49281-13461-s-8795,survived,0,136.8954615531135,37.39950029488449,"MULTIPOLYGON (((136.895510389 37.399464556, 136.895483333 37.399482639, 136.8954575 37.399458028, 136.895394278 37.399500306, 136.89544525 37.399548833, 136.895535861 37.399488222, 136.895510389 37.399464556)))",296.5040558497111,7.348422411221758,39.58947622511124,39.58947622511124,石川県、輪島市、鳳至町石浦町,0,0,0,8.4,multi
C:\Users\admin\Documents\GitHub\SensingRisk\sitelens\data\noto_crops\all\bldg_000193.png,20230303-49281-13461-s-8803,survived,0,136.89553728019501,37.3995346830393,"MULTIPOLYGON (((136.89556575 37.399484722, 136.895471417 37.399545306, 136.895513861 37.39958475, 136.895601472 37.399522361, 136.89556575 37.399484722)))",310.2394378569973,0.4329002514608987,38.72924092334131,38.72924092334131,石川県、輪島市、鳳至町石浦町,0,0,0,8.4,multi
C:\Users\admin\Documents\GitHub\SensingRisk\sitelens\data\noto_crops\all\bldg_000194.png,20230303-49281-13461-s-8759,survived,0,136.89556625557157,37.399370627746364,"MULTIPOLYGON (((136.895578167 37.39940675, 136.895600778 37.399345417, 136.895554361 37.3993345, 136.895531722 37.399395833, 136.895578167 37.39940675)))",322.4454482005724,45.59038259721939,25.429516038625366,25.429516038625366,石川県、輪島市、鳳至町石浦町,0,0,0,8.4,multi
C:\Users\admin\Documents\GitHub\SensingRisk\sitelens\data\noto_crops\all\bldg_000195.png,20230303-49281-13461-s-8733,survived,0,136.895723092668,37.39933555775996,"MULTIPOLYGON (((136.895693278 37.399421306, 136.89576075 37.399375528, 136.895766722 37.399381111, 136.895844194 37.399328556, 136.895796167 37.3992835, 136.895783972 37.399291778, 136.895755389 37.399264944, 136.895743611 37.399272917, 136.895726472 37.399256806, 136.895607389 37.399337611, 136.895693278 37.399421306)))",331.7102461379387,32.521957787168404,66.38130253388792,66.38130253388792,石川県、輪島市、鳳至町石浦町,0,0,0,8.4,multi
C:\Users\admin\Documents\GitHub\SensingRisk\sitelens\data\noto_crops\all\bldg_000197.png,20230303-49281-13461-s-8697,survived,0,136.8956627776587,37.39915423602452,"MULTIPOLYGON (((136.895652 37.3991875, 136.895705194 37.399148278, 136.895673556 37.399120972, 136.895620361 37.399160194, 136.895652 37.3991875)))",340.3726635882134,96.29789348026067,25.563145652968046,25.563145652968046,石川県、輪島市、鳳至町石浦町,0,0,0,8.4,multi
C:\Users\admin\Documents\GitHub\SensingRisk\sitelens\data\noto_crops\all\bldg_000198.png,20230303-49281-13461-s-8608,survived,0,136.89580997287524,37.39879178239499,"MULTIPOLYGON (((136.895902167 37.3988215, 136.895819611 37.398712833, 136.895717778 37.398762083, 136.895800333 37.398870722, 136.895902167 37.3988215)))",351.25310847952153,164.78782203973878,58.68052941042484,58.68052941042484,石川県、輪島市、鳳至町寺山岸，堂金田,0,0,0,8.4,multi
C:\Users\admin\Documents\GitHub\SensingRisk\sitelens\data\noto_crops\all\bldg_000199.png,20230303-49281-13461-s-8781,survived,0,136.8957892313818,37.399460027553374,"MULTIPOLYGON (((136.895780833 37.399508472, 136.8958505 37.399458556, 136.895797611 37.399411583, 136.895727972 37.3994615, 136.895780833 37.399508472)))",358.17300318087143,18.772596828073965,37.109612459507254,37.109612459507254,石川県、輪島市、鳳至町石浦町,0,0,0,8.4,multi
C:\Users\admin\Documents\GitHub\SensingRisk\sitelens\data\noto_crops\all\bldg_000200.png,20230303-49281-13461-s-8662,survived,0,136.89581467351988,37.39903446824823,"MULTIPOLYGON (((136.895789083 37.399090667, 136.895887861 37.399047361, 136.89584025 37.398978278, 136.8957415 37.399021556, 136.895789083 37.399090667)))",359.6996466262046,115.40986128538985,43.542722739861475,43.542722739861475,石川県、輪島市、鳳至町石浦町,0,0,0,8.4,multi
C:\Users\admin\Documents\GitHub\SensingRisk\sitelens\data\noto_crops\all\bldg_000201.png,20230303-49281-13461-s-8686,survived,0,136.8958767593091,37.399132264071504,"MULTIPOLYGON (((136.895859056 37.399184361, 136.895944417 37.399133306, 136.895894444 37.399080167, 136.895809111 37.399131222, 136.895859056 37.399184361)))",372.88279924863866,94.07364674249443,40.32282392831068,40.32282392831068,石川県、輪島市、鳳至町石浦町,0,0,0,8.4,multi
C:\Users\admin\Documents\GitHub\SensingRisk\sitelens\data\noto_crops\all\bldg_000202.png,20230303-49281-13461-s-8799,survived,0,136.89587838052526,37.39953369739396,"MULTIPOLYGON (((136.895798028 37.399513278, 136.895886611 37.399596333, 136.895955472 37.399549556, 136.895870778 37.399470167, 136.89584525 37.3994875, 136.895856972 37.3994985, 136.895842333 37.399508417, 136.895826028 37.399493139, 136.895798028 37.399513278)))",369.00375744234816,-3.891642658617709,48.075687959499646,48.075687959499646,石川県、輪島市、鳳至町石浦町,0,0,0,8.4,multi
C:\Users\admin\Documents\GitHub\SensingRisk\sitelens\data\noto_crops\all\bldg_000203.png,20230303-49281-13461-s-8587,survived,0,136.8959055255952,37.39866920794933,"MULTIPOLYGON (((136.89582075 37.398701889, 136.895857806 37.398684778, 136.895897472 37.398739472, 136.895933361 37.398722917, 136.895925389 37.398711944, 136.895998361 37.398678278, 136.895943222 37.39860225, 136.895798056 37.398669278, 136.89582075 37.398701889)))",369.03708699014453,194.49571857297013,56.00933752059939,56.00933752059939,石川県、輪島市、鳳至町寺山岸，堂金田,0,0,0,8.4,multi
C:\Users\admin\Documents\GitHub\SensingRisk\sitelens\data\noto_crops\all\bldg_000204.png,20230303-49281-13461-s-8757,survived,0,136.89590405566616,37.399366250001634,"MULTIPOLYGON (((136.895893306 37.399401444, 136.895949444 37.399365806, 136.895914806 37.399331056, 136.895858667 37.399366694, 136.895893306 37.399401444)))",384.5485996839235,45.748591142512446,27.16623173087907,27.16623173087907,石川県、輪島市、鳳至町石浦町,0,0,0,8.4,multi
C:\Users\admin\Documents\GitHub\SensingRisk\sitelens\data\noto_crops\all\bldg_000205.png,20230303-49281-13461-s-7433,survived,0,136.89557561825578,37.39342891592981,"MULTIPOLYGON (((136.895506056 37.393453194, 136.895645 37.393453528, 136.895645194 37.393404639, 136.895506222 37.393404306, 136.895506056 37.393453194)))",317.45493055449595,1433.0368647908767,38.90580466588335,38.90580466588335,石川県、輪島市、鳳至町畠田東,0,0,0,8.4,multi
C:\Users\admin\Documents\GitHub\SensingRisk\sitelens\data\noto_crops\all\bldg_000206.png,20230303-49281-13461-s-7410,survived,0,136.89554696008383,37.393355754444286,"MULTIPOLYGON (((136.895514722 37.393330417, 136.895513194 37.393380444, 136.895580278 37.393380056, 136.895580444 37.393331778, 136.895514722 37.393330417)))",321.7237959391189,1459.9187054639078,19.628418693348067,19.628418693348067,石川県、輪島市、鳳至町畠田東,0,0,0,8.4,multi
C:\Users\admin\Documents\GitHub\SensingRisk\sitelens\data\noto_crops\all\bldg_000207.png,20230303-49281-13461-s-7457,survived,0,136.89565277565086,37.393497686506485,"MULTIPOLYGON (((136.895604444 37.393520167, 136.895700028 37.393521583, 136.895701111 37.393475194, 136.8956055 37.393473806, 136.895604444 37.393520167)))",337.7750751495361,1422.8365306835576,27.03005231221522,27.03005231221522,石川県、輪島市、鳳至町畠田東,0,0,0,8.4,multi
C:\Users\admin\Documents\GitHub\SensingRisk\sitelens\data\noto_crops\all\bldg_000208.png,20230303-49281-13461-s-7419,survived,0,136.89565298993793,37.39337175665743,"MULTIPOLYGON (((136.895619833 37.393391472, 136.895687083 37.393390444, 136.895686139 37.393352028, 136.895618889 37.393353083, 136.895619833 37.393391472)))",341.79475628534954,1456.3694339508602,19.068424473868504,19.068424473868504,石川県、輪島市、鳳至町畠田東,0,0,0,8.4,multi
C:\Users\admin\Documents\GitHub\SensingRisk\sitelens\data\noto_crops\all\bldg_000209.png,20230303-49281-13461-s-7431,survived,0,136.89570711823714,37.393424460075096,"MULTIPOLYGON (((136.895670417 37.39345, 136.895743639 37.393450167, 136.895743806 37.393398917, 136.895670611 37.39339875, 136.895670417 37.39345)))",351.08128677666866,1443.1985200271617,20.674812482581956,20.674812482581956,石川県、輪島市、鳳至町畠田東,0,0,0,8.4,multi
C:\Users\admin\Documents\GitHub\SensingRisk\sitelens\data\noto_crops\all\bldg_000210.png,20230303-49281-13461-s-7359,survived,0,136.895753587482,37.39317893991444,"MULTIPOLYGON (((136.895722333 37.393142556, 136.895725056 37.393217667, 136.895783306 37.393216611, 136.895783333 37.393140111, 136.895722333 37.393142556)))",356.29327555559246,1497.50875099563,27.297045621696498,27.297045621696498,石川県、輪島市、鳳至町畠田東,0,0,0,8.4,multi
C:\Users\admin\Documents\GitHub\SensingRisk\sitelens\data\noto_crops\all\bldg_000211.png,20230303-49281-13461-s-7360,survived,0,136.8958313220244,37.39318235790969,"MULTIPOLYGON (((136.895801889 37.393142778, 136.895803139 37.393222417, 136.8958595 37.393221556, 136.895861278 37.393144056, 136.895801889 37.393142778)))",370.60686057116607,1496.2720024693228,28.030190007434612,28.030190007434612,石川県、輪島市、鳳至町畠田東,0,0,0,8.4,multi
C:\Users\admin\Documents\GitHub\SensingRisk\sitelens\data\noto_crops\all\bldg_000212.png,20230303-49281-13461-s-7452,destroyed,1,136.8960295405301,37.3935105485981,"MULTIPOLYGON (((136.896053278 37.393557222, 136.896054361 37.39346425, 136.896005806 37.393463861, 136.896004722 37.393556861, 136.896053278 37.393557222)))",405.0940702843187,1416.907157506709,32.85986224131102,32.85986224131102,石川県、輪島市、鳳至町畠田東,0,0,0,8.4,multi
C:\Users\admin\Documents\GitHub\SensingRisk\sitelens\data\noto_crops\all\bldg_000213.png,20230303-49281-13461-s-7486,survived,0,136.8960249489093,37.393604805100004,"MULTIPOLYGON (((136.896011944 37.393626028, 136.896041083 37.3936255, 136.8960345 37.393581944, 136.896012083 37.393581917, 136.896011944 37.393626028)))",413.19676356379694,1403.6513110054098,15.52555546102576,15.52555546102576,石川県、輪島市、鳳至町畠田東,0,0,0,8.4,multi
C:\Users\admin\Documents\GitHub\SensingRisk\sitelens\data\noto_crops\all\bldg_000214.png,20230303-49281-13461-s-7598,survived,0,136.89611677176927,37.394065993306924,"MULTIPOLYGON (((136.896052083 37.394095806, 136.896185083 37.394090139, 136.896181472 37.394036194, 136.896048472 37.394041833, 136.896052083 37.394095806)))",418.6863683329688,1283.9026229615858,38.1992042541504,38.1992042541504,石川県、輪島市、鳳至町稲荷東三，四,0,0,0,8.4,multi
C:\Users\admin\Documents\GitHub\SensingRisk\sitelens\data\noto_crops\all\bldg_000215.png,20230303-49281-13461-s-7624,survived,0,136.89616337763508,37.39415580492679,"MULTIPOLYGON (((136.896116083 37.394163889, 136.896156417 37.394165167, 136.896155056 37.394192556, 136.896197778 37.394193917, 136.896200972 37.394129806, 136.896116444 37.394127111, 136.896116083 37.394163889)))",432.7512612302879,1268.0076326992444,25.634946640376256,25.634946640376256,石川県、輪島市、鳳至町稲荷東三，四,0,0,0,8.4,multi
C:\Users\admin\Documents\GitHub\SensingRisk\sitelens\data\noto_crops\all\bldg_000216.png,20230303-49281-13461-s-7517,survived,0,136.896192089759,37.393773636293005,"MULTIPOLYGON (((136.896227722 37.3938065, 136.896222 37.393737333, 136.896156444 37.393740778, 136.896162194 37.393809944, 136.896227722 37.3938065)))",439.0456453064666,1358.8247350050833,25.556575630853104,25.556575630853104,石川県、輪島市、鳳至町稲荷東三，四,0,0,0,8.4,multi
C:\Users\admin\Documents\GitHub\SensingRisk\sitelens\data\noto_crops\all\bldg_000217.png,20230303-49281-13461-s-7643,destroyed,1,136.89620327636905,37.394269281837644,"MULTIPOLYGON (((136.896158528 37.394202139, 136.896170028 37.394339361, 136.896250694 37.394334667, 136.896233472 37.394197611, 136.896158528 37.394202139)))",429.21375827651934,1230.5445880960992,49.89112662484149,49.89112662484149,石川県、輪島市、鳳至町稲荷東三，四,0,0,0,8.4,multi
C:\Users\admin\Documents\GitHub\SensingRisk\sitelens\data\noto_crops\all\bldg_000218.png,20230303-49281-13461-s-7538,survived,0,136.89624271664272,37.393844585328935,"MULTIPOLYGON (((136.896181361 37.393875556, 136.896302389 37.393873444, 136.896303694 37.393813333, 136.896183083 37.393815944, 136.896181361 37.393875556)))",444.12407644059925,1337.8854446531182,34.206786086824195,34.206786086824195,石川県、輪島市、鳳至町稲荷東三，四,0,0,0,8.4,multi
C:\Users\admin\Documents\GitHub\SensingRisk\sitelens\data\noto_crops\all\bldg_000219.png,20230303-49281-13461-s-7609,survived,0,136.89630378496108,37.394106955064046,"MULTIPOLYGON (((136.896207472 37.394094972, 136.896211083 37.394134306, 136.896385917 37.394126972, 136.896384583 37.394076278, 136.896290528 37.394076694, 136.896290639 37.394094972, 136.896207472 37.394094972)))",446.37651089562314,1268.8341837543614,49.896838484870045,49.896838484870045,石川県、輪島市、鳳至町稲荷東三，四,0,0,0,8.4,multi
C:\Users\admin\Documents\GitHub\SensingRisk\sitelens\data\noto_crops\all\bldg_000220.png,20230303-49281-13461-s-7375,survived,0,136.89642161234588,37.39322289552462,"MULTIPOLYGON (((136.896368472 37.393182222, 136.896374806 37.39326625, 136.896474917 37.393264083, 136.89646775 37.393178833, 136.896368472 37.393182222)))",478.1265294265101,1484.414398054016,33.000179205070026,33.000179205070026,石川県、輪島市、鳳至町畠田南,0,0,0,8.4,multi
C:\Users\admin\Documents\GitHub\SensingRisk\sitelens\data\noto_crops\all\bldg_000221.png,20230303-49281-13461-s-7528,survived,0,136.89606910280355,37.39384733860976,"MULTIPOLYGON (((136.896152972 37.39388025, 136.896150278 37.393793222, 136.896069611 37.393795417, 136.8960635 37.393825222, 136.895966389 37.393830944, 136.895973639 37.393891778, 136.896152972 37.39388025)))",401.05612410439386,1329.3589083491102,52.172388225131556,52.172388225131556,石川県、輪島市、鳳至町稲荷東三，四,0,0,0,8.4,multi
C:\Users\admin\Documents\GitHub\SensingRisk\sitelens\data\noto_crops\all\bldg_000222.png,20230303-49281-13461-s-7524,survived,0,136.89577811581594,37.39381896080218,"MULTIPOLYGON (((136.895888722 37.393822417, 136.895881444 37.393769972, 136.895709556 37.393782694, 136.895714417 37.393818583, 136.895694778 37.393817333, 136.895689806 37.393879194, 136.895777944 37.393879389, 136.895773639 37.393832889, 136.895888722 37.393822417)))",348.9225565062629,1331.81586422125,55.62094496621029,55.62094496621029,石川県、輪島市、鳳至町稲荷東三，四,0,0,0,8.4,multi
C:\Users\admin\Documents\GitHub\SensingRisk\sitelens\data\noto_crops\all\bldg_000223.png,20230303-49281-13461-s-7584,survived,0,136.89614451230494,37.39399924354679,"MULTIPOLYGON (((136.896176028 37.394018139, 136.89616725 37.3939735, 136.896113 37.393980306, 136.896121806 37.394025028, 136.896176028 37.394018139)))",433.21378581006894,1308.918767160164,19.485286007730792,19.485286007730792,石川県、輪島市、鳳至町稲荷東三，四,0,0,0,8.4,multi
C:\Users\admin\Documents\GitHub\SensingRisk\sitelens\data\noto_crops\all\bldg_000224.png,20230303-49281-13461-s-7512,survived,0,136.89628130691565,37.39376424932255,"MULTIPOLYGON (((136.896231194 37.393732611, 136.89623975 37.393804389, 136.896333111 37.393794667, 136.896321611 37.393724472, 136.896231194 37.393732611)))",453.2595460281343,1358.4090636072951,30.709117661799837,30.709117661799837,石川県、輪島市、鳳至町稲荷東三，四,0,0,0,8.4,multi
C:\Users\admin\Documents\GitHub\SensingRisk\sitelens\data\noto_crops\all\bldg_000225.png,20230303-49281-13461-s-7592,survived,0,136.89629044949618,37.39404205920475,"MULTIPOLYGON (((136.896200861 37.394063361, 136.896373444 37.394059583, 136.896372028 37.39401775, 136.896296694 37.394019417, 136.896296889 37.394025306, 136.896202556 37.394027361, 136.896200861 37.394063361)))",445.4173201772902,1284.8437656596418,48.25770448048905,48.25770448048905,石川県、輪島市、鳳至町稲荷東三，四,0,0,0,8.4,multi
C:\Users\admin\Documents\GitHub\SensingRisk\sitelens\data\noto_crops\all\bldg_000226.png,20230303-49281-13461-s-7453,survived,0,136.89580738418704,37.39349902331722,"MULTIPOLYGON (((136.89575525 37.393540194, 136.895832944 37.393539778, 136.895832667 37.393505861, 136.895874194 37.393505611, 136.895873861 37.393465333, 136.895755472 37.393465972, 136.89575525 37.393540194)))",364.8491676595476,1418.532571192989,33.25915298991731,33.25915298991731,石川県、輪島市、鳳至町畠田東,0,0,0,8.4,multi
C:\Users\admin\Documents\GitHub\SensingRisk\sitelens\data\noto_crops\all\bldg_000227.png,20230303-49281-13461-s-7611,survived,0,136.89600936135676,37.394132755154935,"MULTIPOLYGON (((136.895975944 37.394076556, 136.895983083 37.394187861, 136.896042778 37.39418875, 136.896035722 37.394077889, 136.895975944 37.394076556)))",398.01786816484935,1267.6183000635697,39.48843076294247,39.48843076294247,石川県、輪島市、鳳至町稲荷東三，四,0,0,0,8.4,multi
C:\Users\admin\Documents\GitHub\SensingRisk\sitelens\data\noto_crops\all\bldg_000228.png,20230303-49281-13461-s-7550,survived,0,136.8958406431422,37.39386205096555,"MULTIPOLYGON (((136.895795444 37.39388825, 136.895886917 37.393884056, 136.895883444 37.393835528, 136.89579675 37.3938395, 136.895795444 37.39388825)))",373.6221137099796,1338.1067425290578,25.57770465744869,25.57770465744869,石川県、輪島市、鳳至町稲荷東三，四,0,0,0,8.4,multi
C:\Users\admin\Documents\GitHub\SensingRisk\sitelens\data\noto_crops\all\bldg_000229.png,20230303-49281-13461-s-7411,survived,0,136.89620753927647,37.39335576484338,"MULTIPOLYGON (((136.896097072256 37.39331270005324, 136.896093528 37.393372889, 136.896210083 37.393370167, 136.896215889 37.393428583, 136.896280361 37.393428722, 136.896280333 37.393362583, 136.896294528 37.393360222, 136.89629876725598 37.39331139505324, 136.896097072256 37.39331270005324)))",423.8871069484287,1437.6060120909065,57.38905549579198,57.38905549579198,石川県、輪島市、鳳至町畠田東,0,0,0,8.4,multi
C:\Users\admin\Documents\GitHub\SensingRisk\sitelens\data\noto_crops\all\bldg_000230.png,20230303-49281-13461-s-7685,survived,0,136.89609356873652,37.39445999467383,"MULTIPOLYGON (((136.896123667 37.394547167, 136.896164444 37.394426861, 136.896130861 37.394419611, 136.896137222 37.394400833, 136.896047722 37.394381528, 136.896023917 37.394451806, 136.896055889 37.394458694, 136.896038972 37.394508611, 136.896075944 37.394516583, 136.89606875 37.394537806, 136.896123667 37.394547167)))",404.4239676892277,1180.3828585678643,58.299233321444945,58.299233321444945,石川県、輪島市、鳳至町稲荷東三，四,0,0,0,8.4,multi
C:\Users\admin\Documents\GitHub\SensingRisk\sitelens\data\noto_crops\all\bldg_000231.png,20230303-49281-13461-s-7482,survived,0,136.89557121811953,37.39362874364356,"MULTIPOLYGON (((136.895469 37.393575889, 136.895467222 37.393658139, 136.895489639 37.393657611, 136.895487278 37.393670667, 136.895617806 37.393668444, 136.895616639 37.393653722, 136.895719 37.393651583, 136.895719139 37.393611639, 136.895557028 37.393609472, 136.895556417 37.393577889, 136.895469 37.393575889)))",304.95986592504715,1371.663624526981,70.44109871652392,70.44109871652392,石川県、輪島市、鳳至町畠田東,0,0,0,8.4,multi
C:\Users\admin\Documents\GitHub\SensingRisk\sitelens\data\noto_crops\all\bldg_000232.png,20230303-49281-13461-s-7399,survived,0,136.89640563535062,37.393354440226894,"MULTIPOLYGON (((136.896365 37.393290667, 136.896373472 37.39343075, 136.8964265 37.393430278, 136.896428139 37.393388556, 136.896447583 37.393386806, 136.8964455 37.393287222, 136.896365 37.393290667)))",466.4968309664072,1443.6401782201638,50.516921499701084,50.516921499701084,石川県、輪島市、鳳至町畠田南,0,0,0,8.4,multi
C:\Users\admin\Documents\GitHub\SensingRisk\sitelens\data\noto_crops\all\bldg_000233.png,20230303-49281-13461-s-7604,survived,0,136.89581345161488,37.39409087927606,"MULTIPOLYGON (((136.8957265 37.394061083, 136.895731278 37.394108917, 136.895776361 37.394109472, 136.895779278 37.394127944, 136.895887611 37.394126417, 136.895886361 37.394057278, 136.8957265 37.394061083)))",357.5246545791626,1274.2331699550607,45.04990078608199,45.04990078608199,石川県、輪島市、鳳至町稲荷東三，四,0,0,0,8.4,multi
C:\Users\admin\Documents\GitHub\SensingRisk\sitelens\data\noto_crops\all\bldg_000234.png,20230303-49281-13461-s-7637,survived,0,136.89587217098142,37.39422660337472,"MULTIPOLYGON (((136.895812389 37.394274056, 136.895881861 37.394274806, 136.895882028 37.394264694, 136.895937944 37.39426125, 136.895929194 37.394198639, 136.895901556 37.39419975, 136.895897167 37.394172917, 136.895813472 37.394181083, 136.895815611 37.394209694, 136.895835639 37.39420875, 136.895838083 37.39424125, 136.895810306 37.394242583, 136.895812389 37.394274056)))",373.11109297013525,1246.5198382968215,38.88234596776488,38.88234596776488,石川県、輪島市、鳳至町稲荷東三，四,0,0,0,8.4,multi
C:\Users\admin\Documents\GitHub\SensingRisk\sitelens\data\noto_crops\all\bldg_000235.png,20230303-49281-13461-s-8291,survived,0,136.8958617797502,37.39712466634158,"MULTIPOLYGON (((136.895865306 37.39719575, 136.895934194 37.397175306, 136.895875583 37.397058944, 136.895780583 37.397087917, 136.895806333 37.397136972, 136.89583325 37.397128444, 136.895865306 37.39719575)))",364.37105488587395,559.61499392922,50.12260268378975,50.12260268378975,石川県、輪島市、鳳至町寺山岸，堂金田,0,0,0,8.4,multi
C:\Users\admin\Documents\GitHub\SensingRisk\sitelens\data\noto_crops\all\bldg_000236.png,20230303-49281-13461-s-8323,survived,0,136.89592049840488,37.39728633658451,"MULTIPOLYGON (((136.895876722 37.397367083, 136.896025556 37.397320944, 136.895972167 37.39720875, 136.895880167 37.397238944, 136.895872 37.397225222, 136.895814389 37.397245361, 136.895876722 37.397367083)))",370.1356812288965,516.0364880179543,61.92635635854049,61.92635635854049,石川県、輪島市、鳳至町寺山岸，堂金田,0,0,0,8.4,multi
C:\Users\admin\Documents\GitHub\SensingRisk\sitelens\data\noto_crops\all\bldg_000237.png,20230303-49281-13461-s-8274,survived,0,136.8959705190213,37.3969605521311,"MULTIPOLYGON (((136.895937833 37.39698575, 136.896020861 37.396962722, 136.895998556 37.396934056, 136.895920417 37.396960806, 136.895937833 37.39698575)))",396.50069053437977,609.9228937477341,28.086178069644518,28.086178069644518,石川県、輪島市、鳳至町寺山岸，堂金田,0,0,0,8.4,multi
C:\Users\admin\Documents\GitHub\SensingRisk\sitelens\data\noto_crops\all\bldg_000238.png,20230303-49281-13461-s-8358,survived,0,136.89619904506065,37.39741080048101,"MULTIPOLYGON (((136.896178944 37.39746075, 136.896241028 37.397443028, 136.896235417 37.397430556, 136.896254556 37.397425111, 136.8962265 37.397362611, 136.896138861 37.397387667, 136.896178944 37.39746075)))",434.38556042454013,499.65858914637556,36.601256784968314,36.601256784968314,石川県、輪島市、鳳至町寺山岸，堂金田,0,0,0,8.4,multi
C:\Users\admin\Documents\GitHub\SensingRisk\sitelens\data\noto_crops\all\bldg_000239.png,20230303-49281-13461-s-8319,survived,0,136.89619810815003,37.3972483613933,"MULTIPOLYGON (((136.896244333 37.397284389, 136.896199583 37.39719775, 136.896152194 37.397213333, 136.896195972 37.397298083, 136.896244333 37.397284389)))",435.3191785521753,538.7285327880046,35.31376654821361,35.31376654821361,石川県、輪島市、鳳至町寺山岸，堂金田,0,0,0,8.4,multi
C:\Users\admin\Documents\GitHub\SensingRisk\sitelens\data\noto_crops\all\bldg_000240.png,20230303-49281-13461-s-8309,survived,0,136.89630557861273,37.39721536981319,"MULTIPOLYGON (((136.896258028 37.39727975, 136.896387417 37.397240111, 136.896368222 37.397200167, 136.896382139 37.397195889, 136.896360639 37.397151194, 136.896216833 37.397195278, 136.896258028 37.39727975)))",447.2482007480122,538.909267134838,50.17809592820731,50.17809592820731,石川県、輪島市、鳳至町寺山岸，堂金田,0,0,0,8.4,multi
C:\Users\admin\Documents\GitHub\SensingRisk\sitelens\data\noto_crops\all\bldg_000241.png,20230303-49281-13461-s-8354,survived,0,136.89628587431363,37.39739477094212,"MULTIPOLYGON (((136.896327833 37.397432306, 136.896287361 37.397343333, 136.896243583 37.397356, 136.896285083 37.397447306, 136.896327833 37.397432306)))",450.97943739759984,503.50076317712916,36.594921400784244,36.594921400784244,石川県、輪島市、鳳至町寺山岸，堂金田,0,0,0,8.4,multi
C:\Users\admin\Documents\GitHub\SensingRisk\sitelens\data\noto_crops\all\bldg_000242.png,20230303-49281-13461-s-8377,survived,0,136.89631266869492,37.397483769464806,"MULTIPOLYGON (((136.8963575 37.397503, 136.896332306 37.397446306, 136.896267833 37.397464556, 136.896293028 37.397521222, 136.8963575 37.397503)))",460.25309106875056,486.9960393595895,28.09847133751856,28.09847133751856,石川県、輪島市、鳳至町寺山岸，堂金田,0,0,0,8.4,multi
C:\Users\admin\Documents\GitHub\SensingRisk\sitelens\data\noto_crops\all\bldg_000243.png,20230303-49281-13461-s-8345,survived,0,136.89636170434545,37.39736776169954,"MULTIPOLYGON (((136.896405139 37.397395611, 136.89636975 37.397315861, 136.8963455 37.397322722, 136.896351917 37.397337167, 136.896318306 37.397346639, 136.896347972 37.397413472, 136.896405139 37.397395611)))",466.2691698765658,511.8129005792553,34.35571612730911,34.35571612730911,石川県、輪島市、鳳至町寺山岸，堂金田,0,0,0,8.4,multi
C:\Users\admin\Documents\GitHub\SensingRisk\sitelens\data\noto_crops\all\bldg_000244.png,20230303-49281-13461-s-8376,survived,0,136.8963988905348,37.39747942232094,"MULTIPOLYGON (((136.896441778 37.397498278, 136.896415833 37.397442778, 136.896356 37.397460583, 136.896381944 37.397516056, 136.896441778 37.397498278)))",476.74643564202825,488.43634133751914,27.257860115267704,27.257860115267704,石川県、輪島市、鳳至町寺山岸，堂金田,0,0,0,8.4,multi
C:\Users\admin\Documents\GitHub\SensingRisk\sitelens\data\noto_crops\all\bldg_000245.png,20230303-49281-13461-s-8298,destroyed,1,136.89649318763205,37.39716417340644,"MULTIPOLYGON (((136.896428556 37.397227694, 136.896591611 37.397179194, 136.896553306 37.397097222, 136.896461389 37.397124556, 136.896475194 37.397154083, 136.896436806 37.3971655, 136.896422722 37.397135333, 136.896385222 37.3971465, 136.896428556 37.397227694)))",478.20922770500187,547.5824450737006,57.71054721938236,57.71054721938236,石川県、輪島市、鳳至町寺山岸，堂金田,0,0,0,8.4,multi
C:\Users\admin\Documents\GitHub\SensingRisk\sitelens\data\noto_crops\all\bldg_000246.png,20230303-49281-13461-s-8342,survived,0,136.89652158358214,37.39733219915314,"MULTIPOLYGON (((136.896516972 37.397367944, 136.896564083 37.397355556, 136.896526194 37.397296444, 136.896479083 37.397308861, 136.896516972 37.397367944)))",499.8724914740258,523.2355341476423,26.74938711509435,26.74938711509435,石川県、輪島市、鳳至町寺山岸，堂金田,0,0,0,8.4,multi
C:\Users\admin\Documents\GitHub\SensingRisk\sitelens\data\noto_crops\all\bldg_000247.png,20230303-49281-13461-s-8363,survived,0,136.896559,37.3974249585,"MULTIPOLYGON (((136.896608556 37.397450417, 136.896573694 37.397379417, 136.896509444 37.3973995, 136.896544306 37.3974705, 136.896608556 37.397450417)))",503.72218843737596,498.34358693117804,33.00006187943575,33.00006187943575,石川県、輪島市、鳳至町寺山岸，堂金田,0,0,0,8.4,multi
C:\Users\admin\Documents\GitHub\SensingRisk\sitelens\data\noto_crops\all\bldg_000248.png,20230303-49281-13461-s-8333,survived,0,136.89661318614253,37.39730293740756,"MULTIPOLYGON (((136.896544139 37.39728875, 136.896573056 37.397348417, 136.8966815 37.397318278, 136.896653333 37.397256806, 136.896544139 37.39728875)))",511.0504416147868,524.3471166139641,38.40891945097178,38.40891945097178,石川県、輪島市、鳳至町寺山岸，堂金田,0,0,0,8.4,multi
C:\Users\admin\Documents\GitHub\SensingRisk\sitelens\data\noto_crops\all\bldg_000249.png,20230303-49281-13461-s-8352,destroyed,1,136.8966613567468,37.39740166195491,"MULTIPOLYGON (((136.896584972 37.397365139, 136.896636889 37.397467778, 136.896734861 37.397440583, 136.896689667 37.397335556, 136.896584972 37.397365139)))",514.7292566037365,496.0036608275884,48.610323735835664,48.610323735835664,石川県、輪島市、鳳至町寺山岸，堂金田,0,0,0,8.4,multi
C:\Users\admin\Documents\GitHub\SensingRisk\sitelens\data\noto_crops\all\bldg_000251.png,20230303-49281-13461-s-8295,survived,0,136.89673770560054,37.39712124114852,"MULTIPOLYGON (((136.896697889 37.397106389, 136.896721667 37.39715325, 136.896777917 37.39713525, 136.896753583 37.397089667, 136.896697889 37.397106389)))",541.4179616458407,573.9038008622713,24.308388221159703,24.308388221159703,石川県、輪島市、鳳至町住吉区，末広北,0,0,0,8.4,multi
C:\Users\admin\Documents\GitHub\SensingRisk\sitelens\data\noto_crops\all\bldg_000252.png,20230303-49281-13461-s-8281,destroyed,1,136.8967654290571,37.39701361794019,"MULTIPOLYGON (((136.896737778 37.397039444, 136.896806611 37.39701575, 136.896791639 37.396988083, 136.896725528 37.397010806, 136.896737778 37.397039444)))",547.4865468766955,599.9917282291333,22.672450076209202,22.672450076209202,石川県、輪島市、鳳至町住吉区，末広北,0,0,0,8.4,multi
C:\Users\admin\Documents\GitHub\SensingRisk\sitelens\data\noto_crops\all\bldg_000253.png,20230303-49281-13461-s-8284,survived,0,136.89679616724777,37.3970735169165,"MULTIPOLYGON (((136.896747167 37.397048639, 136.896789 37.397118361, 136.896845306 37.397098472, 136.896803056 37.397028528, 136.896747167 37.397048639)))",548.150006798382,581.0278783174607,32.59260301429288,32.59260301429288,石川県、輪島市、鳳至町住吉区，末広北,0,0,0,8.4,multi
C:\Users\admin\Documents\GitHub\SensingRisk\sitelens\data\noto_crops\all\bldg_000254.png,20230303-49281-13461-s-8314,survived,0,136.89680442079845,37.39722329269584,"MULTIPOLYGON (((136.896744694 37.397200389, 136.896775444 37.397271222, 136.896865556 37.397243583, 136.896832917 37.39717675, 136.896744694 37.397200389)))",547.9297346584306,543.8270480991133,36.34702028321442,36.34702028321442,石川県、輪島市、鳳至町上町,0,0,0,8.4,multi
C:\Users\admin\Documents\GitHub\SensingRisk\sitelens\data\noto_crops\all\bldg_000255.png,20230303-49281-13461-s-8337,destroyed,1,136.8968522444586,37.39733326409689,"MULTIPOLYGON (((136.896812778 37.397375778, 136.89691525 37.397342639, 136.896888722 37.397290417, 136.896808 37.397316528, 136.896810722 37.397321917, 136.896790306 37.3973285, 136.896812778 37.397375778)))",557.5179705513848,518.9297897850003,34.936874590979755,34.936874590979755,石川県、輪島市、鳳至町上町,0,0,0,8.4,multi
C:\Users\admin\Documents\GitHub\SensingRisk\sitelens\data\noto_crops\all\bldg_000256.png,20230303-49281-13461-s-8275,destroyed,1,136.89687338060187,37.396977074852,"MULTIPOLYGON (((136.896841722 37.397017028, 136.896933722 37.396985056, 136.896907333 37.39693675, 136.896811167 37.396970167, 136.896841722 37.397017028)))",561.518078274197,602.845893213823,34.268861775928144,34.268861775928144,石川県、輪島市、鳳至町住吉区，末広北,0,0,0,8.4,multi
C:\Users\admin\Documents\GitHub\SensingRisk\sitelens\data\noto_crops\all\bldg_000257.png,20230303-49281-13461-s-8283,survived,0,136.89686514723095,37.39705792774458,"MULTIPOLYGON (((136.896861583 37.397099333, 136.896907972 37.397079167, 136.896864528 37.397017333, 136.896824583 37.397031583, 136.896861583 37.397099333)))",562.9908265815286,586.3579283428322,29.02414091704145,29.02414091704145,石川県、輪島市、鳳至町住吉区，末広北,0,0,0,8.4,multi
C:\Users\admin\Documents\GitHub\SensingRisk\sitelens\data\noto_crops\all\bldg_000258.png,20230303-49281-13461-s-8362,destroyed,1,136.89688162398403,37.397421049120794,"MULTIPOLYGON (((136.896837667 37.397420556, 136.896859056 37.397463861, 136.896928139 37.397442667, 136.896897222 37.397375667, 136.896847444 37.397388583, 136.896859222 37.397414083, 136.896837667 37.397420556)))",564.9478573110491,500.4082172560532,31.30851511422992,31.30851511422992,石川県、輪島市、鳳至町上町,0,0,0,8.4,multi
C:\Users\admin\Documents\GitHub\SensingRisk\sitelens\data\noto_crops\all\bldg_000259.png,20230303-49281-13461-s-8308,survived,0,136.8969094769739,37.397185539485605,"MULTIPOLYGON (((136.896903944 37.397227889, 136.896954694 37.397208167, 136.896915028 37.397143194, 136.89686425 37.397162917, 136.896903944 37.397227889)))",570.3128296270928,555.7792139429669,30.484211629967945,30.484211629967945,石川県、輪島市、鳳至町上町,0,0,0,8.4,multi
C:\Users\admin\Documents\GitHub\SensingRisk\sitelens\data\noto_crops\all\bldg_000260.png,20230303-49281-13461-s-8280,survived,0,136.89693875582276,37.397038219158276,"MULTIPOLYGON (((136.896997611 37.397061361, 136.896955639 37.396987361, 136.896879833 37.39701475, 136.896922139 37.397089333, 136.896997611 37.397061361)))",572.1350167827351,586.6870748604356,37.74502772293965,37.74502772293965,石川県、輪島市、鳳至町住吉区，末広北,0,0,0,8.4,multi
C:\Users\admin\Documents\GitHub\SensingRisk\sitelens\data\noto_crops\all\bldg_000261.png,20230303-49281-13461-s-8357,destroyed,1,136.89694666884893,37.39738428287341,"MULTIPOLYGON (((136.896929194 37.397415389, 136.896981556 37.397396444, 136.896950444 37.397351083, 136.896924694 37.397360167, 136.896932194 37.397373722, 136.896919778 37.397378083, 136.896929194 37.397415389)))",581.9174894543039,513.3167910102807,22.633501159175125,22.633501159175125,石川県、輪島市、鳳至町上町,0,0,0,8.4,multi
C:\Users\admin\Documents\GitHub\SensingRisk\sitelens\data\noto_crops\all\bldg_000262.png,20230303-49281-13461-s-8326,survived,0,136.89612498616688,37.397271041356476,"MULTIPOLYGON (((136.896165111 37.397305639, 136.896125056 37.397223889, 136.896084861 37.397236444, 136.896124917 37.397318194, 136.896165111 37.397305639)))",422.72008686994536,534.3632205262849,33.19211778902297,33.19211778902297,石川県、輪島市、鳳至町寺山岸，堂金田,0,0,0,8.4,multi
C:\Users\admin\Documents\GitHub\SensingRisk\sitelens\data\noto_crops\all\bldg_000263.png,20230303-49281-13461-s-8365,survived,0,136.8964879445,37.397452875,"MULTIPOLYGON (((136.896536722 37.397484222, 136.896498917 37.397403667, 136.896439167 37.397421528, 136.896476972 37.397502083, 136.896536722 37.397484222)))",489.6569899152395,490.97366149283056,34.63904845105088,34.63904845105088,石川県、輪島市、鳳至町寺山岸，堂金田,0,0,0,8.4,multi
C:\Users\admin\Documents\GitHub\SensingRisk\sitelens\data\noto_crops\all\bldg_000264.png,20230303-49281-13461-s-8340,survived,0,136.89643912407382,37.39734406426244,"MULTIPOLYGON (((136.896488833 37.397374694, 136.896450278 37.39729475, 136.896389417 37.397313417, 136.896427972 37.397393389, 136.896488833 37.397374694)))",480.4715517919051,516.4193679504795,34.80869588306473,34.80869588306473,石川県、輪島市、鳳至町寺山岸，堂金田,0,0,0,8.4,multi
C:\Users\admin\Documents\GitHub\SensingRisk\sitelens\data\noto_crops\all\bldg_000265.png,20230303-49281-13461-s-8435,survived,0,136.89590570599174,37.39777146800454,"MULTIPOLYGON (((136.895988722 37.397797694, 136.895957639 37.397713583, 136.895822556 37.397742889, 136.895856361 37.397831361, 136.895988722 37.397797694)))",374.86151255020235,409.73635943055945,47.13077759116101,47.13077759116101,石川県、輪島市、鳳至町寺山岸，堂金田,0,0,0,8.4,multi
C:\Users\admin\Documents\GitHub\SensingRisk\sitelens\data\noto_crops\all\bldg_000266.png,20230303-49281-13461-s-8485,survived,0,136.89591225687292,37.398072940429515,"MULTIPOLYGON (((136.89600625 37.398112528, 136.895948389 37.397993194, 136.895818278 37.398033333, 136.895876111 37.398152694, 136.89600625 37.398112528)))",369.92243847819765,333.0584200103562,59.478904756454654,59.478904756454654,石川県、輪島市、鳳至町寺山岸，堂金田,0,0,0,8.4,multi
C:\Users\admin\Documents\GitHub\SensingRisk\sitelens\data\noto_crops\all\bldg_000267.png,20230303-49281-13461-s-8575,survived,0,136.895927639,37.39854293050001,"MULTIPOLYGON (((136.8959835 37.398554694, 136.895943361 37.398498583, 136.895871778 37.398531167, 136.895911917 37.398587278, 136.8959835 37.398554694)))",385.5684178677311,235.55889844232976,33.91916144017833,33.91916144017833,石川県、輪島市、鳳至町寺山岸，堂金田,0,0,0,8.4,multi
C:\Users\admin\Documents\GitHub\SensingRisk\sitelens\data\noto_crops\all\bldg_000268.png,20230303-49281-13461-s-8569,survived,0,136.8960562190045,37.39849715841935,"MULTIPOLYGON (((136.896104528 37.398506972, 136.896071083 37.398459194, 136.896007917 37.398487361, 136.896041333 37.398535111, 136.896104528 37.398506972)))",411.92368388527024,248.68598418722317,29.14803281717721,29.14803281717721,石川県、輪島市、鳳至町寺山岸，堂金田,0,0,0,8.4,multi
C:\Users\admin\Documents\GitHub\SensingRisk\sitelens\data\noto_crops\all\bldg_000269.png,20230303-49281-13461-s-8583,survived,0,136.89610185908404,37.39860909245012,"MULTIPOLYGON (((136.896081056 37.398651889, 136.896158111 37.398618667, 136.896122667 37.398566306, 136.896045611 37.3985995, 136.896081056 37.398651889)))",418.3652200649053,220.3526931210499,33.280226516087225,33.280226516087225,石川県、輪島市、鳳至町寺山岸，堂金田,0,0,0,8.4,multi
C:\Users\admin\Documents\GitHub\SensingRisk\sitelens\data\noto_crops\all\bldg_000270.png,20230303-49281-13461-s-8446,survived,0,136.89611411099997,37.3978012915,"MULTIPOLYGON (((136.896076 37.397835444, 136.896170222 37.397810639, 136.896152222 37.397767139, 136.896058 37.397791944, 136.896076 37.397835444)))",421.59912605285643,410.84965998879704,31.379545561472582,31.379545561472582,石川県、輪島市、鳳至町寺山岸，堂金田,0,0,0,8.4,multi
C:\Users\admin\Documents\GitHub\SensingRisk\sitelens\data\noto_crops\all\bldg_000271.png,20230303-49281-13461-s-8466,survived,0,136.89618802767825,37.397924194489974,"MULTIPOLYGON (((136.896139028 37.397966722, 136.896260194 37.397928861, 136.896237028 37.397881667, 136.896115861 37.397919528, 136.896139028 37.397966722)))",430.88871715333727,377.52179640361703,40.35843194855585,40.35843194855585,石川県、輪島市、鳳至町寺山岸，堂金田,0,0,0,8.4,multi
C:\Users\admin\Documents\GitHub\SensingRisk\sitelens\data\noto_crops\all\bldg_000273.png,20230303-49281-13461-s-8620,survived,0,136.89619452781704,37.398812819034774,"MULTIPOLYGON (((136.896244806 37.398824444, 136.896212861 37.398773694, 136.89614425 37.398801194, 136.896176194 37.398851944, 136.896244806 37.398824444)))",437.20056842114343,174.1116846157077,30.15829146810742,30.15829146810742,石川県、輪島市、鳳至町石浦町,0,0,0,8.4,multi
C:\Users\admin\Documents\GitHub\SensingRisk\sitelens\data\noto_crops\all\bldg_000274.png,20230303-49281-13461-s-8520,survived,0,136.89620673738193,37.39825718711653,"MULTIPOLYGON (((136.896255889 37.398275167, 136.896247139 37.398229222, 136.896159722 37.398234389, 136.89616925 37.39828925, 136.896255889 37.398275167)))",441.309698454539,305.64049844659326,26.890242189831213,26.890242189831213,石川県、輪島市、鳳至町寺山岸，堂金田,0,0,0,8.4,multi
C:\Users\admin\Documents\GitHub\SensingRisk\sitelens\data\noto_crops\all\bldg_000275.png,20230303-49281-13461-s-8488,survived,0,136.8962352917333,37.39804408316462,"MULTIPOLYGON (((136.896178944 37.398084833, 136.896311333 37.398043417, 136.896291639 37.398003333, 136.89615925 37.39804475, 136.896178944 37.398084833)))",438.61583681106566,348.3071810540305,42.52548901240033,42.52548901240033,石川県、輪島市、鳳至町寺山岸，堂金田,0,0,0,8.4,multi
C:\Users\admin\Documents\GitHub\SensingRisk\sitelens\data\noto_crops\all\bldg_000276.png,20230303-49281-13461-s-8576,survived,0,136.89624051494812,37.39859453373386,"MULTIPOLYGON (((136.896183667 37.398584389, 136.896151917 37.398601028, 136.89620125 37.398660944, 136.896214778 37.398653861, 136.896248056 37.39869425, 136.896282389 37.398676222, 136.896267333 37.398657917, 136.896343139 37.398618194, 136.896244694 37.398498639, 136.896154139 37.398546111, 136.896183667 37.398584389)))",427.73545680395625,205.53758026327318,68.84834688335275,68.84834688335275,石川県、輪島市、鳳至町寺山岸，堂金田,0,0,0,8.4,multi
C:\Users\admin\Documents\GitHub\SensingRisk\sitelens\data\noto_crops\all\bldg_000277.png,20230303-49281-13461-s-8506,survived,0,136.8962314388263,37.39816005910569,"MULTIPOLYGON (((136.896195694 37.398204083, 136.896296694 37.39816675, 136.896267722 37.398114833, 136.8961645 37.398155722, 136.896195694 37.398204083)))",440.52140232192147,324.01584252561213,36.964121532440174,36.964121532440174,石川県、輪島市、鳳至町寺山岸，堂金田,0,0,0,8.4,multi
C:\Users\admin\Documents\GitHub\SensingRisk\sitelens\data\noto_crops\all\bldg_000278.png,20230303-49281-13461-s-8636,survived,0,136.89623116649997,37.39889399999999,"MULTIPOLYGON (((136.896202083 37.398922917, 136.896277639 37.398893306, 136.89626025 37.398865083, 136.896184694 37.398894694, 136.896202083 37.398922917)))",446.1149727397495,157.1475635113202,25.98930568695073,25.98930568695073,石川県、輪島市、鳳至町石浦町,0,0,0,8.4,multi
C:\Users\admin\Documents\GitHub\SensingRisk\sitelens\data\noto_crops\all\bldg_000279.png,20230303-49281-13461-s-8418,survived,0,136.89632004168024,37.39766618040004,"MULTIPOLYGON (((136.896364861 37.397695444, 136.896326278 37.39762025, 136.896275222 37.397636917, 136.896313806 37.397712111, 136.896364861 37.397695444)))",459.511169478253,442.0764271156125,32.331913811056836,32.331913811056836,石川県、輪島市、鳳至町寺山岸，堂金田,0,0,0,8.4,multi
C:\Users\admin\Documents\GitHub\SensingRisk\sitelens\data\noto_crops\all\bldg_000280.png,20230303-49281-13461-s-8512,survived,0,136.8963398814882,37.39822484571536,"MULTIPOLYGON (((136.896323694 37.398261583, 136.896389556 37.398228944, 136.896357139 37.398188361, 136.896289778 37.398220389, 136.896323694 37.398261583)))",464.89197160147967,312.6818397302431,28.887226289974137,28.887226289974137,石川県、輪島市、鳳至町寺山岸，堂金田,0,0,0,8.4,multi
C:\Users\admin\Documents\GitHub\SensingRisk\sitelens\data\noto_crops\all\bldg_000281.png,20230303-49281-13461-s-8607,survived,0,136.89637609443713,37.39877346783835,"MULTIPOLYGON (((136.896342861 37.398836806, 136.896456583 37.398786417, 136.896402472 37.398708694, 136.896322444 37.398744194, 136.8963315 37.398757167, 136.896298472 37.398771806, 136.896342861 37.398836806)))",462.08801429466797,174.28749144428778,48.610558378768104,48.610558378768104,石川県、輪島市、鳳至町石浦町,0,0,0,8.4,multi
C:\Users\admin\Documents\GitHub\SensingRisk\sitelens\data\noto_crops\all\bldg_000282.png,20230303-49281-13461-s-8560,survived,0,136.89638796660475,37.39851625866325,"MULTIPOLYGON (((136.896418278 37.398431083, 136.8962925 37.398502306, 136.896386167 37.398607583, 136.896452444 37.398570028, 136.896414694 37.398527611, 136.896474889 37.3984935, 136.896418278 37.398431083)))",456.13648538686385,226.64906475695292,62.812840433301886,62.812840433301886,石川県、輪島市、鳳至町寺山岸，堂金田,0,0,0,8.4,multi
C:\Users\admin\Documents\GitHub\SensingRisk\sitelens\data\noto_crops\all\bldg_000283.png,20230303-49281-13461-s-8540,survived,0,136.89636306847538,37.398382050276446,"MULTIPOLYGON (((136.896421278 37.39842275, 136.896412639 37.398331528, 136.896308778 37.398340222, 136.896309194 37.398431417, 136.896421278 37.39842275)))",465.7446978215162,272.0850692288325,36.6370399547053,36.6370399547053,石川県、輪島市、鳳至町寺山岸，堂金田,0,0,0,8.4,multi
C:\Users\admin\Documents\GitHub\SensingRisk\sitelens\data\noto_crops\all\bldg_000284.png,20230303-49281-13461-s-8434,survived,0,136.89636136153115,37.397776619143855,"MULTIPOLYGON (((136.896421222 37.397818944, 136.896368556 37.397707972, 136.896316139 37.397723778, 136.896327306 37.397747361, 136.896306778 37.397753556, 136.896348 37.3978405, 136.896421222 37.397818944)))",460.5489348694553,409.56518681698395,46.64529968006019,46.64529968006019,石川県、輪島市、鳳至町寺山岸，堂金田,0,0,0,8.4,multi
C:\Users\admin\Documents\GitHub\SensingRisk\sitelens\data\noto_crops\all\bldg_000285.png,20230303-49281-13461-s-8527,survived,0,136.89637274087863,37.39829232185539,"MULTIPOLYGON (((136.896320028 37.39832775, 136.896442639 37.398305972, 136.896435306 37.398260639, 136.896351583 37.398273583, 136.896349444 37.39826475, 136.896305222 37.398271583, 136.896320028 37.39832775)))",466.5104749891493,291.67053702943156,38.42457818984985,38.42457818984985,石川県、輪島市、鳳至町寺山岸，堂金田,0,0,0,8.4,multi
C:\Users\admin\Documents\GitHub\SensingRisk\sitelens\data\noto_crops\all\bldg_000286.png,20230303-49281-13461-s-8433,survived,0,136.89645317904234,37.397750203092116,"MULTIPOLYGON (((136.896507972 37.397778056, 136.896471639 37.3977005, 136.896398389 37.397722333, 136.896434722 37.397799917, 136.896507972 37.397778056)))",482.4040047391097,420.4337091789539,36.184060200616955,36.184060200616955,石川県、輪島市、鳳至町寺山岸，堂金田,0,0,0,8.4,multi
C:\Users\admin\Documents\GitHub\SensingRisk\sitelens\data\noto_crops\all\bldg_000287.png,20230303-49281-13461-s-8471,survived,0,136.896410375,37.397934069499996,"MULTIPOLYGON (((136.896389306 37.397963722, 136.896451389 37.397943583, 136.896431444 37.397904417, 136.896369361 37.397924556, 136.896389306 37.397963722)))",480.7468982812371,383.61429237188645,23.539226016083205,23.539226016083205,石川県、輪島市、鳳至町寺山岸，堂金田,0,0,0,8.4,multi
C:\Users\admin\Documents\GitHub\SensingRisk\sitelens\data\noto_crops\all\bldg_000288.png,20230303-49281-13461-s-8420,survived,0,136.89639798405082,37.397660688962794,"MULTIPOLYGON (((136.896441139 37.397677139, 136.896417417 37.397625833, 136.896354833 37.397644222, 136.896378556 37.397695556, 136.896441139 37.397677139)))",476.964210527242,446.2868158430966,26.485647543733364,26.485647543733364,石川県、輪島市、鳳至町寺山岸，堂金田,0,0,0,8.4,multi
C:\Users\admin\Documents\GitHub\SensingRisk\sitelens\data\noto_crops\all\bldg_000289.png,20230303-49281-13461-s-8603,survived,0,136.89597146844946,37.39875741443885,"MULTIPOLYGON (((136.895927528 37.398815, 136.89605175 37.39875925, 136.896006694 37.398695361, 136.895962694 37.398715111, 136.895970278 37.398725861, 136.895887722 37.398762917, 136.895927528 37.398815)))",386.7171404465676,179.05703622040926,47.31661543886389,47.31661543886389,石川県、輪島市、鳳至町寺山岸，堂金田,0,0,0,8.4,multi
C:\Users\admin\Documents\GitHub\SensingRisk\sitelens\data\noto_crops\all\bldg_000290.png,20230303-49281-13461-s-8533,survived,0,136.89623021598533,37.39834169349888,"MULTIPOLYGON (((136.896256083 37.398384917, 136.896246694 37.398357972, 136.896296028 37.398349139, 136.896276056 37.39829725, 136.896168417 37.398313083, 136.896201722 37.398397194, 136.896256083 37.398384917)))",440.09508015807126,279.22885675703526,38.422796186559935,38.422796186559935,石川県、輪島市、鳳至町寺山岸，堂金田,0,0,0,8.4,multi
C:\Users\admin\Documents\GitHub\SensingRisk\sitelens\data\noto_crops\all\bldg_000291.png,20230303-49281-13461-s-8702,survived,0,136.8959246526664,37.399184722000754,"MULTIPOLYGON (((136.8959065 37.399231361, 136.895985861 37.399184444, 136.895942806 37.399138083, 136.895863444 37.399185, 136.8959065 37.399231361)))",383.84662905870357,83.80147146482965,36.24929116424312,36.24929116424312,石川県、輪島市、鳳至町石浦町,0,0,0,8.4,multi
C:\Users\admin\Documents\GitHub\SensingRisk\sitelens\data\noto_crops\all\bldg_000292.png,20230303-49281-13461-s-8790,survived,0,136.89594724999998,37.399490236,"MULTIPOLYGON (((136.896002972 37.399503944, 136.895938944 37.399444194, 136.895891528 37.399476528, 136.895955556 37.399536278, 136.896002972 37.399503944)))",388.84287714663776,12.898290631124858,34.68175361480394,34.68175361480394,石川県、輪島市、鳳至町石浦町,0,0,0,8.4,multi
C:\Users\admin\Documents\GitHub\SensingRisk\sitelens\data\noto_crops\all\bldg_000293.png,20230303-49281-13461-s-8724,survived,0,136.89600285244117,37.39928228175994,"MULTIPOLYGON (((136.896071583 37.399295333, 136.895997889 37.399226056, 136.895934111 37.399269194, 136.896007833 37.399338528, 136.896071583 37.399295333)))",395.2881239139625,57.77226466719094,42.519324039699995,42.519324039699995,石川県、輪島市、鳳至町石浦町,0,0,0,8.4,multi
C:\Users\admin\Documents\GitHub\SensingRisk\sitelens\data\noto_crops\all\bldg_000294.png,20230303-49281-13461-s-8775,survived,0,136.8960022341505,37.39944651766048,"MULTIPOLYGON (((136.896061944 37.39946825, 136.89598525 37.399395944, 136.895942528 37.399424806, 136.896019222 37.399497083, 136.896061944 37.39946825)))",397.5630159209344,21.627507293635336,37.74174271354944,37.74174271354944,石川県、輪島市、鳳至町石浦町,0,0,0,8.4,multi
C:\Users\admin\Documents\GitHub\SensingRisk\sitelens\data\noto_crops\all\bldg_000296.png,20230303-49281-13461-s-8758,survived,0,136.89609857521262,37.399386605557396,"MULTIPOLYGON (((136.896164028 37.399403639, 136.896082861 37.399333139, 136.896033111 37.399369556, 136.896114306 37.399440083, 136.896164028 37.399403639)))",414.1651689864011,34.32754141933793,40.453168526594226,40.453168526594226,石川県、輪島市、鳳至町石浦町,0,0,0,8.4,multi
C:\Users\admin\Documents\GitHub\SensingRisk\sitelens\data\noto_crops\all\bldg_000297.png,20230303-49281-13461-s-8711,survived,0,136.896077986,37.399188125,"MULTIPOLYGON (((136.89610725 37.399192611, 136.896074472 37.399164528, 136.896048722 37.399183639, 136.8960815 37.399211722, 136.89610725 37.399192611)))",421.58451495293,92.15742858672193,17.94039158046469,17.94039158046469,石川県、輪島市、鳳至町石浦町,0,0,0,8.4,multi
C:\Users\admin\Documents\GitHub\SensingRisk\sitelens\data\noto_crops\all\bldg_000298.png,20230303-49281-13461-s-8723,survived,0,136.89613173225382,37.39928942390484,"MULTIPOLYGON (((136.896210861 37.399318917, 136.896138056 37.399260111, 136.896149972 37.399250722, 136.896114167 37.399221806, 136.896054417 37.399268889, 136.896160917 37.399354972, 136.896210861 37.399318917)))",415.94233220843984,52.80086760862643,49.60087231208527,49.60087231208527,石川県、輪島市、鳳至町石浦町,0,0,0,8.4,multi
C:\Users\admin\Documents\GitHub\SensingRisk\sitelens\data\noto_crops\all\bldg_000300.png,20230303-49281-13461-s-8709,survived,0,136.89615125752854,37.399190505551466,"MULTIPOLYGON (((136.896185778 37.399203194, 136.896136611 37.399162528, 136.89611675 37.399177833, 136.896165889 37.399218472, 136.896185778 37.399203194)))",433.6020179949202,89.95764346260798,21.2254040316746,21.2254040316746,石川県、輪島市、鳳至町石浦町,0,0,0,8.4,multi
C:\Users\admin\Documents\GitHub\SensingRisk\sitelens\data\noto_crops\all\bldg_000301.png,20230303-49281-13461-s-8719,survived,0,136.89621459699998,37.399251139,"MULTIPOLYGON (((136.896268583 37.399267722, 136.896196333 37.399207361, 136.896160611 37.399234556, 136.896232861 37.399294917, 136.896268583 37.399267722)))",439.41487431777887,69.73581073411445,33.211945184336074,33.211945184336074,石川県、輪島市、鳳至町石浦町,0,0,0,8.4,multi
C:\Users\admin\Documents\GitHub\SensingRisk\sitelens\data\noto_crops\all\bldg_000302.png,20230303-49281-13461-s-8695,survived,0,136.89620704182025,37.39914707401148,"MULTIPOLYGON (((136.896248667 37.399150194, 136.896206944 37.399113722, 136.896165417 37.399143972, 136.896207139 37.399180417, 136.896248667 37.399150194)))",441.9041875163667,98.05273539864807,25.416610635660973,25.416610635660973,石川県、輪島市、鳳至町石浦町,0,0,0,8.4,multi
C:\Users\admin\Documents\GitHub\SensingRisk\sitelens\data\noto_crops\all\bldg_000303.png,20230303-49281-13461-s-8710,survived,0,136.89629383906038,37.39922041109939,"MULTIPOLYGON (((136.896364194 37.399234722, 136.896276306 37.399164194, 136.896223472 37.399206083, 136.896311389 37.399276639, 136.896364194 37.399234722)))",449.3443655041623,72.10348345907924,42.89428474616318,42.89428474616318,石川県、輪島市、鳳至町石浦町,0,0,0,8.4,multi
C:\Users\admin\Documents\GitHub\SensingRisk\sitelens\data\noto_crops\all\bldg_000304.png,20230303-49281-13461-s-8683,survived,0,136.89630463891544,37.39909783313941,"MULTIPOLYGON (((136.896342028 37.399109889, 136.896291389 37.399067444, 136.89626725 37.399085778, 136.896317889 37.399128222, 136.896342028 37.399109889)))",461.28875593931315,110.79694120934904,23.034272674901516,23.034272674901516,石川県、輪島市、鳳至町石浦町,0,0,0,8.4,multi
C:\Users\admin\Documents\GitHub\SensingRisk\sitelens\data\noto_crops\all\bldg_000305.png,20230303-49281-13461-s-8786,survived,0,136.89636640312077,37.39947604203418,"MULTIPOLYGON (((136.89643325 37.399505611, 136.896325944 37.399424306, 136.896299556 37.399446472, 136.896406861 37.399527778, 136.89643325 37.399505611)))",464.33739223758045,13.5875566367806,39.96428828213621,39.96428828213621,石川県、輪島市、鳳至町鳳来石浦,0,0,0,8.4,multi
C:\Users\admin\Documents\GitHub\SensingRisk\sitelens\data\noto_crops\all\bldg_000306.png,20230303-49281-13461-s-8699,survived,0,136.89636434582215,37.39917625438589,"MULTIPOLYGON (((136.896427361 37.399187972, 136.896350639 37.399125806, 136.896301333 37.399164556, 136.896378056 37.399226694, 136.896427361 37.399187972)))",464.70698051923233,84.68472918718271,38.45857936129873,38.45857936129873,石川県、輪島市、鳳至町石浦町,0,0,0,8.4,multi
C:\Users\admin\Documents\GitHub\SensingRisk\sitelens\data\noto_crops\all\bldg_000307.png,20230303-49281-13461-s-8767,survived,0,136.89641324416866,37.39943967335948,"MULTIPOLYGON (((136.896501861 37.399496333, 136.896460833 37.399464722, 136.8964795 37.399449306, 136.896371278 37.399365972, 136.896322861 37.399406, 136.896470389 37.399519583, 136.896501861 37.399496333)))",464.3644905758789,12.852769743846507,57.04447588796934,57.04447588796934,石川県、輪島市、鳳至町鳳来石浦,0,0,0,8.4,multi
C:\Users\admin\Documents\GitHub\SensingRisk\sitelens\data\noto_crops\all\bldg_000308.png,20230303-49281-13461-s-8685,survived,0,136.8964432129459,37.39913156907349,"MULTIPOLYGON (((136.8965095 37.399137778, 136.8964365 37.399078583, 136.896376917 37.399125361, 136.896449944 37.399184556, 136.8965095 37.399137778)))",478.4267254596839,94.18762494247282,40.42078769354892,40.42078769354892,石川県、輪島市、鳳至町石浦町,0,0,0,8.4,multi
C:\Users\admin\Documents\GitHub\SensingRisk\sitelens\data\noto_crops\all\bldg_000309.png,20230303-49281-13461-s-8755,survived,0,136.896487208,37.399405375,"MULTIPOLYGON (((136.896590194 37.399443556, 136.896432972 37.399325778, 136.896384222 37.399367194, 136.896541444 37.399484972, 136.896590194 37.399443556)))",476.0797718407137,19.391821674150027,61.51889749339769,61.51889749339769,石川県、輪島市、鳳至町鳳来石浦,0,0,0,8.4,multi
C:\Users\admin\Documents\GitHub\SensingRisk\sitelens\data\noto_crops\all\bldg_000310.png,20230303-49281-13461-s-8740,survived,0,136.89651697404938,37.399336099654654,"MULTIPOLYGON (((136.896538861 37.399385611, 136.896579306 37.399352944, 136.896495111 37.399286583, 136.896454639 37.399319278, 136.896538861 37.399385611)))",493.45649208053015,47.47568643952466,37.86246692159323,37.86246692159323,石川県、輪島市、鳳至町鳳来石浦,0,0,0,8.4,multi
C:\Users\admin\Documents\GitHub\SensingRisk\sitelens\data\noto_crops\all\bldg_000311.png,20230303-49281-13461-s-8722,survived,0,136.89658780863772,37.39927195644986,"MULTIPOLYGON (((136.896635639 37.399305306, 136.896609917 37.399284861, 136.896636278 37.39926375, 136.89658325 37.399221611, 136.896529583 37.399264611, 136.896605556 37.399324972, 136.896635639 37.399305306)))",506.29785311877424,62.75850294416623,36.77066956904802,36.77066956904802,石川県、輪島市、鳳至町鳳来石浦,0,0,0,8.4,multi
C:\Users\admin\Documents\GitHub\SensingRisk\sitelens\data\noto_crops\all\bldg_000312.png,20230303-49281-13461-s-8776,survived,0,136.89658378795042,37.39941609870828,"MULTIPOLYGON (((136.896600417 37.399421472, 136.896578806 37.399402333, 136.896567167 37.399410722, 136.89658875 37.399429861, 136.896600417 37.399421472)))",519.6636704724407,42.45530749667378,10.360225346080064,10.360225346080064,石川県、輪島市、鳳至町鳳来石浦,0,0,0,8.4,multi
C:\Users\admin\Documents\GitHub\SensingRisk\sitelens\data\noto_crops\all\bldg_000313.png,20230303-49281-13461-s-7763,survived,0,136.89642598417618,37.39470708890447,"MULTIPOLYGON (((136.896497278 37.394671556, 136.896320361 37.394694611, 136.896322389 37.394715361, 136.896370806 37.394711167, 136.896400528 37.394756306, 136.89651875 37.394704833, 136.896497278 37.394671556)))",466.4910879823897,1123.232475145333,55.473585091696805,55.473585091696805,石川県、輪島市、鳳至町上町南（小学校前）,0,0,0,8.4,multi
C:\Users\admin\Documents\GitHub\SensingRisk\sitelens\data\noto_crops\all\bldg_000314.png,20230303-49281-13461-s-7769,survived,0,136.89684983290115,37.394720138274536,"MULTIPOLYGON (((136.896877889 37.394730583, 136.896854056 37.394695194, 136.896821583 37.394709111, 136.896846111 37.394745528, 136.896877889 37.394730583)))",565.2110960715697,1140.2522665284225,18.416483742591026,18.416483742591026,石川県、輪島市、鳳至町上町南（小学校前）,0,0,0,8.4,multi
C:\Users\admin\Documents\GitHub\SensingRisk\sitelens\data\noto_crops\all\bldg_000315.png,20230303-49281-13461-s-7768,survived,0,136.89674439846218,37.39474049367055,"MULTIPOLYGON (((136.896718806 37.394789444, 136.896814 37.394749361, 136.896777889 37.394694806, 136.896722806 37.394718, 136.896715583 37.394707083, 136.896675083 37.394724139, 136.896718806 37.394789444)))",535.3876575575935,1124.931717607236,38.84400858349272,38.84400858349272,石川県、輪島市、鳳至町上町南（小学校前）,0,0,0,8.4,multi
C:\Users\admin\Documents\GitHub\SensingRisk\sitelens\data\noto_crops\all\bldg_000316.png,20230303-49281-13461-s-7773,survived,0,136.8964794236882,37.39476028771956,"MULTIPOLYGON (((136.896404083 37.394764167, 136.896433222 37.394808583, 136.896554167 37.394755722, 136.896527944 37.394712222, 136.896404083 37.394764167)))",484.34917612605625,1119.0817567674137,41.966528103086716,41.966528103086716,石川県、輪島市、鳳至町上町南（小学校前）,0,0,0,8.4,multi
C:\Users\admin\Documents\GitHub\SensingRisk\sitelens\data\noto_crops\all\bldg_000317.png,20230303-49281-13461-s-7775,survived,0,136.89627830090157,37.3947420694104,"MULTIPOLYGON (((136.896258083 37.394768611, 136.896317222 37.394741333, 136.8962985 37.394715528, 136.896239389 37.394742806, 136.896258083 37.394768611)))",457.0151299741533,1133.4849025186709,21.763684214486034,21.763684214486034,石川県、輪島市、鳳至町上町南（小学校前）,0,0,0,8.4,multi
C:\Users\admin\Documents\GitHub\SensingRisk\sitelens\data\noto_crops\all\bldg_000318.png,20230303-49281-13461-s-7782,survived,0,136.89694641354825,37.39476783150391,"MULTIPOLYGON (((136.896984028 37.394772222, 136.896960889 37.394739833, 136.896908806 37.394763528, 136.896931861 37.394795778, 136.896984028 37.394772222)))",581.465817431589,1127.3517879828732,21.95233035886281,21.95233035886281,石川県、輪島市、鳳至町上町南（小学校前）,0,0,0,8.4,multi
C:\Users\admin\Documents\GitHub\SensingRisk\sitelens\data\noto_crops\all\bldg_000319.png,20230303-49281-13461-s-7793,survived,0,136.89681666195443,37.39479547760414,"MULTIPOLYGON (((136.896756 37.394792028, 136.896785917 37.394837639, 136.896878194 37.394798278, 136.896846389 37.394753611, 136.896756 37.394792028)))",551.2510279231601,1114.7163220196364,34.16791886753515,34.16791886753515,石川県、輪島市、鳳至町上町南（小学校前）,0,0,0,8.4,multi
C:\Users\admin\Documents\GitHub\SensingRisk\sitelens\data\noto_crops\all\bldg_000320.png,20230303-49281-13461-s-7798,survived,0,136.89652268148157,37.39482668355693,"MULTIPOLYGON (((136.896437056 37.394818833, 136.896481639 37.394887139, 136.896608528 37.394833306, 136.8965645 37.394766917, 136.896437056 37.394818833)))",489.3091805826916,1100.2683854939055,48.32675676916165,48.32675676916165,石川県、輪島市、鳳至町上町南（小学校前）,0,0,0,8.4,multi
C:\Users\admin\Documents\GitHub\SensingRisk\sitelens\data\noto_crops\all\bldg_000321.png,20230303-49281-13461-s-7807,survived,0,136.89630582768893,37.394841353772456,"MULTIPOLYGON (((136.896234472 37.39484575, 136.896260472 37.394886056, 136.896377361 37.394838028, 136.896349139 37.394796222, 136.896234472 37.39484575)))",453.0667053964403,1101.1433758284816,39.9546602831947,39.9546602831947,石川県、輪島市、鳳至町上町南（小学校前）,0,0,0,8.4,multi
C:\Users\admin\Documents\GitHub\SensingRisk\sitelens\data\noto_crops\all\bldg_000322.png,20230303-49281-13461-s-7812,survived,0,136.89683444908758,37.39489731000665,"MULTIPOLYGON (((136.896794278 37.39491025, 136.896776611 37.394918806, 136.896824778 37.394988056, 136.896894361 37.394958917, 136.896835944 37.394880722, 136.896877889 37.394860778, 136.896869361 37.394849361, 136.896913139 37.394828556, 136.896894167 37.394803194, 136.896762472 37.394865833, 136.896794278 37.39491025)))",539.6627973319567,1075.8033725726652,65.06506843537568,65.06506843537568,石川県、輪島市、鳳至町上町南（小学校前）,0,0,0,8.4,multi
C:\Users\admin\Documents\GitHub\SensingRisk\sitelens\data\noto_crops\all\bldg_000323.png,20230303-49281-13461-s-7831,survived,0,136.89660919527782,37.39499192452578,"MULTIPOLYGON (((136.896545278 37.395098861, 136.896734556 37.395020028, 136.8966575 37.39490225, 136.896640111 37.3949095, 136.89661675 37.394873806, 136.896555139 37.394899444, 136.896579528 37.394936722, 136.896518389 37.394962167, 136.896546056 37.395004472, 136.896519833 37.395015389, 136.896505778 37.394993917, 136.896488278 37.395001194, 136.896545278 37.395098861)))",489.14268403160406,1046.2009521404705,81.70154471712976,81.70154471712976,石川県、輪島市、鳳至町上町南（小学校前）,0,0,0,8.4,multi
C:\Users\admin\Documents\GitHub\SensingRisk\sitelens\data\noto_crops\all\bldg_000324.png,20230303-49281-13461-s-7857,survived,0,136.89691046210146,37.39503161609878,"MULTIPOLYGON (((136.896893167 37.395081417, 136.896984167 37.395039917, 136.896961444 37.395008194, 136.896936139 37.395019722, 136.896909444 37.3949825, 136.896844667 37.395012056, 136.896893167 37.395081417)))",566.6884218511269,1056.5577751531932,39.57665681230651,39.57665681230651,石川県、輪島市、鳳至町上町南（小学校前）,0,0,0,8.4,multi
C:\Users\admin\Documents\GitHub\SensingRisk\sitelens\data\noto_crops\all\bldg_000325.png,20230303-49281-13461-s-7867,destroyed,1,136.8964515918733,37.39512340898444,"MULTIPOLYGON (((136.896409722 37.39519275, 136.896545139 37.395134056, 136.896489361 37.395052111, 136.896417917 37.395083083, 136.896422417 37.395089694, 136.896357028 37.395118056, 136.896409722 37.39519275)))",472.5703273110403,1027.5826161171037,55.069596794019844,55.069596794019844,石川県、輪島市、鳳至町上町南（小学校前）,0,0,0,8.4,multi
C:\Users\admin\Documents\GitHub\SensingRisk\sitelens\data\noto_crops\all\bldg_000326.png,20230303-49281-13461-s-7882,survived,0,136.89624244391902,37.39518068343719,"MULTIPOLYGON (((136.896258639 37.395128333, 136.896187917 37.395147528, 136.896224306 37.395232833, 136.896298333 37.39521275, 136.896258639 37.395128333)))",442.60160981108925,1022.7350522933571,37.47448348819853,37.47448348819853,石川県、輪島市、鳳至町上町南（小学校前）,0,0,0,8.4,multi
C:\Users\admin\Documents\GitHub\SensingRisk\sitelens\data\noto_crops\all\bldg_000327.png,20230303-49281-13461-s-7888,survived,0,136.8964775595855,37.395228782907374,"MULTIPOLYGON (((136.896407861 37.395299417, 136.896596333 37.395231917, 136.896552278 37.395159, 136.896357306 37.395224222, 136.896407861 37.395299417)))",471.4842670864529,996.6442277960288,66.83679348097911,66.83679348097911,石川県、輪島市、鳳至町上町南（小学校前）,0,0,0,8.4,multi
C:\Users\admin\Documents\GitHub\SensingRisk\sitelens\data\noto_crops\all\bldg_000328.png,20230303-49281-13461-s-7891,survived,0,136.89671746764563,37.39522777556718,"MULTIPOLYGON (((136.896654472 37.395276167, 136.896794361 37.395221639, 136.896785111 37.395207417, 136.89680325 37.395199917, 136.896789278 37.395178389, 136.896630694 37.395237944, 136.896654472 37.395276167)))",525.5452571868897,1006.3905269194613,48.250154738955985,48.250154738955985,石川県、輪島市、鳳至町上町南（小学校前）,0,0,0,8.4,multi
C:\Users\admin\Documents\GitHub\SensingRisk\sitelens\data\noto_crops\all\bldg_000329.png,20230303-49281-13461-s-7905,survived,0,136.89676360915837,37.39528149628576,"MULTIPOLYGON (((136.896807583 37.395288417, 136.896788278 37.395250833, 136.896719722 37.395273222, 136.896740167 37.395313056, 136.896807583 37.395288417)))",545.9180829813453,1005.2343244351333,24.908254957787562,24.908254957787562,石川県、輪島市、鳳至町上町南（小学校前）,0,0,0,8.4,multi
C:\Users\admin\Documents\GitHub\SensingRisk\sitelens\data\noto_crops\all\bldg_000330.png,20230303-49281-13461-s-7909,survived,0,136.89633679927044,37.39535987565613,"MULTIPOLYGON (((136.8963505 37.395460833, 136.896426806 37.395430611, 136.896322806 37.395263472, 136.896248 37.395289528, 136.89632225 37.39541725, 136.896349194 37.395403, 136.896359167 37.395419333, 136.896334056 37.395429, 136.8963505 37.395460833)))",444.18140119764405,964.136002924231,69.46428671837134,69.46428671837134,石川県、輪島市、鳳至町上町南（小学校前）,0,0,0,8.4,multi
C:\Users\admin\Documents\GitHub\SensingRisk\sitelens\data\noto_crops\all\bldg_000331.png,20230303-49281-13461-s-7917,survived,0,136.89669001949898,37.39530337873031,"MULTIPOLYGON (((136.896720806 37.395313861, 136.896693306 37.395277444, 136.896659528 37.395293694, 136.896686 37.395328722, 136.896720806 37.395313861)))",535.062864490825,1003.1177791784794,19.221311793437394,19.221311793437394,石川県、輪島市、鳳至町上町南（小学校前）,0,0,0,8.4,multi
C:\Users\admin\Documents\GitHub\SensingRisk\sitelens\data\noto_crops\all\bldg_000332.png,20230303-49281-13461-s-7920,survived,0,136.8962310947372,37.39538096667705,"MULTIPOLYGON (((136.896318389 37.395450028, 136.896213667 37.395284694, 136.896144833 37.395313139, 136.896246583 37.3954755, 136.896318389 37.395450028)))",425.61391034597307,961.0790055316269,67.15715208171184,67.15715208171184,石川県、輪島市、鳳至町上町南（小学校前）,0,0,0,8.4,multi
C:\Users\admin\Documents\GitHub\SensingRisk\sitelens\data\noto_crops\all\bldg_000333.png,20230303-49281-13461-s-7944,survived,0,136.8967076349039,37.39543660844326,"MULTIPOLYGON (((136.896741972 37.395453722, 136.896716417 37.395405361, 136.896673361 37.395419833, 136.896698611 37.395467583, 136.896741972 37.395453722)))",536.6108765031297,970.1047532307613,22.64957425089699,22.64957425089699,石川県、輪島市、鳳至町上町南,0,0,0,8.4,multi
C:\Users\admin\Documents\GitHub\SensingRisk\sitelens\data\noto_crops\all\bldg_000334.png,20230303-49281-13461-s-7950,destroyed,1,136.89663505610548,37.39546389765742,"MULTIPOLYGON (((136.896611083 37.395495389, 136.896681389 37.395471111, 136.896660306 37.395432222, 136.896587694 37.395457278, 136.896611083 37.395495389)))",521.204665184021,961.9163950639022,26.19902088907031,26.19902088907031,石川県、輪島市、鳳至町上町南,0,0,0,8.4,multi
C:\Users\admin\Documents\GitHub\SensingRisk\sitelens\data\noto_crops\all\bldg_000335.png,20230303-49281-13461-s-7952,survived,0,136.89681971830686,37.39551650103055,"MULTIPOLYGON (((136.896751194 37.395590472, 136.896981583 37.395509361, 136.896964278 37.395478083, 136.896882139 37.395507, 136.896889333 37.39552, 136.896843444 37.395536139, 136.896831583 37.395514722, 136.896810083 37.395522278, 136.896796667 37.395498028, 136.896854889 37.395477528, 136.896831667 37.39544225, 136.896714361 37.395486972, 136.89674875 37.395549083, 136.896732472 37.395554806, 136.896751194 37.395590472)))",536.7301610575782,925.3237426275133,74.72068690723836,74.72068690723836,石川県、輪島市、鳳至町上町南,0,0,0,8.4,multi
C:\Users\admin\Documents\GitHub\SensingRisk\sitelens\data\noto_crops\all\bldg_000336.png,20230303-49281-13461-s-7970,survived,0,136.8965874428135,37.395554145161206,"MULTIPOLYGON (((136.896549444 37.395602528, 136.896654944 37.395561056, 136.89662525 37.395506167, 136.8965205 37.395546444, 136.896549444 37.395602528)))",506.3845242431096,934.5789273983657,38.383728004098316,38.383728004098316,石川県、輪島市、鳳至町上町南,0,0,0,8.4,multi
C:\Users\admin\Documents\GitHub\SensingRisk\sitelens\data\noto_crops\all\bldg_000337.png,20230303-49281-13461-s-7974,survived,0,136.89669780675413,37.39554183223166,"MULTIPOLYGON (((136.896675083 37.395567083, 136.896737917 37.39554575, 136.896722222 37.395516306, 136.896656306 37.395538639, 136.896675083 37.395567083)))",534.5580242262946,945.3296939343076,22.8200895839268,22.8200895839268,石川県、輪島市、鳳至町上町南,0,0,0,8.4,multi
C:\Users\admin\Documents\GitHub\SensingRisk\sitelens\data\noto_crops\all\bldg_000338.png,20230303-49281-13461-s-7981,survived,0,136.89639602998997,37.39554984128078,"MULTIPOLYGON (((136.896414333 37.395558778, 136.8964005 37.395533472, 136.896377833 37.395541361, 136.896391194 37.395565833, 136.896414333 37.395558778)))",483.914512057669,948.9346664608881,11.87555466049173,11.87555466049173,石川県、輪島市、鳳至町上町南,0,0,0,8.4,multi
C:\Users\admin\Documents\GitHub\SensingRisk\sitelens\data\noto_crops\all\bldg_000339.png,20230303-49281-13461-s-7923,survived,0,136.89645461857614,37.39536470894052,"MULTIPOLYGON (((136.89644325 37.395424083, 136.896530028 37.3953915, 136.896496611 37.395334861, 136.896469111 37.395345167, 136.896444639 37.395303694, 136.896382194 37.395327139, 136.89644325 37.395424083)))",478.2459757180874,975.6644608236018,45.59268783227651,45.59268783227651,石川県、輪島市、鳳至町上町南（小学校前）,0,0,0,8.4,multi
C:\Users\admin\Documents\GitHub\SensingRisk\sitelens\data\noto_crops\all\bldg_000340.png,20230303-49281-13461-s-7940,survived,0,136.89677351975715,37.39541324475789,"MULTIPOLYGON (((136.896754722 37.395446833, 136.896816056 37.395425528, 136.896791056 37.39537975, 136.896731944 37.395400306, 136.896754722 37.395446833)))",547.4967323360012,974.0643077931832,25.60878386421348,25.60878386421348,石川県、輪島市、鳳至町上町南,0,0,0,8.4,multi
C:\Users\admin\Documents\GitHub\SensingRisk\sitelens\data\noto_crops\all\bldg_000341.png,20230303-49281-13461-s-7895,survived,0,136.89683596156806,37.39524491232257,"MULTIPOLYGON (((136.896817306 37.395282472, 136.896878667 37.395257, 136.896844667 37.395204889, 136.896807889 37.395220167, 136.896818667 37.395236667, 136.896796972 37.395245667, 136.896817306 37.395282472)))",558.3034532223671,1012.7723721172641,27.788976235946734,27.788976235946734,石川県、輪島市、鳳至町上町南（小学校前）,0,0,0,8.4,multi
C:\Users\admin\Documents\GitHub\SensingRisk\sitelens\data\noto_crops\all\bldg_000342.png,20230303-49281-13461-s-7785,survived,0,136.89630619820971,37.3947794035318,"MULTIPOLYGON (((136.896265389 37.394816306, 136.896367139 37.394771833, 136.896347028 37.3947425, 136.89624525 37.394786972, 136.896265389 37.394816306)))",456.05454115337795,1118.5653549700232,34.08263468212556,34.08263468212556,石川県、輪島市、鳳至町上町南（小学校前）,0,0,0,8.4,multi
C:\Users\admin\Documents\GitHub\SensingRisk\sitelens\data\noto_crops\all\bldg_000343.png,20230303-49281-13461-s-8517,survived,0,136.89645775844986,37.39823869534849,"MULTIPOLYGON (((136.896486083 37.398244778, 136.896471222 37.398217917, 136.896429444 37.398232611, 136.896444278 37.398259472, 136.896486083 37.398244778)))",493.1525607242404,315.7077468250966,16.39561447549829,16.39561447549829,石川県、輪島市、鳳至町寺山岸，堂金田,0,0,0,8.4,multi
C:\Users\admin\Documents\GitHub\SensingRisk\sitelens\data\noto_crops\all\bldg_000344.png,20230303-49281-13461-s-8600,survived,0,136.89650172744885,37.39873307809089,"MULTIPOLYGON (((136.896570611 37.3987535, 136.896535917 37.398700028, 136.896516083 37.398708222, 136.896497194 37.398679111, 136.896435194 37.398704694, 136.896489444 37.398788278, 136.896570611 37.3987535)))",489.0135224331045,187.00553447715873,41.50273000625296,41.50273000625296,石川県、輪島市、鳳至町石浦町,0,0,0,8.4,multi
C:\Users\admin\Documents\GitHub\SensingRisk\sitelens\data\noto_crops\all\bldg_000345.png,20230303-49281-13461-s-8625,survived,0,136.896540903,37.398855194499994,"MULTIPOLYGON (((136.896514417 37.398908722, 136.8966125 37.398848167, 136.896567389 37.398801667, 136.896469306 37.398862222, 136.896514417 37.398908722)))",495.8889067556787,158.2878969522132,41.919574623704875,41.919574623704875,石川県、輪島市、鳳至町石浦町,0,0,0,8.4,multi
C:\Users\admin\Documents\GitHub\SensingRisk\sitelens\data\noto_crops\all\bldg_000346.png,20230303-49281-13461-s-8429,survived,0,136.89653054168002,37.39772123589365,"MULTIPOLYGON (((136.896564722 37.397744944, 136.896535056 37.397685278, 136.896496361 37.397697528, 136.896526028 37.397757194, 136.896564722 37.397744944)))",502.2611907094448,432.66797546656903,25.311959524340864,25.311959524340864,石川県、輪島市、鳳至町寺山岸，堂金田,0,0,0,8.4,multi
C:\Users\admin\Documents\GitHub\SensingRisk\sitelens\data\noto_crops\all\bldg_000347.png,20230303-49281-13461-s-8589,survived,0,136.8965533353919,37.39864918555562,"MULTIPOLYGON (((136.896537639 37.398684667, 136.896599 37.398658583, 136.896569028 37.398613694, 136.896507667 37.398639806, 136.896537639 37.398684667)))",505.48154257615244,213.90321644072327,27.36872928513756,27.36872928513756,石川県、輪島市、鳳至町石浦町,0,0,0,8.4,multi
C:\Users\admin\Documents\GitHub\SensingRisk\sitelens\data\noto_crops\all\bldg_000348.png,20230303-49281-13461-s-8479,survived,0,136.8965545724378,37.39797782472386,"MULTIPOLYGON (((136.896530333 37.398011722, 136.896602167 37.397986861, 136.896578806 37.397943917, 136.896506972 37.397968806, 136.896530333 37.398011722)))",505.8570768309686,371.57900397953824,27.07847497071424,27.07847497071424,石川県、輪島市、鳳至町寺山岸，堂金田,0,0,0,8.4,multi
C:\Users\admin\Documents\GitHub\SensingRisk\sitelens\data\noto_crops\all\bldg_000349.png,20230303-49281-13461-s-8401,survived,0,136.89656691649998,37.397589167,"MULTIPOLYGON (((136.896623639 37.397623306, 136.896582111 37.397533806, 136.896510194 37.397555028, 136.896551722 37.397644528, 136.896623639 37.397623306)))",502.05305952241827,456.6682177851025,39.289804834574966,39.289804834574966,石川県、輪島市、鳳至町寺山岸，堂金田,0,0,0,8.4,multi
C:\Users\admin\Documents\GitHub\SensingRisk\sitelens\data\noto_crops\all\bldg_000350.png,20230303-49281-13461-s-8455,survived,0,136.89657191677395,37.39786915689422,"MULTIPOLYGON (((136.896627111 37.397902278, 136.896584833 37.397819333, 136.896512222 37.397842889, 136.896533806 37.39788525, 136.896550056 37.39788, 136.896571361 37.397921806, 136.896627111 37.397902278)))",503.44877841975097,391.5219626166785,37.52364134843208,37.52364134843208,石川県、輪島市、鳳至町寺山岸，堂金田,0,0,0,8.4,multi
C:\Users\admin\Documents\GitHub\SensingRisk\sitelens\data\noto_crops\all\bldg_000351.png,20230303-49281-13461-s-8422,survived,0,136.89659239605876,37.397686197920024,"MULTIPOLYGON (((136.89663825 37.397711722, 136.896611611 37.397644306, 136.896546528 37.397660694, 136.896573194 37.397728083, 136.89663825 37.397711722)))",511.2370070852889,438.3368510634345,30.41874602674386,30.41874602674386,石川県、輪島市、鳳至町寺山岸，堂金田,0,0,0,8.4,multi
C:\Users\admin\Documents\GitHub\SensingRisk\sitelens\data\noto_crops\all\bldg_000352.png,20230303-49281-13461-s-8601,survived,0,136.89661163865387,37.39873204175436,"MULTIPOLYGON (((136.896659583 37.398753139, 136.896617972 37.398688667, 136.896563694 37.398710944, 136.896605306 37.398775417, 136.896659583 37.398753139)))",514.2321359182486,192.34203720567973,31.605222130135417,31.605222130135417,石川県、輪島市、鳳至町石浦町,0,0,0,8.4,multi
C:\Users\admin\Documents\GitHub\SensingRisk\sitelens\data\noto_crops\all\bldg_000353.png,20230303-49281-13461-s-8958,survived,0,136.89681935821892,37.3982479862217,"MULTIPOLYGON (((136.896888417 37.39833025, 136.896882306 37.398320194, 136.896971639 37.398285472, 136.896999472 37.398331056, 136.897074083 37.398302056, 136.897000194 37.398181056, 136.896788389 37.398263417, 136.896725194 37.398159917, 136.896708944 37.39816625, 136.896664833 37.398094, 136.896566861 37.398132083, 136.896609139 37.398201333, 136.89665 37.398185444, 136.896768833 37.398380028, 136.896888417 37.39833025)))",498.04935750431486,253.38509742773286,141.82955090204877,141.82955090204877,石川県、輪島市、鳳至町石浦町,0,0,0,8.4,multi
C:\Users\admin\Documents\GitHub\SensingRisk\sitelens\data\noto_crops\all\bldg_000354.png,20230303-49281-13461-s-8473,survived,0,136.89663445609366,37.39794809218251,"MULTIPOLYGON (((136.896680778 37.397960611, 136.896655556 37.397912889, 136.896588139 37.397935556, 136.896613361 37.397983306, 136.896680778 37.397960611)))",520.5929584390618,378.3965780376301,27.391489729610328,27.391489729610328,石川県、輪島市、鳳至町寺山岸，堂金田,0,0,0,8.4,multi
C:\Users\admin\Documents\GitHub\SensingRisk\sitelens\data\noto_crops\all\bldg_000355.png,20230303-49281-13461-s-8448,survived,0,136.89665440285233,37.397847833263434,"MULTIPOLYGON (((136.896709028 37.397876306, 136.896668222 37.397796944, 136.896599778 37.397819361, 136.896640583 37.397898722, 136.896709028 37.397876306)))",519.6571346254021,397.26926788338324,36.69898590560689,36.69898590560689,石川県、輪島市、鳳至町寺山岸，堂金田,0,0,0,8.4,multi
C:\Users\admin\Documents\GitHub\SensingRisk\sitelens\data\noto_crops\all\bldg_000356.png,20230303-49281-13461-s-8469,survived,0,136.89671351919037,37.39792665175632,"MULTIPOLYGON (((136.896750667 37.397937806, 136.896726167 37.397896639, 136.896676361 37.3979155, 136.896700889 37.397956667, 136.896750667 37.397937806)))",537.6242596633067,385.72268375621144,22.802913939920245,22.802913939920245,石川県、輪島市、鳳至町寺山岸，堂金田,0,0,0,8.4,multi
C:\Users\admin\Documents\GitHub\SensingRisk\sitelens\data\noto_crops\all\bldg_000357.png,20230303-49281-13461-s-8447,survived,0,136.8967527493617,37.397858990065636,"MULTIPOLYGON (((136.896821222 37.397923472, 136.896742556 37.397774861, 136.896684278 37.397794528, 136.896762944 37.397943111, 136.896821222 37.397923472)))",526.7307293789588,383.39267135277925,59.21821555488589,59.21821555488589,石川県、輪島市、鳳至町寺山岸，堂金田,0,0,0,8.4,multi
C:\Users\admin\Documents\GitHub\SensingRisk\sitelens\data\noto_crops\all\bldg_000358.png,20230303-49281-13461-s-8441,destroyed,1,136.8968311376246,37.397835621919576,"MULTIPOLYGON (((136.896751611 37.397769028, 136.896831028 37.397914667, 136.896908528 37.39788775, 136.8968475 37.397775861, 136.896814444 37.397787333, 136.896796861 37.397755083, 136.896751611 37.397769028)))",542.6691958839044,390.57523375852776,56.16808149264705,56.16808149264705,石川県、輪島市、鳳至町寺山岸，堂金田,0,0,0,8.4,multi
C:\Users\admin\Documents\GitHub\SensingRisk\sitelens\data\noto_crops\all\bldg_000359.png,20230303-49281-13461-s-8959,survived,0,136.8969304767797,37.39853842010776,"MULTIPOLYGON (((136.897025333 37.398695806, 136.897005667 37.398662194, 136.897116861 37.398620778, 136.896957889 37.398349111, 136.896784667 37.398413611, 136.896797972 37.398436333, 136.896747639 37.398455083, 136.8969125 37.398736778, 136.897025333 37.398695806)))",521.5783344083595,184.292466156918,136.4454559855526,136.4454559855526,石川県、輪島市、鳳至町石浦町,0,0,0,8.4,multi
C:\Users\admin\Documents\GitHub\SensingRisk\sitelens\data\noto_crops\all\bldg_000360.png,20230303-49281-13461-s-8410,survived,0,136.8969652832415,37.39762080767421,"MULTIPOLYGON (((136.896997944 37.397655111, 136.896985444 37.397624639, 136.897004389 37.397619667, 136.896987472 37.397578417, 136.896922556 37.397595389, 136.896952194 37.397667583, 136.896997944 37.397655111)))",579.9296750140411,452.682735087783,31.383366469763075,31.383366469763075,石川県、輪島市、鳳至町上町,0,0,0,8.4,multi
C:\Users\admin\Documents\GitHub\SensingRisk\sitelens\data\noto_crops\all\bldg_000361.png,20230303-49281-13461-s-8423,survived,0,136.8970478625778,37.39771328299302,"MULTIPOLYGON (((136.897116667 37.397753583, 136.897069222 37.397647361, 136.896979056 37.397673, 136.8970265 37.397779194, 136.897116667 37.397753583)))",587.8133233590764,423.6520828056086,47.078569361135294,47.078569361135294,石川県、輪島市、鳳至町上町,0,0,0,8.4,multi
C:\Users\admin\Documents\GitHub\SensingRisk\sitelens\data\noto_crops\all\bldg_000362.png,20230303-49281-13461-s-8407,survived,0,136.89703573848402,37.39758857687278,"MULTIPOLYGON (((136.897016639 37.397612278, 136.897068972 37.397598083, 136.897054861 37.397564889, 136.8970025 37.397579056, 136.897016639 37.397612278)))",599.63317497737,466.9909587939333,18.918152069380767,18.918152069380767,石川県、輪島市、鳳至町上町,0,0,0,8.4,multi
C:\Users\admin\Documents\GitHub\SensingRisk\sitelens\data\noto_crops\all\bldg_000363.png,20230303-49281-13461-s-8442,survived,0,136.8971118690079,37.39779533774583,"MULTIPOLYGON (((136.897084583 37.397834167, 136.897166111 37.39780575, 136.897139167 37.3977565, 136.897057611 37.397784944, 136.897084583 37.397834167)))",607.8062299829812,412.46069065157036,30.953499122045173,30.953499122045173,石川県、輪島市、鳳至町上町,0,0,0,8.4,multi
C:\Users\admin\Documents\GitHub\SensingRisk\sitelens\data\noto_crops\all\bldg_000364.png,20230303-49281-13461-s-8611,survived,0,136.89717150432523,37.39880280645384,"MULTIPOLYGON (((136.897183 37.398871694, 136.897231 37.398828722, 136.897207278 37.398811889, 136.897240778 37.398781889, 136.897174 37.398734389, 136.897092306 37.398807528, 136.897183 37.398871694)))",608.6578703403386,166.6666731788946,49.63677280745662,49.63677280745662,石川県、輪島市、鳳至町鳳来石浦,0,0,0,8.4,multi
C:\Users\admin\Documents\GitHub\SensingRisk\sitelens\data\noto_crops\all\bldg_000365.png,20230303-49281-13461-s-8424,destroyed,1,136.89719117559378,37.39772023850968,"MULTIPOLYGON (((136.897258389 37.397755806, 136.897198222 37.397656139, 136.897123972 37.397684667, 136.897184111 37.397784333, 136.897258389 37.397755806)))",615.1442186888668,422.6336116253677,45.84997470048813,45.84997470048813,石川県、輪島市、鳳至町上町,0,0,0,8.4,multi
C:\Users\admin\Documents\GitHub\SensingRisk\sitelens\data\noto_crops\all\bldg_000367.png,20230303-49281-13461-s-8495,survived,0,136.89729850925931,37.39816699358632,"MULTIPOLYGON (((136.897411028 37.398238528, 136.897293639 37.398052278, 136.897186 37.398095472, 136.897303361 37.398281694, 136.897411028 37.398238528)))",617.7043483012682,300.3582328355835,80.74654466435021,80.74654466435021,石川県、輪島市、鳳至町鳳至丁南鳳至本町,0,0,0,8.4,multi
C:\Users\admin\Documents\GitHub\SensingRisk\sitelens\data\noto_crops\all\bldg_000368.png,20230303-49281-13461-s-8475,survived,0,136.89726102768122,37.397978805450975,"MULTIPOLYGON (((136.897324361 37.397999222, 136.897276806 37.397925778, 136.897197694 37.397958389, 136.89724525 37.398031833, 136.897324361 37.397999222)))",631.2166544111161,365.0139065937045,39.74595227408645,39.74595227408645,石川県、輪島市、鳳至町鳳至丁南鳳至本町,0,0,0,8.4,multi
C:\Users\admin\Documents\GitHub\SensingRisk\sitelens\data\noto_crops\all\bldg_000369.png,20230303-49281-13461-s-8431,destroyed,1,136.89728498618908,37.39772076396224,"MULTIPOLYGON (((136.897269417 37.397746972, 136.897319528 37.397729806, 136.897300556 37.397694556, 136.897250444 37.397711722, 136.897269417 37.397746972)))",645.3537431963198,435.2326316177071,20.40415091887212,20.40415091887212,石川県、輪島市、鳳至町上町,0,0,0,8.4,multi
C:\Users\admin\Documents\GitHub\SensingRisk\sitelens\data\noto_crops\all\bldg_000370.png,20230303-49281-13461-s-8529,survived,0,136.89740834792076,37.39834385620155,"MULTIPOLYGON (((136.897375361 37.398413583, 136.897504833 37.398355472, 136.897458444 37.398289694, 136.897399 37.398316389, 136.897371278 37.398277083, 136.897325389 37.398297694, 136.897358222 37.39834425, 136.897333556 37.398355333, 136.897375361 37.398413583)))",653.272087964189,272.3427080622763,53.081577649172004,53.081577649172004,石川県、輪島市、鳳至町鳳至丁南鳳至本町,0,0,0,8.4,multi
C:\Users\admin\Documents\GitHub\SensingRisk\sitelens\data\noto_crops\all\bldg_000371.png,20230303-49281-13461-s-8525,survived,0,136.89740678750715,37.3982727174519,"MULTIPOLYGON (((136.89739 37.398291444, 136.897435639 37.398273056, 136.897423583 37.398254, 136.897377944 37.398272361, 136.89739 37.398291444)))",670.195663939582,307.8548683295449,16.132691287994362,16.132691287994362,石川県、輪島市、鳳至町鳳至丁南鳳至本町,0,0,0,8.4,multi
C:\Users\admin\Documents\GitHub\SensingRisk\sitelens\data\noto_crops\all\bldg_000372.png,20230303-49281-13461-s-8414,survived,0,136.89743075464057,37.39765390940997,"MULTIPOLYGON (((136.897408528 37.397709139, 136.897503528 37.397673611, 136.897487056 37.397645583, 136.897481111 37.397647833, 136.897454 37.397601667, 136.897403639 37.397620528, 136.897398167 37.397611222, 136.897361278 37.397625, 136.897408528 37.397709139)))",662.0830046150245,439.8179223930053,41.906669214071485,41.906669214071485,石川県、輪島市、鳳至町上町,0,0,0,8.4,multi
C:\Users\admin\Documents\GitHub\SensingRisk\sitelens\data\noto_crops\all\bldg_000373.png,20230303-49281-13461-s-8593,survived,0,136.89728972019884,37.398707269361815,"MULTIPOLYGON (((136.897331778 37.398690667, 136.897347556 37.398672806, 136.897305806 37.398642333, 136.897234417 37.398696889, 136.897254222 37.398716806, 136.897226306 37.398734528, 136.897262028 37.398770361, 136.897345861 37.398724056, 136.897331778 37.398690667)))",633.3876657382572,191.64309214613345,45.06145439096491,45.06145439096491,石川県、輪島市、鳳至町鳳来石浦,0,0,0,8.4,multi
C:\Users\admin\Documents\GitHub\SensingRisk\sitelens\data\noto_crops\all\bldg_000374.png,20230303-49281-13461-s-8640,survived,0,136.8973316181405,37.39895097032329,"MULTIPOLYGON (((136.89740325 37.398973361, 136.897303417 37.39889325, 136.897261444 37.398928917, 136.897356806 37.399007806, 136.89740325 37.398973361)))",642.6261516530116,135.11987734233642,43.51679460496388,43.51679460496388,石川県、輪島市、鳳至町鳳来石浦,0,0,0,8.4,multi
C:\Users\admin\Documents\GitHub\SensingRisk\sitelens\data\noto_crops\all\bldg_000375.png,20230303-49281-13461-s-8408,survived,0,136.89722481831905,37.3976143061707,"MULTIPOLYGON (((136.897167833 37.397648611, 136.897237417 37.397633556, 136.897244944 37.397655667, 136.897294389 37.397644944, 136.897269306 37.397571139, 136.897146694 37.397597667, 136.897167833 37.397648611)))",622.8932354980045,449.97703671730403,41.298515282736844,41.298515282736844,石川県、輪島市、鳳至町上町,0,0,0,8.4,multi
C:\Users\admin\Documents\GitHub\SensingRisk\sitelens\data\noto_crops\all\bldg_000376.png,20230303-49281-13461-s-8555,survived,0,136.89656617936913,37.39847045382626,"MULTIPOLYGON (((136.896552667 37.398526139, 136.896637278 37.398470889, 136.896579694 37.398414778, 136.896495083 37.39847, 136.896552667 37.398526139)))",500.15438857068284,248.1172077466788,42.81274604288086,42.81274604288086,石川県、輪島市、鳳至町寺山岸，堂金田,0,0,0,8.4,multi
C:\Users\admin\Documents\GitHub\SensingRisk\sitelens\data\noto_crops\all\bldg_000377.png,20230303-49281-13461-s-8624,survived,0,136.89735274490883,37.39884604420216,"MULTIPOLYGON (((136.89739975 37.398905972, 136.89737775 37.398790306, 136.897302778 37.398799389, 136.897319306 37.398886194, 136.897357444 37.398881583, 136.897362944 37.398910444, 136.89739975 37.398905972)))",646.7687105216877,159.23632697620891,42.284445649061695,42.284445649061695,石川県、輪島市、鳳至町鳳来石浦,0,0,0,8.4,multi
C:\Users\admin\Documents\GitHub\SensingRisk\sitelens\data\noto_crops\all\bldg_000378.png,20230303-49281-13461-s-8549,survived,0,136.896520278,37.398413000000005,"MULTIPOLYGON (((136.896498889 37.398451528, 136.896571528 37.398402833, 136.896541667 37.398374472, 136.896469028 37.398423167, 136.896498889 37.398451528)))",497.9508151249345,267.95275820595543,30.106200555379758,30.106200555379758,石川県、輪島市、鳳至町寺山岸，堂金田,0,0,0,8.4,multi
C:\Users\admin\Documents\GitHub\SensingRisk\sitelens\data\noto_crops\all\bldg_000379.png,20230303-49281-13461-s-8425,survived,0,136.8973508981248,37.39770053041039,"MULTIPOLYGON (((136.897391028 37.397723722, 136.897353889 37.397661056, 136.897310778 37.397677333, 136.897347889 37.39774, 136.897391028 37.397723722)))",653.8742399313035,436.2135598003824,27.938796267645614,27.938796267645614,石川県、輪島市、鳳至町上町,0,0,0,8.4,multi
C:\Users\admin\Documents\GitHub\SensingRisk\sitelens\data\noto_crops\all\bldg_000380.png,20230303-49281-13461-s-8402,survived,0,136.89737287286533,37.39757017524405,"MULTIPOLYGON (((136.897355111 37.397604111, 136.897416444 37.397582194, 136.897390639 37.39753625, 136.897329306 37.397558139, 136.897355111 37.397604111)))",658.8663393878825,467.69500735434906,26.146352686374655,26.146352686374655,石川県、輪島市、鳳至町上町,0,0,0,8.4,multi
C:\Users\admin\Documents\GitHub\SensingRisk\sitelens\data\noto_crops\all\bldg_000381.png,20230303-49281-13461-s-8634,survived,0,136.89725561211725,37.398885148723295,"MULTIPOLYGON (((136.897251028 37.398922139, 136.89730275 37.398878167, 136.89725875 37.398849028, 136.897209306 37.398890667, 136.897251028 37.398922139)))",636.0986241566109,158.05806340379533,28.11806408823199,28.11806408823199,石川県、輪島市、鳳至町鳳来石浦,0,0,0,8.4,multi
C:\Users\admin\Documents\GitHub\SensingRisk\sitelens\data\noto_crops\all\bldg_000382.png,20230303-49281-13461-s-8481,survived,0,136.89647616699997,37.398007778,"MULTIPOLYGON (((136.896519056 37.39802075, 136.896496056 37.397974806, 136.896433278 37.397994806, 136.896456278 37.39804075, 136.896519056 37.39802075)))",492.0125375714164,365.320175342868,25.53698287680527,25.53698287680527,石川県、輪島市、鳳至町寺山岸，堂金田,0,0,0,8.4,multi
C:\Users\admin\Documents\GitHub\SensingRisk\sitelens\data\noto_crops\all\bldg_000383.png,20230303-49281-13461-s-8460,survived,0,136.89649311099998,37.397895500000004,"MULTIPOLYGON (((136.896541278 37.397924917, 136.896498972 37.397847333, 136.896444944 37.397866083, 136.89648725 37.397943667, 136.896541278 37.397924917)))",490.9864915277112,387.480869349307,33.90625603221224,33.90625603221224,石川県、輪島市、鳳至町寺山岸，堂金田,0,0,0,8.4,multi
C:\Users\admin\Documents\GitHub\SensingRisk\sitelens\data\noto_crops\all\bldg_000384.png,20230303-49281-13461-s-8630,survived,0,136.89704407795455,37.39888323217275,"MULTIPOLYGON (((136.897057 37.398924111, 136.897092861 37.398892833, 136.897039139 37.398839, 136.896992667 37.398881806, 136.897057 37.398924111)))",594.5395093211459,157.19938461239263,31.725711693579512,31.725711693579512,石川県、輪島市、鳳至町鳳来石浦,0,0,0,8.4,multi
C:\Users\admin\Documents\GitHub\SensingRisk\sitelens\data\noto_crops\all\bldg_000385.png,20230303-49281-13461-s-8419,survived,0,136.89667028274644,37.39766841391084,"MULTIPOLYGON (((136.896713028 37.397695639, 136.896680889 37.397625222, 136.896629556 37.397638833, 136.896656944 37.397711611, 136.896713028 37.397695639)))",525.9519863965525,442.5147416339062,30.405957939410257,30.405957939410257,石川県、輪島市、鳳至町寺山岸，堂金田,0,0,0,8.4,multi
C:\Users\admin\Documents\GitHub\SensingRisk\sitelens\data\noto_crops\all\bldg_000386.png,20230303-49281-13461-s-7568,survived,0,136.89657112831105,37.39393035246131,"MULTIPOLYGON (((136.896553222 37.393922306, 136.896556917 37.393941389, 136.896589417 37.393937389, 136.896586111 37.393920222, 136.896553222 37.393922306)))",517.4583128505283,1329.6643413165107,10.12085555394492,10.12085555394492,石川県、輪島市、鳳至町稲荷東三，四,0,0,0,8.4,multi
C:\Users\admin\Documents\GitHub\SensingRisk\sitelens\data\noto_crops\all\bldg_000387.png,20230303-49281-13461-s-7371,survived,0,136.8965774998791,37.393225853633204,"MULTIPOLYGON (((136.896544694 37.393181389, 136.896553611 37.393212194, 136.896531111 37.393216528, 136.896548083 37.393276167, 136.896622833 37.393260861, 136.89660225 37.393172, 136.896544694 37.393181389)))",505.240841634208,1482.2210656330515,36.66320273253518,36.66320273253518,石川県、輪島市、鳳至町畠田南,0,0,0,8.4,multi
C:\Users\admin\Documents\GitHub\SensingRisk\sitelens\data\noto_crops\all\bldg_000388.png,20230303-49281-13461-s-7557,survived,0,136.89657875598581,37.39389234500404,"MULTIPOLYGON (((136.896603361 37.393909472, 136.896593056 37.393868917, 136.896554139 37.393875222, 136.896564472 37.393915778, 136.896603361 37.393909472)))",515.5186572903594,1335.3634693713072,16.77045785966152,16.77045785966152,石川県、輪島市、鳳至町稲荷東三，四,0,0,0,8.4,multi
C:\Users\admin\Documents\GitHub\SensingRisk\sitelens\data\noto_crops\all\bldg_000389.png,20230303-49281-13461-s-7471,survived,0,136.89664165282187,37.393545569259764,"MULTIPOLYGON (((136.896608306 37.393563, 136.896677056 37.393560194, 136.896675 37.393528139, 136.89660625 37.393530944, 136.896608306 37.393563)))",525.7304590119256,1415.2185911728893,19.798792595333452,19.798792595333452,石川県、輪島市、鳳至町畠田南,0,0,0,8.4,multi
C:\Users\admin\Documents\GitHub\SensingRisk\sitelens\data\noto_crops\all\bldg_000390.png,20230303-49281-13461-s-7523,survived,0,136.8967011895073,37.39380278875099,"MULTIPOLYGON (((136.896653667 37.393836111, 136.896749333 37.393820222, 136.896732639 37.393757389, 136.896699806 37.393762944, 136.896707333 37.393791194, 136.896643333 37.393799111, 136.896653667 37.393836111)))",530.3690743005312,1350.726182072035,30.907743595168995,30.907743595168995,石川県、輪島市、鳳至町稲荷東三，四,0,0,0,8.4,multi
C:\Users\admin\Documents\GitHub\SensingRisk\sitelens\data\noto_crops\all\bldg_000391.png,20230303-49281-13461-s-7721,survived,0,136.89682977291943,37.39454134068778,"MULTIPOLYGON (((136.896743583 37.394587333, 136.8969125 37.394567444, 136.896900806 37.394495889, 136.896777778 37.394501583, 136.896782944 37.394536222, 136.896740778 37.394540833, 136.896743583 37.394587333)))",546.1052693631914,1167.3946023939193,48.01695143381755,48.01695143381755,石川県、輪島市、鳳至町稲荷東三，四,0,0,0,8.4,multi
C:\Users\admin\Documents\GitHub\SensingRisk\sitelens\data\noto_crops\all\bldg_000392.png,20230303-49281-13461-s-7348,survived,0,136.89688555868733,37.39315278052394,"MULTIPOLYGON (((136.896774167 37.393185694, 136.896995917 37.393182417, 136.896997611 37.39311925, 136.89677275 37.393124083, 136.896774167 37.393185694)))",549.5888252470229,1485.91801127102,62.87569278081253,62.87569278081253,石川県、輪島市、鳳至町畠田南,0,0,0,8.4,multi
C:\Users\admin\Documents\GitHub\SensingRisk\sitelens\data\noto_crops\all\bldg_000393.png,20230303-49281-13461-s-7519,survived,0,136.89692620203527,37.39377684677411,"MULTIPOLYGON (((136.896843806 37.393810306, 136.897038444 37.393782611, 136.897030889 37.393748917, 136.896913 37.393765667, 136.89690925 37.393748944, 136.896830583 37.393760111, 136.896843806 37.393810306)))",561.1619352552626,1341.1404215938683,58.12214825418255,58.12214825418255,石川県、輪島市、新橋通,0,0,0,8.4,multi
C:\Users\admin\Documents\GitHub\SensingRisk\sitelens\data\noto_crops\all\bldg_000394.png,20230303-49281-13461-s-7600,survived,0,136.89695157602299,37.39412341824219,"MULTIPOLYGON (((136.897022917 37.394189806, 136.896995056 37.394043111, 136.896879972 37.394057167, 136.896908417 37.394203833, 136.897022917 37.394189806)))",565.094867352808,1261.2324704983223,56.56861836877556,56.56861836877556,石川県、輪島市、新橋通,0,0,0,8.4,multi
C:\Users\admin\Documents\GitHub\SensingRisk\sitelens\data\noto_crops\all\bldg_000395.png,20230303-49281-13461-s-7648,survived,0,136.89698510883855,37.394246790716984,"MULTIPOLYGON (((136.89704875 37.394271667, 136.897034806 37.394208889, 136.896924222 37.394218194, 136.896935917 37.394287361, 136.89704875 37.394271667)))",582.5011093033685,1242.8574564480296,34.8205525716146,34.8205525716146,石川県、輪島市、新橋通,0,0,0,8.4,multi
C:\Users\admin\Documents\GitHub\SensingRisk\sitelens\data\noto_crops\all\bldg_000396.png,20230303-49281-13461-s-7683,survived,0,136.89698350482288,37.3944110023131,"MULTIPOLYGON (((136.897016028 37.394443694, 136.896999111 37.394370361, 136.896950972 37.394377417, 136.896968278 37.394452472, 136.897016028 37.394443694)))",584.9046303368484,1207.5022788728359,28.90024901690572,28.90024901690572,石川県、輪島市、新橋通,0,0,0,8.4,multi
C:\Users\admin\Documents\GitHub\SensingRisk\sitelens\data\noto_crops\all\bldg_000397.png,20230303-49281-13461-s-7601,survived,0,136.89706950351757,37.39412048837298,"MULTIPOLYGON (((136.897048 37.39419725, 136.897125111 37.394189556, 136.897102611 37.394045778, 136.897012306 37.394054806, 136.89703075 37.394172528, 136.897043639 37.39417125, 136.897048 37.39419725)))",588.5823023140404,1263.3197439470378,53.31293638415332,53.31293638415332,石川県、輪島市、新橋通,0,0,0,8.4,multi
C:\Users\admin\Documents\GitHub\SensingRisk\sitelens\data\noto_crops\all\bldg_000398.png,20230303-49281-13461-s-7382,survived,0,136.8970706059017,37.393232032457576,"MULTIPOLYGON (((136.897031472 37.39326, 136.897109167 37.39326075, 136.897110056 37.393204167, 136.89703175 37.393203361, 136.897031472 37.39326)))",604.27914744483,1487.3392910171733,22.685592068568212,22.685592068568212,石川県、輪島市、鳳至町畠田南,0,0,0,8.4,multi
C:\Users\admin\Documents\GitHub\SensingRisk\sitelens\data\noto_crops\all\bldg_000399.png,20230303-49281-13461-s-7646,survived,0,136.89709315768349,37.39422509995732,"MULTIPOLYGON (((136.897054222 37.394213111, 136.897062306 37.394247722, 136.897132 37.394237333, 136.897123806 37.394202278, 136.897054222 37.394213111)))",608.9135736624401,1254.8197168252104,21.748305098215724,21.748305098215724,石川県、輪島市、新橋通,0,0,0,8.4,multi
C:\Users\admin\Documents\GitHub\SensingRisk\sitelens\data\noto_crops\all\bldg_000400.png,20230303-49281-13461-s-7702,survived,0,136.8971798557329,37.394492889369744,"MULTIPOLYGON (((136.897215083 37.394559778, 136.897187139 37.394437528, 136.897138556 37.394444611, 136.897149611 37.394492889, 136.897171361 37.394489722, 136.897188667 37.3945655, 136.897215083 37.394559778)))",612.8712494456117,1178.290716261212,45.041744316284166,45.041744316284166,石川県、輪島市、新橋通,0,0,0,8.4,multi
C:\Users\admin\Documents\GitHub\SensingRisk\sitelens\data\noto_crops\all\bldg_000401.png,20230303-49281-13461-s-7522,survived,0,136.8971812960546,37.3938024163846,"MULTIPOLYGON (((136.897229167 37.393756361, 136.897130528 37.39376925, 136.897147889 37.393853944, 136.897217944 37.393844806, 136.897208694 37.393799722, 136.897236583 37.393796083, 136.897229167 37.393756361)))",618.977897014141,1346.5385537873567,35.339812002076314,35.339812002076314,石川県、輪島市、新橋通,0,0,0,8.4,multi
C:\Users\admin\Documents\GitHub\SensingRisk\sitelens\data\noto_crops\all\bldg_000402.png,20230303-49281-13461-s-7494,survived,0,136.8972708621291,37.39366253193013,"MULTIPOLYGON (((136.897336889 37.393713444, 136.897315167 37.393610861, 136.897194972 37.393627083, 136.897209139 37.393693917, 136.897269222 37.393685806, 136.897277028 37.393722611, 136.897336889 37.393713444)))",630.5679125025612,1375.2513224526979,42.87140698272492,42.87140698272492,石川県、輪島市、新橋通,0,0,0,8.4,multi
C:\Users\admin\Documents\GitHub\SensingRisk\sitelens\data\noto_crops\all\bldg_000403.png,20230303-49281-13461-s-7615,survived,0,136.89734938111118,37.39416399336642,"MULTIPOLYGON (((136.897394556 37.394227083, 136.897379611 37.394155139, 136.897344083 37.394159833, 136.897338472 37.39413275, 136.89737675 37.394127694, 136.897368889 37.394089861, 136.897305944 37.394098167, 136.897334139 37.394233917, 136.897394556 37.394227083)))",642.3705303703464,1255.1510911940936,50.70275934907136,50.70275934907136,石川県、輪島市、新橋通,0,0,0,8.4,multi
C:\Users\admin\Documents\GitHub\SensingRisk\sitelens\data\noto_crops\all\bldg_000404.png,20230303-49281-13461-s-7590,survived,0,136.89741497614685,37.39404734396255,"MULTIPOLYGON (((136.897349778 37.394080889, 136.897481306 37.394065083, 136.89747125 37.394011611, 136.897370667 37.394023694, 136.897374278 37.394042861, 136.897340833 37.394046889, 136.897349778 37.394080889)))",659.4199377218882,1287.9968902239389,39.279097721311814,39.279097721311814,石川県、輪島市、新橋通,0,0,0,8.4,multi
C:\Users\admin\Documents\GitHub\SensingRisk\sitelens\data\noto_crops\all\bldg_000405.png,20230303-49281-13461-s-7625,survived,0,136.89744111887492,37.39417818211582,"MULTIPOLYGON (((136.897473667 37.394219972, 136.897456306 37.394131667, 136.897408583 37.394137639, 136.897425472 37.3942235, 136.897473667 37.394219972)))",668.5012084786108,1260.6588251981736,32.322058776217546,32.322058776217546,石川県、輪島市、新橋通,0,0,0,8.4,multi
C:\Users\admin\Documents\GitHub\SensingRisk\sitelens\data\noto_crops\all\bldg_000406.png,20230303-49281-13461-s-7671,survived,0,136.89749966781832,37.39433552042479,"MULTIPOLYGON (((136.897535778 37.394347611, 136.897530222 37.394315278, 136.897463972 37.394322528, 136.897469806 37.394356528, 136.897535778 37.394347611)))",685.5748252126906,1229.6319675111656,20.07841286129417,20.07841286129417,石川県、輪島市、新橋通,0,0,0,8.4,multi
C:\Users\admin\Documents\GitHub\SensingRisk\sitelens\data\noto_crops\all\bldg_000407.png,20230303-49281-13461-s-7693,survived,0,136.89664005767875,37.39445439141332,"MULTIPOLYGON (((136.896562444 37.394513139, 136.896651389 37.394503806, 136.896650028 37.394462083, 136.896737472 37.394452722, 136.896736056 37.394434861, 136.896774917 37.394427194, 136.89677275 37.3944075, 136.896551528 37.39443025, 136.896562444 37.394513139)))",508.41865566571556,1179.2455743668518,62.46409174601234,62.46409174601234,石川県、輪島市、鳳至町稲荷東三，四,0,0,0,8.4,multi
C:\Users\admin\Documents\GitHub\SensingRisk\sitelens\data\noto_crops\all\bldg_000409.png,20230303-49281-13461-s-7620,destroyed,1,136.89718598970447,37.39418933005244,"MULTIPOLYGON (((136.897248333 37.394237111, 136.897231194 37.39415575, 136.897180889 37.3941625, 136.897170306 37.394112389, 136.897129861 37.394117806, 136.897157778 37.394250194, 136.897248333 37.394237111)))",613.4295023583419,1251.6984844452816,48.502622258057954,48.502622258057954,石川県、輪島市、新橋通,0,0,0,8.4,multi
C:\Users\admin\Documents\GitHub\SensingRisk\sitelens\data\noto_crops\all\bldg_000410.png,20230303-49281-13461-s-8718,survived,0,136.8966758289906,37.399250461252606,"MULTIPOLYGON (((136.89674275 37.399278472, 136.896639194 37.39919775, 136.896608917 37.399222472, 136.896712472 37.399303167, 136.89674275 37.399278472)))",521.7830732740235,66.28296934237001,40.436978107570695,40.436978107570695,石川県、輪島市、鳳至町鳳来石浦,0,0,0,8.4,multi
C:\Users\admin\Documents\GitHub\SensingRisk\sitelens\data\noto_crops\all\bldg_000411.png,20230303-49281-13461-s-8707,survived,0,136.89673467766238,37.39922248911402,"MULTIPOLYGON (((136.896827694 37.399259917, 136.896683889 37.399149917, 136.896641667 37.399185056, 136.896785444 37.399295056, 136.896827694 37.399259917)))",525.0309407836725,65.12441584296974,55.88099486698127,55.88099486698127,石川県、輪島市、鳳至町鳳来石浦,0,0,0,8.4,multi
C:\Users\admin\Documents\GitHub\SensingRisk\sitelens\data\noto_crops\all\bldg_000412.png,20230303-49281-13461-s-8749,survived,0,136.8968078055,37.399361458,"MULTIPOLYGON (((136.896872917 37.399382472, 136.896771278 37.399313583, 136.896742694 37.399340444, 136.896844333 37.399409333, 136.896872917 37.399382472)))",547.7303536937318,41.58354731802333,37.74514504690668,37.74514504690668,石川県、輪島市、鳳至町鳳来石浦,0,0,0,8.4,multi
C:\Users\admin\Documents\GitHub\SensingRisk\sitelens\data\noto_crops\all\bldg_000413.png,20230303-49281-13461-s-8736,survived,0,136.89687009386745,37.39932954063869,"MULTIPOLYGON (((136.896802639 37.399295472, 136.896838472 37.399320361, 136.896824861 37.399332833, 136.896898944 37.39938425, 136.896938694 37.399347806, 136.896828417 37.39927125, 136.896802639 37.399295472)))",557.0825805148913,47.127005831524095,42.476970844513694,42.476970844513694,石川県、輪島市、鳳至町鳳来石浦,0,0,0,8.4,multi
C:\Users\admin\Documents\GitHub\SensingRisk\sitelens\data\noto_crops\all\bldg_000414.png,20230303-49281-13461-s-8737,survived,0,136.89693675933836,37.39930780658961,"MULTIPOLYGON (((136.896983944 37.399316806, 136.896920444 37.399271361, 136.896889583 37.399298806, 136.896953056 37.39934425, 136.896983944 37.399316806)))",576.5556611124694,58.95856478963363,28.173557337651346,28.173557337651346,石川県、輪島市、鳳至町鳳来石浦,0,0,0,8.4,multi
C:\Users\admin\Documents\GitHub\SensingRisk\sitelens\data\noto_crops\all\bldg_000415.png,20230303-49281-13461-s-8704,survived,0,136.89695700994668,37.399206627412994,"MULTIPOLYGON (((136.89692 37.399257639, 136.896947944 37.399234028, 136.896978139 37.399256778, 136.897041 37.399203667, 136.896962583 37.399144611, 136.896870417 37.399222472, 136.89692 37.399257639)))",570.3248117764791,74.22802369666556,47.69846394856768,47.69846394856768,石川県、輪島市、鳳至町鳳来石浦,0,0,0,8.4,multi
C:\Users\admin\Documents\GitHub\SensingRisk\sitelens\data\noto_crops\all\bldg_000416.png,20230303-49281-13461-s-8783,survived,0,136.8969974166431,37.39945815296977,"MULTIPOLYGON (((136.897058 37.399467778, 136.896964778 37.399416306, 136.896936833 37.399448528, 136.897030056 37.3995, 136.897058 37.399467778)))",585.0086040496826,20.826868338944074,33.88074884414675,33.88074884414675,石川県、輪島市、鳳至町鳳来石浦,0,0,0,8.4,multi
C:\Users\admin\Documents\GitHub\SensingRisk\sitelens\data\noto_crops\all\bldg_000417.png,20230303-49281-13461-s-8732,survived,0,136.89699451400062,37.399280208166644,"MULTIPOLYGON (((136.896994417 37.399306444, 136.897027389 37.399279806, 136.896994611 37.399253972, 136.896961639 37.399280611, 136.896994417 37.399306444)))",591.3948433352168,69.50785433582492,20.026139840949483,20.026139840949483,石川県、輪島市、鳳至町鳳来石浦,0,0,0,8.4,multi
C:\Users\admin\Documents\GitHub\SensingRisk\sitelens\data\noto_crops\all\bldg_000418.png,20230303-49281-13461-s-8764,survived,0,136.89705178544094,37.39941061105683,"MULTIPOLYGON (((136.89711575 37.399434389, 136.897095306 37.399417861, 136.897105944 37.3994095, 136.897037944 37.399354444, 136.896983361 37.399397361, 136.897069028 37.399466722, 136.89711575 37.399434389)))",590.7296644918689,27.99051775242634,41.87745607311821,41.87745607311821,石川県、輪島市、鳳至町鳳来石浦,0,0,0,8.4,multi
C:\Users\admin\Documents\GitHub\SensingRisk\sitelens\data\noto_crops\all\bldg_000419.png,20230303-49281-13461-s-8698,survived,0,136.89709814250205,37.39914721006531,"MULTIPOLYGON (((136.897087583 37.399169083, 136.897124722 37.399137222, 136.897108722 37.399125333, 136.897071556 37.399157194, 136.897087583 37.399169083)))",612.4734140271714,102.47694324147714,16.503198632643546,16.503198632643546,石川県、輪島市、鳳至町鳳来石浦,0,0,0,8.4,multi
C:\Users\admin\Documents\GitHub\SensingRisk\sitelens\data\noto_crops\all\bldg_000420.png,20230303-49281-13461-s-8756,survived,0,136.8971233261354,37.39937544963598,"MULTIPOLYGON (((136.897182833 37.399396028, 136.897100139 37.399330861, 136.897065583 37.399358778, 136.897123917 37.39940475, 136.897130056 37.399399778, 136.897154167 37.399418778, 136.897182833 37.399396028)))",608.3920452066365,40.12834546303384,34.38516391619652,34.38516391619652,石川県、輪島市、鳳至町鳳来石浦,0,0,0,8.4,multi
C:\Users\admin\Documents\GitHub\SensingRisk\sitelens\data\noto_crops\all\bldg_000421.png,20230303-49281-13461-s-8680,survived,0,136.89711604200002,37.3990876665,"MULTIPOLYGON (((136.897104806 37.399115, 136.897150056 37.399078139, 136.897127278 37.399060333, 136.897082028 37.399097194, 136.897104806 37.399115)))",613.6581533860866,114.29536215035537,20.808442093590116,20.808442093590116,石川県、輪島市、鳳至町鳳来石浦,0,0,0,8.4,multi
C:\Users\admin\Documents\GitHub\SensingRisk\sitelens\data\noto_crops\all\bldg_000422.png,20230303-49281-13461-s-8819,survived,0,136.8971234439704,37.39958568685217,"MULTIPOLYGON (((136.897094639 37.399614583, 136.897159694 37.399600417, 136.897142944 37.399551444, 136.897114472 37.399557639, 136.897119333 37.399571861, 136.897085833 37.399579139, 136.897094639 37.399614583)))",613.5750116478862,-3.2708339673292457,23.480682405207894,23.480682405207894,石川県、輪島市、鳳至町鳳来石浦,0,0,0,8.4,multi
C:\Users\admin\Documents\GitHub\SensingRisk\sitelens\data\noto_crops\all\bldg_000423.png,20230303-49281-13461-s-8741,survived,0,136.8971516227129,37.39933941868689,"MULTIPOLYGON (((136.897211417 37.399381722, 136.897181889 37.399358222, 136.897192222 37.399349944, 136.897118861 37.3992915, 136.897093472 37.399311806, 136.897195528 37.399393083, 136.897211417 37.399381722)))",612.0116202398797,46.11674718059392,37.67334406283295,37.67334406283295,石川県、輪島市、鳳至町鳳来石浦,0,0,0,8.4,multi
C:\Users\admin\Documents\GitHub\SensingRisk\sitelens\data\noto_crops\all\bldg_000424.png,20230303-49281-13461-s-8689,survived,0,136.89716344047525,37.39914252484063,"MULTIPOLYGON (((136.897143972 37.399192083, 136.897214417 37.399133833, 136.897158722 37.399091, 136.897135889 37.399109861, 136.897162111 37.399130056, 136.897113972 37.399169861, 136.897143972 37.399192083)))",615.2497806453664,94.2692809663877,35.577740762507005,35.577740762507005,石川県、輪島市、鳳至町鳳来石浦,0,0,0,8.4,multi
C:\Users\admin\Documents\GitHub\SensingRisk\sitelens\data\noto_crops\all\bldg_000425.png,20230303-49281-13461-s-8716,survived,0,136.89725522480316,37.39925902613223,"MULTIPOLYGON (((136.897166222 37.399235667, 136.897274194 37.399336056, 136.8972895 37.399325556, 136.8972685 37.399306028, 136.897278528 37.399299167, 136.897301056 37.399320083, 136.897339778 37.399293583, 136.897315917 37.399271389, 136.897328056 37.399263056, 136.897282 37.399220222, 136.897271778 37.399227222, 136.897254028 37.399210722, 136.897264861 37.399203306, 136.897243306 37.39918325, 136.897166222 37.399235667)))",621.4847523937375,56.235582770902695,56.21688739265001,56.21688739265001,石川県、輪島市、鳳至町鳳来石浦,0,0,0,8.4,multi
C:\Users\admin\Documents\GitHub\SensingRisk\sitelens\data\noto_crops\all\bldg_000426.png,20230303-49281-13461-s-8681,survived,0,136.89721684701684,37.3990861525799,"MULTIPOLYGON (((136.897249722 37.399095167, 136.897202028 37.399061083, 136.897183972 37.399077139, 136.897231667 37.399111222, 136.897249722 37.399095167)))",633.1144304289147,115.31547583779222,19.478715983948874,19.478715983948874,石川県、輪島市、鳳至町鳳来石浦,0,0,0,8.4,multi
C:\Users\admin\Documents\GitHub\SensingRisk\sitelens\data\noto_crops\all\bldg_000427.png,20230303-49281-13461-s-8828,survived,0,136.8972487782396,37.39959748213284,"MULTIPOLYGON (((136.897219389 37.399621417, 136.897280694 37.399609056, 136.897268667 37.399571194, 136.897229583 37.399579083, 136.897235 37.399596167, 136.897214389 37.399600306, 136.897219389 37.399621417)))",638.7938880897848,-4.431147292890793,19.56353969495407,19.56353969495407,石川県、輪島市、鳳至町鳳来石浦,0,0,0,8.4,multi
C:\Users\admin\Documents\GitHub\SensingRisk\sitelens\data\noto_crops\all\bldg_000428.png,20230303-49281-13461-s-8705,survived,0,136.89731425624075,37.39919750132178,"MULTIPOLYGON (((136.897382167 37.399229, 136.897289833 37.399145333, 136.897251083 37.399172556, 136.897330944 37.399244889, 136.897351056 37.39923075, 136.897363222 37.39924175, 136.897382167 37.399229)))",642.084149089979,80.11879652133283,38.7392132821478,38.7392132821478,石川県、輪島市、鳳至町鳳来石浦,0,0,0,8.4,multi
C:\Users\admin\Documents\GitHub\SensingRisk\sitelens\data\noto_crops\all\bldg_000429.png,20230303-49281-13461-s-8760,survived,0,136.8972988911748,37.399361242064096,"MULTIPOLYGON (((136.897279528 37.399386472, 136.897328583 37.399378972, 136.89731825 37.399336, 136.897269194 37.399343528, 136.897279528 37.399386472)))",648.7421485337295,51.102926795585674,18.81056791556999,18.81056791556999,石川県、輪島市、鳳至町鳳来石浦,0,0,0,8.4,multi
C:\Users\admin\Documents\GitHub\SensingRisk\sitelens\data\noto_crops\all\bldg_000430.png,20230303-49281-13461-s-8773,survived,0,136.89733022220108,37.399412458218315,"MULTIPOLYGON (((136.897292222 37.399434194, 136.897374722 37.399423889, 136.897368222 37.399390722, 136.897285722 37.399401028, 136.897292222 37.399434194)))",651.5453183756935,36.04618689645575,24.886203734080027,24.886203734080027,石川県、輪島市、鳳至町鳳来石浦,0,0,0,8.4,multi
C:\Users\admin\Documents\GitHub\SensingRisk\sitelens\data\noto_crops\all\bldg_000431.png,20230303-49281-13461-s-8798,survived,0,136.8973286945,37.39950268050001,"MULTIPOLYGON (((136.897359639 37.399531583, 136.897344917 37.399466944, 136.89729775 37.399473778, 136.897312472 37.399538417, 136.897359639 37.399531583)))",651.1256542290863,14.741123955943987,25.156038754724737,25.156038754724737,石川県、輪島市、鳳至町鳳来石浦,0,0,0,8.4,multi
C:\Users\admin\Documents\GitHub\SensingRisk\sitelens\data\noto_crops\all\bldg_000432.png,20230303-49281-13461-s-8692,survived,0,136.8973700228953,37.39915250211446,"MULTIPOLYGON (((136.89743925 37.399180611, 136.897392889 37.399141361, 136.897413667 37.39912575, 136.89738425 37.399100833, 136.897365972 37.399114583, 136.897345889 37.399097583, 136.897296583 37.399134639, 136.897391167 37.399214722, 136.89743925 37.399180611)))",648.9032375713017,86.51782479779502,44.22389353517184,44.22389353517184,石川県、輪島市、鳳至町鳳来石浦,0,0,0,8.4,multi
C:\Users\admin\Documents\GitHub\SensingRisk\sitelens\data\noto_crops\all\bldg_000433.png,20230303-49281-13461-s-8811,survived,0,136.89741104200002,37.39955477750001,"MULTIPOLYGON (((136.897341278 37.399585333, 136.897490056 37.399562444, 136.897480806 37.399524222, 136.897332028 37.399547111, 136.897341278 37.399585333)))",656.9604444609748,-6.999007685597642,44.18783150249055,44.18783150249055,石川県、輪島市、鳳至町鳳来石浦,0,0,0,8.4,multi
C:\Users\admin\Documents\GitHub\SensingRisk\sitelens\data\noto_crops\all\bldg_000435.png,20230303-49281-13461-s-8748,survived,0,136.89740975742623,37.399338903978496,"MULTIPOLYGON (((136.897372861 37.399364278, 136.897452972 37.399356833, 136.897446639 37.399313528, 136.897366556 37.399320972, 136.897372861 37.399364278)))",666.7342912673951,53.66667706920133,24.163664955563036,24.163664955563036,石川県、輪島市、鳳至町鳳来石浦,0,0,0,8.4,multi
C:\Users\admin\Documents\GitHub\SensingRisk\sitelens\data\noto_crops\all\bldg_000436.png,20230303-49281-13461-s-8784,survived,0,136.8974274477943,37.39945307471779,"MULTIPOLYGON (((136.897367806 37.399484667, 136.897484417 37.399467056, 136.8974725 37.399416889, 136.897410139 37.399426306, 136.897414556 37.399444833, 136.897360528 37.399452972, 136.897367806 37.399484667)))",663.8642222457462,22.17680278784615,34.64187520874873,34.64187520874873,石川県、輪島市、鳳至町鳳来石浦,0,0,0,8.4,multi
C:\Users\admin\Documents\GitHub\SensingRisk\sitelens\data\noto_crops\all\bldg_000437.png,20230303-49281-13461-s-8739,survived,0,136.89668607121735,37.3993232389379,"MULTIPOLYGON (((136.896734389 37.399336333, 136.896668861 37.399284917, 136.89663775 37.399310167, 136.896703306 37.399361556, 136.896734389 37.399336333)))",529.2493257203186,54.76419049688968,29.32073061231435,29.32073061231435,石川県、輪島市、鳳至町鳳来石浦,0,0,0,8.4,multi
C:\Users\admin\Documents\GitHub\SensingRisk\sitelens\data\noto_crops\all\bldg_000438.png,20230303-49281-13461-s-8809,survived,0,136.89719596350383,37.39954030493311,"MULTIPOLYGON (((136.897165444 37.399567056, 136.897239444 37.399550528, 136.8972265 37.399513556, 136.897152472 37.399530083, 136.897165444 37.399567056)))",626.8002296659682,6.330988122137008,24.319133843315967,24.319133843315967,石川県、輪島市、鳳至町鳳来石浦,0,0,0,8.4,multi
C:\Users\admin\Documents\GitHub\SensingRisk\sitelens\data\noto_crops\all\bldg_000439.png,20230303-49281-13461-s-8727,survived,0,136.89738950467319,37.399270985954495,"MULTIPOLYGON (((136.897383861 37.399310444, 136.897439278 37.399271472, 136.897395167 37.399231528, 136.897339722 37.3992705, 136.897383861 37.399310444)))",659.9400191910956,66.58618772174127,30.1972423299365,30.1972423299365,石川県、輪島市、鳳至町鳳来石浦,0,0,0,8.4,multi
C:\Users\admin\Documents\GitHub\SensingRisk\sitelens\data\noto_crops\all\bldg_000440.png,20230303-49281-13461-s-8668,survived,0,136.89727579625213,37.39904323685371,"MULTIPOLYGON (((136.897263139 37.399086861, 136.897330556 37.399033389, 136.897288472 37.398999611, 136.897221028 37.399053083, 136.897263139 37.399086861)))",637.1805843150836,118.4635736652693,33.32269703357336,33.32269703357336,石川県、輪島市、鳳至町鳳来石浦,0,0,0,8.4,multi
C:\Users\admin\Documents\GitHub\SensingRisk\sitelens\data\noto_crops\all\bldg_000441.png,20230303-49281-13461-s-8214,destroyed,1,136.896789889,37.396685111,"MULTIPOLYGON (((136.896773306 37.396716472, 136.896830167 37.396696333, 136.896806472 37.39665375, 136.896749611 37.396673889, 136.896773306 37.396716472)))",551.1788955910366,676.3600542547348,24.1683059036676,24.1683059036676,石川県、輪島市、鳳至町住吉区，末広北,0,0,0,8.4,multi
C:\Users\admin\Documents\GitHub\SensingRisk\sitelens\data\noto_crops\all\bldg_000442.png,20230303-49281-13461-s-8145,destroyed,1,136.89684521991785,37.39648509468899,"MULTIPOLYGON (((136.896805167 37.396580056, 136.896933833 37.396537417, 136.896887806 37.396449, 136.896919417 37.396438556, 136.896894222 37.396390167, 136.896754167 37.396433306, 136.896774583 37.396475528, 136.896802667 37.396466861, 136.896813083 37.396488361, 136.896765694 37.396502972, 136.896805167 37.396580056)))",539.9328702429259,701.9556394094006,66.83439960360715,66.83439960360715,石川県、輪島市、鳳至町住吉区，末広北,0,0,0,8.4,multi
C:\Users\admin\Documents\GitHub\SensingRisk\sitelens\data\noto_crops\all\bldg_000443.png,20230303-49281-13461-s-8140,survived,0,136.89697469094,37.39639409306175,"MULTIPOLYGON (((136.897021028 37.396404028, 136.897001444 37.396361972, 136.896928389 37.396383639, 136.896948417 37.396426583, 136.897021028 37.396404028)))",584.7013263957006,743.6718952244154,26.02914813565519,26.02914813565519,石川県、輪島市、鳳至町住吉区，末広北,0,0,0,8.4,multi
C:\Users\admin\Documents\GitHub\SensingRisk\sitelens\data\noto_crops\all\bldg_000444.png,manual,survived,0,136.8970423446686,37.39628734804044,"MULTIPOLYGON (((136.8970000082724 37.39633062761631, 136.89710977468079 37.39629953563988, 136.89708462688844 37.39624667058511, 136.89697817773043 37.396270648695165, 136.8970000082724 37.39633062761631)))",592.2297494941288,763.0729254764746,36.79717435306975,36.79717435306975,石川県、輪島市、鳳至町住吉区，末広北,0,0,0,8.4,multi
C:\Users\admin\Documents\GitHub\SensingRisk\sitelens\data\noto_crops\all\bldg_000445.png,20230303-49281-13461-s-8047,survived,0,136.89710115701672,37.39596083051445,"MULTIPOLYGON (((136.896994194 37.395954028, 136.897013083 37.396003917, 136.897054444 37.395992139, 136.897062556 37.396010361, 136.897202778 37.395970472, 136.897174389 37.395906944, 136.896994194 37.395954028)))",591.6275419818031,829.7409945666609,58.32431370417271,58.32431370417271,石川県、輪島市、鳳至町上町南,0,0,0,8.4,multi
C:\Users\admin\Documents\GitHub\SensingRisk\sitelens\data\noto_crops\all\bldg_000446.png,20230303-49281-13461-s-8160,destroyed,1,136.8971013142193,37.39654225500212,"MULTIPOLYGON (((136.896993667 37.396514306, 136.897047111 37.396615778, 136.897211639 37.396572028, 136.897149194 37.3964665, 136.896993667 37.396514306)))",591.0917895529005,691.7516423147263,60.94938876363972,60.94938876363972,石川県、輪島市、鳳至町住吉区，末広北,0,0,0,8.4,multi
C:\Users\admin\Documents\GitHub\SensingRisk\sitelens\data\noto_crops\all\bldg_000447.png,20230303-49281-13461-s-8078,survived,0,136.89707541246855,37.3961226367539,"MULTIPOLYGON (((136.897026972 37.396187167, 136.897154139 37.396145722, 136.897109056 37.396057667, 136.897006 37.39609125, 136.897030861 37.396139806, 136.897008417 37.396147139, 136.897026972 37.396187167)))",593.4734593167898,796.5936804830819,47.766310180227606,47.766310180227606,石川県、輪島市、鳳至町上町南,0,0,0,8.4,multi
C:\Users\admin\Documents\GitHub\SensingRisk\sitelens\data\noto_crops\all\bldg_000448.png,20230303-49281-13461-s-8213,survived,0,136.89715400492764,37.396722421262005,"MULTIPOLYGON (((136.897074861 37.396795833, 136.897275333 37.396724778, 136.897233139 37.396649, 136.897032667 37.396720083, 136.897074861 37.396795833)))",597.2110926734077,645.7635391016248,67.85433163113055,67.85433163113055,石川県、輪島市、鳳至町住吉区，末広北,0,0,0,8.4,multi
C:\Users\admin\Documents\GitHub\SensingRisk\sitelens\data\noto_crops\all\bldg_000449.png,20230303-49281-13461-s-8138,survived,0,136.89718182131222,37.3964076018043,"MULTIPOLYGON (((136.897168194 37.396452861, 136.89725325 37.396424917, 136.897218361 37.396360444, 136.897096417 37.396403083, 136.897115 37.39643175, 136.897153972 37.396421333, 136.897168194 37.396452861)))",613.0950617313385,731.8559102856818,43.853685283660866,43.853685283660866,石川県、輪島市、鳳至町住吉区，末広北,0,0,0,8.4,multi
C:\Users\admin\Documents\GitHub\SensingRisk\sitelens\data\noto_crops\all\bldg_000450.png,20230303-49281-13461-s-8098,survived,0,136.8971990410402,37.3962386871444,"MULTIPOLYGON (((136.897268056 37.396250306, 136.897236333 37.396191806, 136.897129917 37.396228528, 136.897160361 37.396284611, 136.897268056 37.396250306)))",620.2111178980933,773.9938521772099,38.62646401723225,38.62646401723225,石川県、輪島市、鳳至町住吉区，末広北,0,0,0,8.4,multi
C:\Users\admin\Documents\GitHub\SensingRisk\sitelens\data\noto_crops\all\bldg_000451.png,20230303-49281-13461-s-8112,survived,0,136.89727566113964,37.39629722190678,"MULTIPOLYGON (((136.897227333 37.396352722, 136.897310361 37.396327889, 136.897298361 37.396302333, 136.897321278 37.396295472, 136.89733225 37.396318778, 136.897375222 37.396305917, 136.897345472 37.396242667, 136.897157556 37.396298889, 136.897166528 37.396318, 136.897203083 37.396307056, 136.897227333 37.396352722)))",621.6571741051144,748.9171537894629,60.86382496621877,60.86382496621877,石川県、輪島市、鳳至町住吉区，末広北,0,0,0,8.4,multi
C:\Users\admin\Documents\GitHub\SensingRisk\sitelens\data\noto_crops\all\bldg_000452.png,20230303-49281-13461-s-8128,survived,0,136.89734115948792,37.396382061506415,"MULTIPOLYGON (((136.897263917 37.396364722, 136.89730475 37.396437528, 136.897418361 37.396396972, 136.897379833 37.396328278, 136.897263917 37.396364722)))",644.1462521844546,737.4781802274042,43.75448872246204,43.75448872246204,石川県、輪島市、鳳至町住吉区，末広北,0,0,0,8.4,multi
C:\Users\admin\Documents\GitHub\SensingRisk\sitelens\data\noto_crops\all\bldg_000453.png,20230303-49281-13461-s-8186,survived,0,136.8974033217804,37.396638796205345,"MULTIPOLYGON (((136.8973015 37.396714111, 136.897546083 37.396635972, 136.897510306 37.396564667, 136.897335167 37.396620583, 136.897328556 37.396607417, 136.89727875 37.396623333, 136.897290611 37.396646944, 136.897269 37.396653833, 136.8973015 37.396714111)))",639.6628085401323,660.4335774134693,77.4780223528544,77.4780223528544,石川県、輪島市、鳳至町住吉区，末広北,0,0,0,8.4,multi
C:\Users\admin\Documents\GitHub\SensingRisk\sitelens\data\noto_crops\all\bldg_000454.png,20230303-49281-13461-s-8229,survived,0,136.89735309879984,37.396760544378,"MULTIPOLYGON (((136.897341278 37.396794889, 136.897394222 37.396775222, 136.897365611 37.396726167, 136.8973115 37.39674625, 136.897341278 37.396794889)))",655.293491941756,657.8329359868736,25.830287561020782,25.830287561020782,石川県、輪島市、鳳至町住吉区，末広北,0,0,0,8.4,multi
C:\Users\admin\Documents\GitHub\SensingRisk\sitelens\data\noto_crops\all\bldg_000455.png,20230303-49281-13461-s-8075,survived,0,136.89745506416082,37.39610129083422,"MULTIPOLYGON (((136.897410306 37.396156222, 136.897531528 37.396115, 136.897501139 37.396046389, 136.897377722 37.396087833, 136.897410306 37.396156222)))",665.2706029289823,803.5222996936598,43.81643467336346,43.81643467336346,石川県、輪島市、鳳至町末広南,0,0,0,8.4,multi
C:\Users\admin\Documents\GitHub\SensingRisk\sitelens\data\noto_crops\all\bldg_000456.png,20230303-49281-13461-s-8038,survived,0,136.8975009059664,37.39594501753629,"MULTIPOLYGON (((136.897575306 37.395986361, 136.897548528 37.395955889, 136.897639056 37.395920944, 136.897590722 37.395855861, 136.897369306 37.395935833, 136.897436167 37.396037889, 136.897575306 37.395986361)))",658.7029447555542,823.9528846763792,75.42756693628098,75.42756693628098,石川県、輪島市、鳳至町末広南,0,0,0,8.4,multi
C:\Users\admin\Documents\GitHub\SensingRisk\sitelens\data\noto_crops\all\bldg_000457.png,20230303-49281-13461-s-8222,survived,0,136.89744405492843,37.39673042872939,"MULTIPOLYGON (((136.897426083 37.396770417, 136.897494861 37.396750306, 136.897465194 37.396689444, 136.897390361 37.39671375, 136.897426083 37.396770417)))",669.3092764152201,662.2976198747607,31.259943858826546,31.259943858826546,石川県、輪島市、鳳至町住吉区，末広北,0,0,0,8.4,multi
C:\Users\admin\Documents\GitHub\SensingRisk\sitelens\data\noto_crops\all\bldg_000458.png,20230303-49281-13461-s-8096,survived,0,136.89755268396118,37.396240585377484,"MULTIPOLYGON (((136.897533083 37.396300972, 136.897680472 37.3962405, 136.897642361 37.396181361, 136.897530389 37.396222278, 136.897511083 37.396185889, 136.897434028 37.3962155, 136.897491222 37.39630625, 136.897525556 37.396292472, 136.897533083 37.396300972)))",671.8541383425395,757.5384146353541,68.91073700057132,68.91073700057132,石川県、輪島市、鳳至町住吉区，末広北,0,0,0,8.4,multi
C:\Users\admin\Documents\GitHub\SensingRisk\sitelens\data\noto_crops\all\bldg_000459.png,manual,destroyed,1,136.89753651019683,37.39668905566136,"MULTIPOLYGON (((136.8974742275709 37.396670642848825, 136.89750523978918 37.39674790543568, 136.8975999519305 37.396700021033936, 136.89757142783526 37.39663491728564, 136.8974742275709 37.396670642848825)))",681.9202738683589,666.3347768571805,41.26218023806803,41.26218023806803,石川県、輪島市、鳳至町住吉区，末広北,0,0,0,8.4,multi
C:\Users\admin\Documents\GitHub\SensingRisk\sitelens\data\noto_crops\all\bldg_000460.png,20230303-49281-13461-s-8121,survived,0,136.89767018613634,37.39638576113799,"MULTIPOLYGON (((136.897593028 37.396463833, 136.897717222 37.396411667, 136.897706111 37.396387194, 136.897804861 37.396346306, 136.897764667 37.396305667, 136.897549139 37.396404722, 136.897593028 37.396463833)))",692.8799978839027,723.1695106721968,71.50505383279597,71.50505383279597,石川県、輪島市、鳳至町住吉区，末広北,0,0,0,8.4,multi
C:\Users\admin\Documents\GitHub\SensingRisk\sitelens\data\noto_crops\all\bldg_000461.png,20230303-49281-13461-s-8087,survived,0,136.89768716220593,37.396167218438904,"MULTIPOLYGON (((136.897749083 37.396209389, 136.897723583 37.396169667, 136.897760361 37.396154667, 136.897726694 37.396102139, 136.897592278 37.396157028, 136.89761225 37.396188194, 136.897642917 37.396175694, 136.897682444 37.396237306, 136.897749083 37.396209389)))",702.7877185370295,783.6589439493571,51.43590373480947,51.43590373480947,石川県、輪島市、鳳至町住吉区，末広北,0,0,0,8.4,multi
C:\Users\admin\Documents\GitHub\SensingRisk\sitelens\data\noto_crops\all\bldg_000462.png,manual,survived,0,136.89779309341708,37.39654826938456,"MULTIPOLYGON (((136.8976934616975 37.39654032511405, 136.89785418859282 37.396485978609874, 136.89789003415942 37.39655420081724, 136.89773971404148 37.39661201624722, 136.8976934616975 37.39654032511405)))",722.5402669217851,692.8995834662865,54.96564422713391,54.96564422713391,石川県、輪島市、鳳至町住吉区，末広北,0,0,0,8.4,multi
C:\Users\admin\Documents\GitHub\SensingRisk\sitelens\data\noto_crops\all\bldg_000463.png,20230303-49281-13461-s-8150,survived,0,136.897836514,37.396448055499995,"MULTIPOLYGON (((136.897802139 37.396480389, 136.897889667 37.396448417, 136.897870889 37.396415722, 136.897783361 37.396447694, 136.897802139 37.396480389)))",743.5054335753123,729.2051418520092,29.725312068727362,29.725312068727362,石川県、輪島市、鳳至町住吉区，末広北,0,0,0,8.4,multi
C:\Users\admin\Documents\GitHub\SensingRisk\sitelens\data\noto_crops\all\bldg_000464.png,20230303-49281-13461-s-8124,destroyed,1,136.8970700633411,37.396357975006545,"MULTIPOLYGON (((136.897127167 37.396372583, 136.897097417 37.396316528, 136.897012972 37.396345083, 136.897041167 37.396398194, 136.897127167 37.396372583)))",599.2124855268769,749.068701396642,32.559987536647895,32.559987536647895,石川県、輪島市、鳳至町住吉区，末広北,0,0,0,8.4,multi
C:\Users\admin\Documents\GitHub\SensingRisk\sitelens\data\noto_crops\all\bldg_000465.png,20230303-49281-13461-s-8148,destroyed,1,136.89741043643534,37.3964507170738,"MULTIPOLYGON (((136.897376278 37.39649075, 136.897469778 37.396459972, 136.897444306 37.396410722, 136.897351333 37.396441333, 136.897376278 37.39649075)))",662.4038587941064,726.8790240811677,33.11962248484292,33.11962248484292,石川県、輪島市、鳳至町住吉区，末広北,0,0,0,8.4,multi
C:\Users\admin\Documents\GitHub\SensingRisk\sitelens\data\noto_crops\all\bldg_000466.png,20230303-49281-13461-s-8049,destroyed,1,136.89776504676564,37.39596520013295,"MULTIPOLYGON (((136.897821806 37.39599525, 136.897760083 37.39591525, 136.897709639 37.395940028, 136.897763028 37.396009194, 136.897783472 37.395999167, 136.897791833 37.396009972, 136.897821806 37.39599525)))",727.4788137729104,840.2815303809887,35.38556753228727,35.38556753228727,石川県、輪島市、鳳至町末広南,0,0,0,8.4,multi
C:\Users\admin\Documents\GitHub\SensingRisk\sitelens\data\noto_crops\all\bldg_000467.png,20230303-49281-13461-s-8156,survived,0,136.8972787583207,37.39649858401371,"MULTIPOLYGON (((136.897345 37.396519222, 136.897304722 37.396447, 136.897212694 37.396479667, 136.897251306 37.396548889, 136.897345 37.396519222)))",634.696423873388,712.646653773611,39.43000447269969,39.43000447269969,石川県、輪島市、鳳至町住吉区，末広北,0,0,0,8.4,multi
C:\Users\admin\Documents\GitHub\SensingRisk\sitelens\data\noto_crops\all\bldg_000468.png,20230303-49281-13461-s-7819,survived,0,136.8969745769897,37.39489648860935,"MULTIPOLYGON (((136.896946806 37.394873417, 136.896960306 37.394894139, 136.896926111 37.394908139, 136.896908222 37.394886444, 136.896871417 37.39490425, 136.89690975 37.3949575, 136.897070472 37.39488825, 136.897032417 37.394833083, 136.896946806 37.394873417)))",569.1843339178298,1080.5842543926256,55.65981217490298,55.65981217490298,石川県、輪島市、鳳至町上町南（小学校前）,0,0,0,8.4,multi
C:\Users\admin\Documents\GitHub\SensingRisk\sitelens\data\noto_crops\all\bldg_000469.png,20230303-49281-13461-s-7879,survived,0,136.89701168047742,37.39517794837188,"MULTIPOLYGON (((136.89699225 37.395248917, 136.897115694 37.395193167, 136.897071056 37.395140611, 136.897018694 37.39516075, 136.897009139 37.395144917, 136.897024222 37.395139111, 136.897005472 37.395108056, 136.896917222 37.395142, 136.89699225 37.395248917)))",577.3299415278104,1013.7955948348094,56.33725963546158,56.33725963546158,石川県、輪島市、鳳至町末広南,0,0,0,8.4,multi
C:\Users\admin\Documents\GitHub\SensingRisk\sitelens\data\noto_crops\all\bldg_000470.png,20230303-49281-13461-s-7900,survived,0,136.89714493064673,37.395301285790325,"MULTIPOLYGON (((136.897049333 37.395365861, 136.89726925 37.395288278, 136.897237333 37.395236361, 136.897020389 37.395315722, 136.897049333 37.395365861)))",594.6335996627807,978.3978629562605,69.58657917446567,69.58657917446567,石川県、輪島市、鳳至町末広南,0,0,0,8.4,multi
C:\Users\admin\Documents\GitHub\SensingRisk\sitelens\data\noto_crops\all\bldg_000471.png,20230303-49281-13461-s-7871,survived,0,136.89709522607654,37.395102198822954,"MULTIPOLYGON (((136.897065083 37.395141194, 136.897152639 37.395102056, 136.897125361 37.395063194, 136.897037806 37.395102361, 136.897065083 37.395141194)))",604.1265212959713,1043.8109656492315,32.10963408682085,32.10963408682085,石川県、輪島市、鳳至町末広南,0,0,0,8.4,multi
C:\Users\admin\Documents\GitHub\SensingRisk\sitelens\data\noto_crops\all\bldg_000472.png,20230303-49281-13461-s-7886,survived,0,136.8971611810069,37.39522066899766,"MULTIPOLYGON (((136.897069056 37.395287222, 136.897277778 37.395202472, 136.897248833 37.395152333, 136.897040056 37.395244833, 136.897069056 37.395287222)))",598.8189092106289,999.0396051985417,66.47188902431071,66.47188902431071,石川県、輪島市、鳳至町末広南,0,0,0,8.4,multi
C:\Users\admin\Documents\GitHub\SensingRisk\sitelens\data\noto_crops\all\bldg_000473.png,20230303-49281-13461-s-7757,survived,0,136.8971816217544,37.394689627041295,"MULTIPOLYGON (((136.897092917 37.394670361, 136.897156139 37.394748611, 136.897271417 37.394686889, 136.8972275 37.394636722, 136.897158167 37.394676833, 136.897128861 37.394648417, 136.897092917 37.394670361)))",611.4328590604995,1131.0027408432766,49.912217595842094,49.912217595842094,石川県、輪島市、鳳至町末広,0,0,0,8.4,multi
C:\Users\admin\Documents\GitHub\SensingRisk\sitelens\data\noto_crops\all\bldg_000474.png,20230303-49281-13461-s-7977,survived,0,136.89720969038277,37.39556957120613,"MULTIPOLYGON (((136.897139806 37.395558, 136.897167972 37.395616472, 136.897280167 37.395580361, 136.89725125 37.395523083, 136.897139806 37.395558)))",621.9510084046258,930.5263482651751,39.24778024885393,39.24778024885393,石川県、輪島市、鳳至町末広南,0,0,0,8.4,multi
C:\Users\admin\Documents\GitHub\SensingRisk\sitelens\data\noto_crops\all\bldg_000475.png,20230303-49281-13461-s-7947,survived,0,136.89722363385667,37.395478480173665,"MULTIPOLYGON (((136.897158528 37.395538972, 136.897241556 37.395514111, 136.897234889 37.395499944, 136.897326167 37.395463639, 136.897290444 37.395418861, 136.897131861 37.395481083, 136.897158528 37.395538972)))",617.9559338410695,944.3042560839008,54.33189553684667,54.33189553684667,石川県、輪島市、鳳至町末広南,0,0,0,8.4,multi
C:\Users\admin\Documents\GitHub\SensingRisk\sitelens\data\noto_crops\all\bldg_000476.png,20230303-49281-13461-s-7992,survived,0,136.89725484405508,37.395641016033096,"MULTIPOLYGON (((136.897167167 37.395631361, 136.897198306 37.395698194, 136.897345667 37.395647861, 136.897309278 37.395585194, 136.897167167 37.395631361)))",625.2740622520447,908.3193725823006,49.9122176064385,49.9122176064385,石川県、輪島市、鳳至町末広南,0,0,0,8.4,multi
C:\Users\admin\Documents\GitHub\SensingRisk\sitelens\data\noto_crops\all\bldg_000477.png,20230303-49281-13461-s-7858,survived,0,136.89724754435463,37.39502420223689,"MULTIPOLYGON (((136.897235694 37.395064694, 136.897289722 37.395041194, 136.897281444 37.395030667, 136.897292972 37.395024917, 136.897260333 37.394983278, 136.897197778 37.395014528, 136.897235694 37.395064694)))",633.0357462233958,1063.080753986773,30.272093685469827,30.272093685469827,石川県、輪島市、鳳至町末広南,0,0,0,8.4,multi
C:\Users\admin\Documents\GitHub\SensingRisk\sitelens\data\noto_crops\all\bldg_000478.png,20230303-49281-13461-s-7804,survived,0,136.8972744598422,37.39483658877828,"MULTIPOLYGON (((136.897341806 37.394845, 136.897279278 37.39478525, 136.897208917 37.394823222, 136.897266944 37.394890111, 136.897341806 37.394845)))",633.6637996474379,1101.8343391981323,40.195764337750234,40.195764337750234,石川県、輪島市、鳳至町末広,0,0,0,8.4,multi
C:\Users\admin\Documents\GitHub\SensingRisk\sitelens\data\noto_crops\all\bldg_000479.png,20230303-49281-13461-s-8005,survived,0,136.89734530745994,37.39571639071928,"MULTIPOLYGON (((136.897275722 37.39577825, 136.897479889 37.395717917, 136.897459861 37.39567675, 136.897406028 37.395692722, 136.897388167 37.395673, 136.897346861 37.3956915, 136.897334361 37.395663889, 136.8972355 37.395692361, 136.897275722 37.39577825)))",634.9416067494286,880.4824579958813,68.33611735767795,68.33611735767795,石川県、輪島市、鳳至町末広南,0,0,0,8.4,multi
C:\Users\admin\Documents\GitHub\SensingRisk\sitelens\data\noto_crops\all\bldg_000480.png,20230303-49281-13461-s-7873,survived,0,136.8973323165388,37.395152236544156,"MULTIPOLYGON (((136.897356 37.395101556, 136.89726325 37.395148778, 136.897302417 37.395204306, 136.897405694 37.395152694, 136.897356 37.395101556)))",644.3699567239323,1027.549941975808,40.82144188864277,40.82144188864277,石川県、輪島市、鳳至町末広南,0,0,0,8.4,multi
C:\Users\admin\Documents\GitHub\SensingRisk\sitelens\data\noto_crops\all\bldg_000481.png,20230303-49281-13461-s-7929,survived,0,136.8973430161929,37.395372524686806,"MULTIPOLYGON (((136.897320361 37.395408806, 136.897399667 37.395380972, 136.897380194 37.395345694, 136.897348639 37.395356778, 136.897339083 37.395339444, 136.897290194 37.395356611, 136.897320361 37.395408806)))",651.4248486412896,980.7534392971156,30.61086946063574,30.61086946063574,石川県、輪島市、鳳至町末広南,0,0,0,8.4,multi
C:\Users\admin\Documents\GitHub\SensingRisk\sitelens\data\noto_crops\all\bldg_000482.png,20230303-49281-13461-s-7972,survived,0,136.89743577832195,37.39557900154673,"MULTIPOLYGON (((136.897361361 37.395644333, 136.897533417 37.395584528, 136.897507167 37.395539389, 136.897537194 37.39552825, 136.897525278 37.39550775, 136.897330222 37.395581667, 136.897361361 37.395644333)))",654.3428259372712,919.7436470444145,57.87356583277381,57.87356583277381,石川県、輪島市、鳳至町末広南,0,0,0,8.4,multi
C:\Users\admin\Documents\GitHub\SensingRisk\sitelens\data\noto_crops\all\bldg_000483.png,20230303-49281-13461-s-7928,survived,0,136.8974941280135,37.39540964117259,"MULTIPOLYGON (((136.897422444 37.395485333, 136.89762075 37.395395167, 136.897570167 37.395334278, 136.897366639 37.395422611, 136.897422444 37.395485333)))",658.9346101495955,952.1593750360146,71.05458557870645,71.05458557870645,石川県、輪島市、鳳至町末広南,0,0,0,8.4,multi
C:\Users\admin\Documents\GitHub\SensingRisk\sitelens\data\noto_crops\all\bldg_000484.png,20230303-49281-13461-s-7999,survived,0,136.8974257605575,37.39565553520735,"MULTIPOLYGON (((136.897442111 37.395627222, 136.897387056 37.395651944, 136.897403806 37.395682583, 136.897466639 37.395660667, 136.897442111 37.395627222)))",670.8372494126083,919.0127199079988,22.326939098426692,22.326939098426692,石川県、輪島市、鳳至町末広南,0,0,0,8.4,multi
C:\Users\admin\Documents\GitHub\SensingRisk\sitelens\data\noto_crops\all\bldg_000485.png,20230303-49281-13461-s-7803,survived,0,136.8974570918969,37.39482429568045,"MULTIPOLYGON (((136.897512972 37.394823917, 136.8974795 37.394785111, 136.897400139 37.394826639, 136.897435139 37.3948625, 136.897512972 37.394823917)))",671.7634947776795,1109.4127065794783,31.550393544303006,31.550393544303006,石川県、輪島市、鳳至町末広,0,0,0,8.4,multi
C:\Users\admin\Documents\GitHub\SensingRisk\sitelens\data\noto_crops\all\bldg_000486.png,20230303-49281-13461-s-7844,survived,0,136.89757717953128,37.394988044898795,"MULTIPOLYGON (((136.897530806 37.395061194, 136.897616167 37.39500475, 136.897602889 37.394990028, 136.897679417 37.394946194, 136.897650167 37.394913694, 136.897483167 37.395007444, 136.897530806 37.395061194)))",681.9740753445028,1057.9739674843702,57.634370267457825,57.634370267457825,石川県、輪島市、鳳至町末広,0,0,0,8.4,multi
C:\Users\admin\Documents\GitHub\SensingRisk\sitelens\data\noto_crops\all\bldg_000487.png,20230303-49281-13461-s-8009,survived,0,136.89754787982142,37.39571259168941,"MULTIPOLYGON (((136.897519389 37.395742444, 136.897594222 37.395710417, 136.897575722 37.395682917, 136.897502083 37.395714444, 136.897519389 37.395742444)))",691.7316440529294,903.736977189061,25.76393175125122,25.76393175125122,石川県、輪島市、鳳至町末広南,0,0,0,8.4,multi
C:\Users\admin\Documents\GitHub\SensingRisk\sitelens\data\noto_crops\all\bldg_000488.png,20230303-49281-13461-s-7885,survived,0,136.89761481162589,37.39519647424387,"MULTIPOLYGON (((136.897577194 37.395250833, 136.897699944 37.395187333, 136.897668528 37.395148694, 136.897624222 37.395171611, 136.897611944 37.3951565, 136.897536 37.395195778, 136.897577194 37.395250833)))",694.7078755696615,1014.0506771582473,45.84206499523589,45.84206499523589,石川県、輪島市、鳳至町末広,0,0,0,8.4,multi
C:\Users\admin\Documents\GitHub\SensingRisk\sitelens\data\noto_crops\all\bldg_000489.png,20230303-49281-13461-s-7760,survived,0,136.89763842850812,37.394674124074704,"MULTIPOLYGON (((136.897619667 37.394656083, 136.897611333 37.394684667, 136.897656444 37.394693028, 136.897665306 37.394662556, 136.897619667 37.394656083)))",713.8759846528371,1152.6625102075445,15.091944657431668,15.091944657431668,石川県、輪島市、新橋通,0,0,0,8.4,multi
C:\Users\admin\Documents\GitHub\SensingRisk\sitelens\data\noto_crops\all\bldg_000490.png,20230303-49281-13461-s-7964,survived,0,136.89733126903334,37.39553362059114,"MULTIPOLYGON (((136.897302583 37.39557625, 136.897384139 37.395546028, 136.897361917 37.395490556, 136.897276639 37.395522556, 136.897302583 37.39557625)))",647.6597199994094,942.3254560503723,32.71966260318641,32.71966260318641,石川県、輪島市、鳳至町末広南,0,0,0,8.4,multi
C:\Users\admin\Documents\GitHub\SensingRisk\sitelens\data\noto_crops\all\bldg_000491.png,20230303-49281-13461-s-8016,survived,0,136.8970414342889,37.395769583443006,"MULTIPOLYGON (((136.897111528 37.395730778, 136.896956722 37.395778722, 136.896967806 37.395807333, 136.897123222 37.395763472, 136.897111528 37.395730778)))",586.6035114447276,880.1125146489057,46.556774399015694,46.556774399015694,石川県、輪島市、鳳至町上町南,0,0,0,8.4,multi
C:\Users\admin\Documents\GitHub\SensingRisk\sitelens\data\noto_crops\all\bldg_000492.png,20230303-49281-13461-s-7935,survived,0,136.89718245340572,37.395421308166824,"MULTIPOLYGON (((136.897116167 37.395477472, 136.89718725 37.395452611, 136.897178778 37.395437194, 136.897205472 37.395427861, 136.897213 37.395441556, 136.897253833 37.395424139, 136.897243417 37.395409222, 136.897277222 37.395394222, 136.897262278 37.395363361, 136.897089444 37.395431528, 136.897116167 37.395477472)))",610.3530587885115,958.9435958077822,52.5065344439613,52.5065344439613,石川県、輪島市、鳳至町末広南,0,0,0,8.4,multi
C:\Users\admin\Documents\GitHub\SensingRisk\sitelens\data\noto_crops\all\bldg_000493.png,20230303-49281-13461-s-7901,survived,0,136.89734037146366,37.395285837757896,"MULTIPOLYGON (((136.897279806 37.395263278, 136.897329611 37.395336694, 136.897402944 37.395301111, 136.897349361 37.395238389, 136.897279806 37.395263278)))",647.3107729584696,997.6184336896607,37.51343434836042,37.51343434836042,石川県、輪島市、鳳至町末広南,0,0,0,8.4,multi
C:\Users\admin\Documents\GitHub\SensingRisk\sitelens\data\noto_crops\all\bldg_000494.png,20230303-49281-13461-s-7995,survived,0,136.89760340612213,37.39564106951229,"MULTIPOLYGON (((136.897582389 37.395672861, 136.897649 37.395639611, 136.897625083 37.395609083, 136.897557306 37.395642889, 136.897582389 37.395672861)))",702.0050358837871,920.583483808179,25.72282072450821,25.72282072450821,石川県、輪島市、鳳至町末広南,0,0,0,8.4,multi
C:\Users\admin\Documents\GitHub\SensingRisk\sitelens\data\noto_crops\all\bldg_000495.png,20230303-49281-13461-s-7826,survived,0,136.8971451394805,37.39490388481176,"MULTIPOLYGON (((136.897095861 37.3948945, 136.897133778 37.394942861, 136.897193667 37.394915528, 136.897157 37.394863806, 136.897095861 37.3948945)))",614.4042710343804,1091.5148832036934,30.024544533132257,30.024544533132257,石川県、輪島市、鳳至町上町南（小学校前）,0,0,0,8.4,multi
C:\Users\admin\Documents\GitHub\SensingRisk\sitelens\data\noto_crops\all\bldg_000496.png,20230303-49281-13461-s-8034,survived,0,136.89736453737095,37.395859744808064,"MULTIPOLYGON (((136.897310028 37.395912306, 136.897449139 37.395869694, 136.897419056 37.395807194, 136.897279944 37.395849778, 136.897310028 37.395912306)))",646.7308632267847,858.4548290587782,47.31035102208455,47.31035102208455,石川県、輪島市、鳳至町末広南,0,0,0,8.4,multi
C:\Users\admin\Documents\GitHub\SensingRisk\sitelens\data\noto_crops\all\bldg_000497.png,20230303-49281-13461-s-7921,survived,0,136.89718925205412,37.39535121465736,"MULTIPOLYGON (((136.897082806 37.395413611, 136.897248861 37.395351417, 136.897254806 37.395361528, 136.897314389 37.395339194, 136.897284944 37.395289139, 136.897056389 37.39537475, 136.897082806 37.395413611)))",600.9185777876113,965.3260048615026,72.14202880329549,72.14202880329549,石川県、輪島市、鳳至町末広南,0,0,0,8.4,multi
C:\Users\admin\Documents\GitHub\SensingRisk\sitelens\data\noto_crops\all\bldg_000498.png,20230303-49281-13461-s-8020,survived,0,136.8974180873613,37.395773209129814,"MULTIPOLYGON (((136.897374222 37.395808861, 136.897484167 37.395773361, 136.897459639 37.395739333, 136.897356444 37.3957695, 136.897374222 37.395808861)))",662.9242321120369,884.3509757413117,35.71393931706746,35.71393931706746,石川県、輪島市、鳳至町末広南,0,0,0,8.4,multi
C:\Users\admin\Documents\GitHub\SensingRisk\sitelens\data\noto_crops\all\bldg_000499.png,20230303-49281-13461-s-7841,survived,0,136.89704870106485,37.394945095907865,"MULTIPOLYGON (((136.897110028 37.394948194, 136.897074417 37.394900528, 136.896987361 37.394941944, 136.897023056 37.394989694, 136.897110028 37.394948194)))",593.8510072187423,1079.0674430708816,35.313766546546276,35.313766546546276,石川県、輪島市、鳳至町上町南（小学校前）,0,0,0,8.4,multi
C:\Users\admin\Documents\GitHub\SensingRisk\sitelens\data\noto_crops\all\bldg_000500.png,20230303-49281-13461-s-7825,survived,0,136.8973436888883,37.3949046031681,"MULTIPOLYGON (((136.89727975 37.394903583, 136.897324222 37.394952667, 136.897410333 37.39490475, 136.897358222 37.394856944, 136.89727975 37.394903583)))",647.860452500418,1087.2912371030109,37.78104554394531,37.78104554394531,石川県、輪島市、鳳至町末広,0,0,0,8.4,multi
C:\Users\admin\Documents\GitHub\SensingRisk\sitelens\data\noto_crops\all\bldg_000501.png,20230303-49281-13461-s-7848,survived,0,136.89738997261398,37.39497527390895,"MULTIPOLYGON (((136.897376278 37.395024472, 136.897448917 37.394977556, 136.897406472 37.394928611, 136.897330694 37.394968333, 136.897376278 37.395024472)))",656.9139256705221,1071.1676920538187,36.36332802453785,36.36332802453785,石川県、輪島市、鳳至町末広,0,0,0,8.4,multi
C:\Users\admin\Documents\GitHub\SensingRisk\sitelens\data\noto_crops\all\bldg_000502.png,20230303-49281-13461-s-8006,survived,0,136.8970363640926,37.39570999333687,"MULTIPOLYGON (((136.897007306 37.395750694, 136.897091056 37.395727028, 136.897065444 37.395669306, 136.896981667 37.395692944, 136.897007306 37.395750694)))",593.2433988374488,901.2824518029387,31.930907649063442,31.930907649063442,石川県、輪島市、鳳至町上町南,0,0,0,8.4,multi
C:\Users\admin\Documents\GitHub\SensingRisk\sitelens\data\noto_crops\all\bldg_000503.png,20230303-49281-13461-s-8026,survived,0,136.89729846998188,37.39580762332493,"MULTIPOLYGON (((136.897261306 37.395838417, 136.897352583 37.395804639, 136.897336306 37.395776667, 136.897243778 37.395810889, 136.897261306 37.395838417)))",642.8034101698134,879.1482437356833,30.424083116319366,30.424083116319366,石川県、輪島市、鳳至町末広南,0,0,0,8.4,multi
C:\Users\admin\Documents\GitHub\SensingRisk\sitelens\data\noto_crops\all\bldg_000504.png,20230303-49281-13461-s-7850,survived,0,136.8971669513941,37.39497579164641,"MULTIPOLYGON (((136.897100333 37.394977, 136.897134556 37.395021194, 136.897234528 37.394973722, 136.897198333 37.394930833, 136.897100333 37.394977)))",614.8800643073188,1070.7114271210717,37.52364168696943,37.52364168696943,石川県、輪島市、鳳至町上町南（小学校前）,0,0,0,8.4,multi
C:\Users\admin\Documents\GitHub\SensingRisk\sitelens\data\noto_crops\all\bldg_000505.png,20230303-49281-13461-s-7892,survived,0,136.89739606820763,37.39521508913696,"MULTIPOLYGON (((136.897442806 37.3952255, 136.897399611 37.3951785, 136.897351 37.395202639, 136.897389667 37.395252194, 136.897442806 37.3952255)))",662.3873154927231,1019.283794746825,28.0626881661143,28.0626881661143,石川県、輪島市、鳳至町末広南,0,0,0,8.4,multi
C:\Users\admin\Documents\GitHub\SensingRisk\sitelens\data\noto_crops\all\bldg_000506.png,20230303-49281-13461-s-7762,survived,0,136.89696984730466,37.394693098757756,"MULTIPOLYGON (((136.896925556 37.39468875, 136.896959278 37.394727056, 136.897013722 37.394696944, 136.896981472 37.394659472, 136.896925556 37.39468875)))",583.6698955413676,1142.7176683756932,26.201963253092117,26.201963253092117,石川県、輪島市、鳳至町上町南（小学校前）,0,0,0,8.4,multi
C:\Users\admin\Documents\GitHub\SensingRisk\sitelens\data\noto_crops\all\bldg_000507.png,20230303-49281-13461-s-7865,survived,0,136.8975672226099,37.395093022572404,"MULTIPOLYGON (((136.897495 37.395105028, 136.897537222 37.395147639, 136.897619583 37.395096556, 136.897601722 37.395073861, 136.897638417 37.395050111, 136.897624278 37.395031583, 136.897495 37.395105028)))",686.0438161554457,1040.7894220738,44.057765765483964,44.057765765483964,石川県、輪島市、鳳至町末広,0,0,0,8.4,multi
C:\Users\admin\Documents\GitHub\SensingRisk\sitelens\data\noto_crops\all\bldg_000508.png,20230303-49281-13461-s-7955,survived,0,136.89750175987984,37.395484428156166,"MULTIPOLYGON (((136.897524167 37.395453972, 136.897456194 37.395481194, 136.897477639 37.39551525, 136.897548694 37.395486806, 136.897524167 37.395453972)))",683.1604906188118,957.2015877019122,25.864874670240624,25.864874670240624,石川県、輪島市、鳳至町末広南,0,0,0,8.4,multi
C:\Users\admin\Documents\GitHub\SensingRisk\sitelens\data\noto_crops\all\bldg_000509.png,20230303-49281-13461-s-7779,survived,0,136.89700311686545,37.394779658974194,"MULTIPOLYGON (((136.89698675 37.394751194, 136.896998444 37.394769944, 136.896928111 37.394800528, 136.896950222 37.394833083, 136.897071778 37.394771917, 136.897035194 37.394724472, 136.89698675 37.394751194)))",581.250145057227,1114.5833552047868,42.340173539746274,42.340173539746274,石川県、輪島市、鳳至町上町南（小学校前）,0,0,0,8.4,multi
C:\Users\admin\Documents\GitHub\SensingRisk\sitelens\data\noto_crops\all\bldg_000510.png,20230303-49281-13461-s-7979,survived,0,136.89694611691706,37.395583232564256,"MULTIPOLYGON (((136.896890722 37.3956385, 136.897016417 37.395589306, 136.896978778 37.395528056, 136.896901028 37.395558472, 136.896919306 37.395588222, 136.896873306 37.395606222, 136.896890722 37.3956385)))",570.7994941142747,925.6299082065601,42.70504456343588,42.70504456343588,石川県、輪島市、鳳至町上町南,0,0,0,8.4,multi
C:\Users\admin\Documents\GitHub\SensingRisk\sitelens\data\noto_crops\all\bldg_000511.png,20230303-49281-13461-s-7802,survived,0,136.89707807218812,37.39481971835736,"MULTIPOLYGON (((136.897033417 37.3948115, 136.897068361 37.394855083, 136.897122528 37.394827528, 136.897088333 37.394784639, 136.897033417 37.3948115)))",603.4737485009691,1112.621498837769,26.983913543834888,26.983913543834888,石川県、輪島市、鳳至町上町南（小学校前）,0,0,0,8.4,multi
C:\Users\admin\Documents\GitHub\SensingRisk\sitelens\data\noto_crops\all\bldg_000512.png,20230303-49281-13461-s-7868,survived,0,136.89728991927015,37.39508813503151,"MULTIPOLYGON (((136.897333861 37.395096444, 136.897300639 37.395053417, 136.897246083 37.395080194, 136.897278833 37.395122611, 136.897333861 37.395096444)))",643.2181670213429,1049.9259216205046,26.534218799136625,26.534218799136625,石川県、輪島市、鳳至町末広南,0,0,0,8.4,multi
C:\Users\admin\Documents\GitHub\SensingRisk\sitelens\data\noto_crops\all\bldg_000513.png,20230303-49281-13461-s-7774,survived,0,136.89723513627678,37.3947499446515,"MULTIPOLYGON (((136.897212028 37.394785694, 136.897284639 37.394747111, 136.897257417 37.394714472, 136.897186278 37.394752278, 136.897212028 37.394785694)))",632.197376630117,1128.3605801108909,28.251693704241916,28.251693704241916,石川県、輪島市、鳳至町末広,0,0,0,8.4,multi
C:\Users\admin\Documents\GitHub\SensingRisk\sitelens\data\noto_crops\all\bldg_000514.png,20230303-49281-13461-s-7874,survived,0,136.89718395040168,37.39512965204705,"MULTIPOLYGON (((136.897124889 37.395135972, 136.897147917 37.395168194, 136.89724275 37.395125056, 136.897218 37.395090444, 136.897124889 37.395135972)))",620.2188540564644,1037.0229089384343,32.95632425414192,32.95632425414192,石川県、輪島市、鳳至町末広南,0,0,0,8.4,multi
C:\Users\admin\Documents\GitHub\SensingRisk\sitelens\data\noto_crops\all\bldg_000515.png,20230303-49281-13461-s-7994,survived,0,136.89623715879563,37.3956448269504,"MULTIPOLYGON (((136.896162389 37.395623722, 136.896212194 37.395693556, 136.896315417 37.395654472, 136.896274972 37.395600861, 136.896228861 37.395628917, 136.896203556 37.395602944, 136.896162389 37.395623722)))",439.15694863001505,910.5866733610875,42.78973016738894,42.78973016738894,石川県、輪島市、鳳至町上町南,0,0,0,8.4,multi
C:\Users\admin\Documents\GitHub\SensingRisk\sitelens\data\noto_crops\all\bldg_000516.png,20230303-49281-13461-s-8008,survived,0,136.89628207605102,37.39571572980079,"MULTIPOLYGON (((136.89629775 37.395754778, 136.896283139 37.395729139, 136.896340222 37.395708417, 136.896320278 37.395673444, 136.896228583 37.395706722, 136.89626125 37.395764, 136.89629775 37.395754778)))",451.8604873945906,898.0282950032125,34.34609573206751,34.34609573206751,石川県、輪島市、鳳至町上町南,0,0,0,8.4,multi
C:\Users\admin\Documents\GitHub\SensingRisk\sitelens\data\noto_crops\all\bldg_000517.png,20230303-49281-13461-s-8011,survived,0,136.89683586749746,37.395752842350674,"MULTIPOLYGON (((136.896739194 37.395811, 136.896869361 37.395764222, 136.896864306 37.39575525, 136.896922194 37.395734444, 136.896932444 37.395752583, 136.89697175 37.395738472, 136.896948278 37.395696944, 136.896855306 37.395730361, 136.896849417 37.395719917, 136.896716389 37.39576775, 136.896739194 37.395811)))",537.6609703275892,871.2280953436405,71.40411091380656,71.40411091380656,石川県、輪島市、鳳至町上町南,0,0,0,8.4,multi
C:\Users\admin\Documents\GitHub\SensingRisk\sitelens\data\noto_crops\all\bldg_000518.png,20230303-49281-13461-s-8014,survived,0,136.89656439496093,37.39575897911383,"MULTIPOLYGON (((136.896542694 37.3958165, 136.896627222 37.3957875, 136.896585694 37.395701583, 136.896501917 37.39573, 136.896542694 37.3958165)))",500.42766304308594,884.9078379424174,41.665572769885216,41.665572769885216,石川県、輪島市、鳳至町上町南,0,0,0,8.4,multi
C:\Users\admin\Documents\GitHub\SensingRisk\sitelens\data\noto_crops\all\bldg_000519.png,20230303-49281-13461-s-8024,survived,0,136.89691353266747,37.395793536481975,"MULTIPOLYGON (((136.896887111 37.395814306, 136.896951417 37.395796, 136.896941194 37.395771278, 136.89687225 37.395794028, 136.896887111 37.395814306)))",574.9268021265666,886.7529317334295,22.13669764730662,22.13669764730662,石川県、輪島市、鳳至町上町南,0,0,0,8.4,multi
C:\Users\admin\Documents\GitHub\SensingRisk\sitelens\data\noto_crops\all\bldg_000520.png,20230303-49281-13461-s-8031,survived,0,136.89678938455643,37.39582717609442,"MULTIPOLYGON (((136.896722278 37.395861361, 136.896869167 37.39582025, 136.896858806 37.395792806, 136.8967085 37.395834167, 136.896722278 37.395861361)))",540.6034143871732,867.3121198225551,44.92574939197959,44.92574939197959,石川県、輪島市、鳳至町上町南,0,0,0,8.4,multi
C:\Users\admin\Documents\GitHub\SensingRisk\sitelens\data\noto_crops\all\bldg_000521.png,20230303-49281-13461-s-8030,survived,0,136.89635011130846,37.39583650006273,"MULTIPOLYGON (((136.896403306 37.395860028, 136.896368444 37.395790222, 136.896296917 37.395812972, 136.896331778 37.395882778, 136.896403306 37.395860028)))",464.18285896554335,870.4657499823264,34.199443392460694,34.199443392460694,石川県、輪島市、鳳至町上町南,0,0,0,8.4,multi
C:\Users\admin\Documents\GitHub\SensingRisk\sitelens\data\noto_crops\all\bldg_000522.png,20230303-49281-13461-s-8035,survived,0,136.89663862233436,37.39587754494582,"MULTIPOLYGON (((136.896623667 37.395944833, 136.896707444 37.395919417, 136.896651056 37.395809, 136.896571139 37.395835917, 136.896623667 37.395944833)))",511.2576788156488,854.1500317045817,47.86392197689918,47.86392197689918,石川県、輪島市、鳳至町上町南,0,0,0,8.4,multi
C:\Users\admin\Documents\GitHub\SensingRisk\sitelens\data\noto_crops\all\bldg_000523.png,20230303-49281-13461-s-8036,survived,0,136.8969128028022,37.3958654404881,"MULTIPOLYGON (((136.896872528 37.395920389, 136.896989472 37.395883861, 136.896955861 37.395810306, 136.896833944 37.395848167, 136.896872528 37.395920389)))",563.9331941198211,858.7580242623692,44.077123871597905,44.077123871597905,石川県、輪島市、鳳至町上町南,0,0,0,8.4,multi
C:\Users\admin\Documents\GitHub\SensingRisk\sitelens\data\noto_crops\all\bldg_000524.png,20230303-49281-13461-s-8044,survived,0,136.89630356916635,37.395950560761236,"MULTIPOLYGON (((136.896444306 37.395959944, 136.896405778 37.395876389, 136.89616125 37.395942, 136.896202778 37.396024361, 136.896444306 37.395959944)))",432.88487963146633,821.2713179273408,79.14819420708557,79.14819420708557,石川県、輪島市、鳳至町上町南,0,0,0,8.4,multi
C:\Users\admin\Documents\GitHub\SensingRisk\sitelens\data\noto_crops\all\bldg_000525.png,20230303-49281-13461-s-8052,survived,0,136.89656292080758,37.39597880453674,"MULTIPOLYGON (((136.896511583 37.395954722, 136.896544111 37.396024333, 136.896615083 37.396001222, 136.896581139 37.395934028, 136.896511583 37.395954722)))",504.36379040843127,837.4202258742614,33.332317427147586,33.332317427147586,石川県、輪島市、鳳至町上町南,0,0,0,8.4,multi
C:\Users\admin\Documents\GitHub\SensingRisk\sitelens\data\noto_crops\all\bldg_000526.png,20230303-49281-13461-s-8060,destroyed,1,136.896845375,37.3960095,"MULTIPOLYGON (((136.896760861 37.396049611, 136.896943306 37.396002333, 136.896929889 37.395969389, 136.896747444 37.396016667, 136.896760861 37.396049611)))",546.2228962898255,819.5886111793025,54.76698466406924,54.76698466406924,石川県、輪島市、鳳至町上町南,0,0,0,8.4,multi
C:\Users\admin\Documents\GitHub\SensingRisk\sitelens\data\noto_crops\all\bldg_000527.png,20230303-49281-13461-s-8061,survived,0,136.8963442367493,37.39604442231578,"MULTIPOLYGON (((136.896205306 37.396038972, 136.896242028 37.396120306, 136.896482861 37.39604825, 136.89645025 37.395969472, 136.896205306 37.396038972)))",441.3538784609901,799.8632944042907,77.61000311639572,77.61000311639572,石川県、輪島市、鳳至町上町南,0,0,0,8.4,multi
C:\Users\admin\Documents\GitHub\SensingRisk\sitelens\data\noto_crops\all\bldg_000528.png,20230303-49281-13461-s-8081,survived,0,136.8965596755553,37.39611168236613,"MULTIPOLYGON (((136.896529528 37.39615325, 136.896614806 37.396130806, 136.896589667 37.396070111, 136.896504667 37.3960925, 136.896529528 37.39615325)))",504.1446327991323,806.7812080306904,32.42976025732969,32.42976025732969,石川県、輪島市、鳳至町上町南,0,0,0,8.4,multi
C:\Users\admin\Documents\GitHub\SensingRisk\sitelens\data\noto_crops\all\bldg_000529.png,20230303-49281-13461-s-8086,survived,0,136.8963531194023,37.396161024594896,"MULTIPOLYGON (((136.896267361 37.396140722, 136.896305167 37.396218889, 136.896436944 37.396178306, 136.896399361 37.396100639, 136.896342917 37.396115861, 136.896353889 37.396141556, 136.896328833 37.396149278, 136.896317056 37.396124917, 136.896267361 37.396140722)))",457.84184149909254,787.8923864295645,47.64241827842454,47.64241827842454,石川県、輪島市、鳳至町上町南,0,0,0,8.4,multi
C:\Users\admin\Documents\GitHub\SensingRisk\sitelens\data\noto_crops\all\bldg_000530.png,20230303-49281-13461-s-8089,survived,0,136.8968751619896,37.396176270861666,"MULTIPOLYGON (((136.896940583 37.396203889, 136.896895444 37.396119361, 136.896809722 37.396148528, 136.896854972 37.396233278, 136.896940583 37.396203889)))",558.115932275015,786.7875663467532,42.08276934923481,42.08276934923481,石川県、輪島市、鳳至町上町南,0,0,0,8.4,multi
C:\Users\admin\Documents\GitHub\SensingRisk\sitelens\data\noto_crops\all\bldg_000531.png,20230303-49281-13461-s-8091,survived,0,136.89666297709869,37.39616238310814,"MULTIPOLYGON (((136.896642194 37.396193444, 136.896704278 37.396171528, 136.896682111 37.396131528, 136.896623 37.396152361, 136.896642194 37.396193444)))",527.6963980494256,799.0429505733125,24.063889433612758,24.063889433612758,石川県、輪島市、鳳至町上町南,0,0,0,8.4,multi
C:\Users\admin\Documents\GitHub\SensingRisk\sitelens\data\noto_crops\all\bldg_000532.png,20230303-49281-13461-s-8093,destroyed,1,136.89675204957578,37.396220868540574,"MULTIPOLYGON (((136.896718833 37.396280639, 136.8968415 37.396240972, 136.896813556 37.396185972, 136.896795556 37.396191806, 136.896779 37.396159194, 136.896660111 37.396203611, 136.896718833 37.396280639)))",530.6173358069526,772.2391673246224,50.72004054917227,50.72004054917227,石川県、輪島市、鳳至町上町南,0,0,0,8.4,multi
C:\Users\admin\Documents\GitHub\SensingRisk\sitelens\data\noto_crops\all\bldg_000533.png,20230303-49281-13461-s-8095,destroyed,1,136.89649395984077,37.39620041918945,"MULTIPOLYGON (((136.896471722 37.396231778, 136.896536806 37.396213472, 136.896517111 37.396169, 136.896450361 37.396187806, 136.896471722 37.396231778)))",495.5915226967718,789.7450161289067,24.8723544640834,24.8723544640834,石川県、輪島市、鳳至町上町南,0,0,0,8.4,multi
C:\Users\admin\Documents\GitHub\SensingRisk\sitelens\data\noto_crops\all\bldg_000534.png,20230303-49281-13461-s-8099,destroyed,1,136.89637097403505,37.39623875817945,"MULTIPOLYGON (((136.896322139 37.396280917, 136.896441806 37.396244833, 136.896419028 37.396196722, 136.896300833 37.396232361, 136.896322139 37.396280917)))",465.5265844768948,773.4542629266476,39.41890785959032,39.41890785959032,石川県、輪島市、鳳至町上町南,0,0,0,8.4,multi
C:\Users\admin\Documents\GitHub\SensingRisk\sitelens\data\noto_crops\all\bldg_000536.png,20230303-49281-13461-s-8117,survived,0,136.8969398081086,37.396325800720646,"MULTIPOLYGON (((136.896989972 37.396344694, 136.896954833 37.396283917, 136.896889833 37.396307861, 136.896923972 37.396366944, 136.896989972 37.396344694)))",575.6124610800728,757.2258566042162,31.23026142533945,31.23026142533945,石川県、輪島市、鳳至町住吉区，末広北,0,0,0,8.4,multi
C:\Users\admin\Documents\GitHub\SensingRisk\sitelens\data\noto_crops\all\bldg_000539.png,20230303-49281-13461-s-8152,survived,0,136.89667363225936,37.39647420888796,"MULTIPOLYGON (((136.896752583 37.396477111, 136.896725778 37.396426444, 136.896594889 37.3964705, 136.896622333 37.396522417, 136.896752583 37.396477111)))",519.5633408228557,715.8318499035988,44.09443833033242,44.09443833033242,石川県、輪島市、鳳至町住吉区，末広北,0,0,0,8.4,multi
C:\Users\admin\Documents\GitHub\SensingRisk\sitelens\data\noto_crops\all\bldg_000540.png,20230303-49281-13461-s-8158,destroyed,1,136.8965597915,37.39648383349999,"MULTIPOLYGON (((136.896539472 37.396506111, 136.896594083 37.396487167, 136.896580111 37.396461556, 136.8965255 37.3964805, 136.896539472 37.396506111)))",510.781167295244,726.0841155433516,19.177196751700535,19.177196751700535,石川県、輪島市、鳳至町住吉区，末広北,0,0,0,8.4,multi
C:\Users\admin\Documents\GitHub\SensingRisk\sitelens\data\noto_crops\all\bldg_000541.png,20230303-49281-13461-s-7987,survived,0,136.8964894159073,37.395617769858596,"MULTIPOLYGON (((136.896476722 37.395676306, 136.896556 37.395651444, 136.89651 37.395558361, 136.89641725 37.395590333, 136.896476722 37.395676306)))",484.7538082038368,917.0147870663279,43.95346661772885,43.95346661772885,石川県、輪島市、鳳至町上町南,0,0,0,8.4,multi
C:\Users\admin\Documents\GitHub\SensingRisk\sitelens\data\noto_crops\all\bldg_000542.png,20230303-49281-13461-s-8040,survived,0,136.89653377742147,37.39589983953975,"MULTIPOLYGON (((136.896579028 37.395922306, 136.896547694 37.395859611, 136.896488694 37.395878361, 136.896519111 37.39593925, 136.896579028 37.395922306)))",500.8934964005048,858.156749661478,29.28494744091006,29.28494744091006,石川県、輪島市、鳳至町上町南,0,0,0,8.4,multi
C:\Users\admin\Documents\GitHub\SensingRisk\sitelens\data\noto_crops\all\bldg_000543.png,20230303-49281-13461-s-8021,survived,0,136.89630276413894,37.39578213407368,"MULTIPOLYGON (((136.896258833 37.395812889, 136.896359778 37.395786306, 136.896345417 37.395751556, 136.896246917 37.3957775, 136.896258833 37.395812889)))",456.7860277705723,884.5222361772935,31.558222919040247,31.558222919040247,石川県、輪島市、鳳至町上町南,0,0,0,8.4,multi
C:\Users\admin\Documents\GitHub\SensingRisk\sitelens\data\noto_crops\all\bldg_000544.png,20230303-49281-13461-s-8303,survived,0,136.89698167997662,37.39716216842437,"MULTIPOLYGON (((136.896969861 37.397210194, 136.897033861 37.39718675, 136.896993778 37.397114528, 136.896929444 37.397137056, 136.896969861 37.397210194)))",581.661442526577,559.1115657695999,34.6978267131949,34.6978267131949,石川県、輪島市、鳳至町上町,0,0,0,8.4,multi
C:\Users\admin\Documents\GitHub\SensingRisk\sitelens\data\noto_crops\all\bldg_000545.png,20230303-49281-13461-s-8278,survived,0,136.89702093960955,37.397016178027286,"MULTIPOLYGON (((136.8970695 37.397039028, 136.897036861 37.396971, 136.896969556 37.396994667, 136.897009639 37.397062111, 136.8970695 37.397039028)))",589.5187389679008,594.1207060741787,33.10424370489102,33.10424370489102,石川県、輪島市、鳳至町住吉区，末広北,0,0,0,8.4,multi
C:\Users\admin\Documents\GitHub\SensingRisk\sitelens\data\noto_crops\all\bldg_000546.png,20230303-49281-13461-s-8373,survived,0,136.89700511638873,37.39745765039155,"MULTIPOLYGON (((136.897035806 37.397474639, 136.897009833 37.397428083, 136.896974417 37.397440667, 136.897000417 37.397487222, 136.897035806 37.397474639)))",592.8439959322213,496.6327407118384,21.078869012700295,21.078869012700295,石川県、輪島市、鳳至町上町,0,0,0,8.4,multi
C:\Users\admin\Documents\GitHub\SensingRisk\sitelens\data\noto_crops\all\bldg_000547.png,20230303-49281-13461-s-8301,survived,0,136.897048722,37.397143833499996,"MULTIPOLYGON (((136.8970865 37.397166528, 136.897053111 37.39710625, 136.897010944 37.397121139, 136.897044333 37.397181417, 136.8970865 37.397166528)))",598.2620978827765,567.5569221605202,26.501837964424112,26.501837964424112,石川県、輪島市、鳳至町上町,0,0,0,8.4,multi
C:\Users\admin\Documents\GitHub\SensingRisk\sitelens\data\noto_crops\all\bldg_000548.png,20230303-49281-13461-s-8318,destroyed,1,136.89707714372852,37.3972470186672,"MULTIPOLYGON (((136.897027028 37.397216528, 136.897076028 37.397298889, 136.897126722 37.397276056, 136.897079389 37.397196389, 136.897027028 37.397216528)))",598.7228784220042,538.4122916800346,36.07647604347176,36.07647604347176,石川県、輪島市、鳳至町上町,0,0,0,8.4,multi
C:\Users\admin\Documents\GitHub\SensingRisk\sitelens\data\noto_crops\all\bldg_000549.png,20230303-49281-13461-s-8346,destroyed,1,136.89706594902077,37.397362493567876,"MULTIPOLYGON (((136.897109278 37.397387083, 136.897072833 37.397321139, 136.897022833 37.397338722, 136.897058472 37.397403167, 136.897109278 37.397387083)))",600.0495921657948,514.8859124065996,29.389246586997842,29.389246586997842,石川県、輪島市、鳳至町上町,0,0,0,8.4,multi
C:\Users\admin\Documents\GitHub\SensingRisk\sitelens\data\noto_crops\all\bldg_000550.png,20230303-49281-13461-s-8257,survived,0,136.897095875,37.396913874999996,"MULTIPOLYGON (((136.897044361 37.396960278, 136.897173 37.396921222, 136.897147389 37.396867472, 136.89701875 37.396906528, 136.897044361 37.396960278)))",598.7372600873312,613.2004520832847,43.13142613834805,43.13142613834805,石川県、輪島市、鳳至町住吉区，末広北,0,0,0,8.4,multi
C:\Users\admin\Documents\GitHub\SensingRisk\sitelens\data\noto_crops\all\bldg_000552.png,20230303-49281-13461-s-8334,survived,0,136.89715545235202,37.397323314822394,"MULTIPOLYGON (((136.897122806 37.397378889, 136.897204361 37.397348056, 136.897189278 37.397322667, 136.897214944 37.397312972, 136.897186167 37.397264472, 136.897128583 37.39728625, 136.897140028 37.397305528, 136.897089722 37.397324528, 136.897122806 37.397378889)))",610.05825057773,518.307898145193,41.53851317932458,41.53851317932458,石川県、輪島市、鳳至町上町,0,0,0,8.4,multi
C:\Users\admin\Documents\GitHub\SensingRisk\sitelens\data\noto_crops\all\bldg_000553.png,20230303-49281-13461-s-8313,destroyed,1,136.8971513978758,37.39721793077221,"MULTIPOLYGON (((136.897095083 37.397194056, 136.897139639 37.397267444, 136.897206972 37.397240778, 136.897164889 37.3971695, 136.897095083 37.397194056)))",612.5296572263,545.2398967589165,36.10897420215133,36.10897420215133,石川県、輪島市、鳳至町上町,0,0,0,8.4,multi
C:\Users\admin\Documents\GitHub\SensingRisk\sitelens\data\noto_crops\all\bldg_000554.png,20230303-49281-13461-s-8273,destroyed,1,136.89717067397908,37.396967674844866,"MULTIPOLYGON (((136.897136667 37.396947, 136.897167306 37.397003, 136.897204306 37.396989361, 136.897174611 37.396932083, 136.897136667 37.396947)))",621.7313919066205,609.6934835899949,24.96034586718065,24.96034586718065,石川県、輪島市、鳳至町住吉区，末広北,0,0,0,8.4,multi
C:\Users\admin\Documents\GitHub\SensingRisk\sitelens\data\noto_crops\all\bldg_000555.png,20230303-49281-13461-s-8366,destroyed,1,136.89718251762258,37.39743842345639,"MULTIPOLYGON (((136.897174333 37.397472917, 136.897220694 37.397455833, 136.897190722 37.397403944, 136.897144333 37.397421, 136.897174333 37.397472917)))",623.882110785002,499.11104796374065,25.14289870549345,25.14289870549345,石川県、輪島市、鳳至町上町,0,0,0,8.4,multi
C:\Users\admin\Documents\GitHub\SensingRisk\sitelens\data\noto_crops\all\bldg_000556.png,20230303-49281-13461-s-8286,survived,0,136.89721056940533,37.397066305821944,"MULTIPOLYGON (((136.897191056 37.397098306, 136.897254667 37.397071611, 136.897230083 37.397034306, 136.897166472 37.397061, 136.897191056 37.397098306)))",629.0013764069299,586.3169830102422,25.364402398966263,25.364402398966263,石川県、輪島市、鳳至町上町,0,0,0,8.4,multi
C:\Users\admin\Documents\GitHub\SensingRisk\sitelens\data\noto_crops\all\bldg_000557.png,20230303-49281-13461-s-8267,survived,0,136.89722045589642,37.396945847258564,"MULTIPOLYGON (((136.897183611 37.396924694, 136.897213889 37.396982944, 136.897257111 37.396968583, 136.897227 37.396907889, 136.897183611 37.396924694)))",630.3004556960844,614.1567596152856,26.41677960548475,26.41677960548475,石川県、輪島市、鳳至町住吉区，末広北,0,0,0,8.4,multi
C:\Users\admin\Documents\GitHub\SensingRisk\sitelens\data\noto_crops\all\bldg_000558.png,20230303-49281-13461-s-8320,survived,0,136.8972277447212,37.3972190840616,"MULTIPOLYGON (((136.897213694 37.397239611, 136.897256361 37.397224222, 136.897241778 37.397198556, 136.897199139 37.397213944, 136.897213694 37.397239611)))",636.7129093073811,554.977553582545,16.34669125152834,16.34669125152834,石川県、輪島市、鳳至町上町,0,0,0,8.4,multi
C:\Users\admin\Documents\GitHub\SensingRisk\sitelens\data\noto_crops\all\bldg_000559.png,20230303-49281-13461-s-8338,survived,0,136.89724564384704,37.39731760868373,"MULTIPOLYGON (((136.897270333 37.397331806, 136.897250306 37.397293611, 136.897220944 37.397303417, 136.897241 37.397341611, 136.897270333 37.397331806)))",639.6922581065378,531.5033825424701,17.05730983906051,17.05730983906051,石川県、輪島市、鳳至町上町,0,0,0,8.4,multi
C:\Users\admin\Documents\GitHub\SensingRisk\sitelens\data\noto_crops\all\bldg_000560.png,20230303-49281-13461-s-8297,survived,0,136.89731349105259,37.39720370662075,"MULTIPOLYGON (((136.897283667 37.397314861, 136.897386167 37.397275167, 136.897339389 37.397192806, 136.897415722 37.397160806, 136.897375611 37.397094556, 136.897224306 37.397154472, 136.897269167 37.397233389, 136.897218028 37.397251917, 136.897238139 37.397287278, 136.897261389 37.397278861, 136.897283667 37.397314861)))",622.7304661603466,527.7540101157691,77.53978590203076,77.53978590203076,石川県、輪島市、鳳至町上町,0,0,0,8.4,multi
C:\Users\admin\Documents\GitHub\SensingRisk\sitelens\data\noto_crops\all\bldg_000561.png,20230303-49281-13461-s-8269,survived,0,136.89728573640568,37.39693698028015,"MULTIPOLYGON (((136.897272972 37.396965556, 136.897320833 37.396946611, 136.897291889 37.396909944, 136.897255806 37.396921111, 136.897272972 37.396965556)))",645.8381793489767,618.8249969547951,20.67809749363937,20.67809749363937,石川県、輪島市、鳳至町住吉区，末広北,0,0,0,8.4,multi
C:\Users\admin\Documents\GitHub\SensingRisk\sitelens\data\noto_crops\all\bldg_000562.png,20230303-49281-13461-s-8258,survived,0,136.89735452214433,37.39690907599001,"MULTIPOLYGON (((136.897302361 37.396894472, 136.897331194 37.396949972, 136.897406528 37.396923778, 136.897378056 37.396868167, 136.897302361 37.396894472)))",652.7957718795158,620.1856960398871,31.41609927304239,31.41609927304239,石川県、輪島市、鳳至町住吉区，末広北,0,0,0,8.4,multi
C:\Users\admin\Documents\GitHub\SensingRisk\sitelens\data\noto_crops\all\bldg_000563.png,20230303-49281-13461-s-8276,survived,0,136.89738282503063,37.39700724773301,"MULTIPOLYGON (((136.897331639 37.397060472, 136.897468556 37.397007139, 136.897430639 37.396955194, 136.897300472 37.397004972, 136.897331639 37.397060472)))",650.6093361430699,589.2196615584759,46.9996928956773,46.9996928956773,石川県、輪島市、鳳至町上町,0,0,0,8.4,multi
C:\Users\admin\Documents\GitHub\SensingRisk\sitelens\data\noto_crops\all\bldg_000564.png,20230303-49281-13461-s-8375,survived,0,136.8973329871685,37.39745359710673,"MULTIPOLYGON (((136.897345611 37.397462333, 136.897333833 37.397440861, 136.897320556 37.3974455, 136.897331694 37.397465778, 136.897345611 37.397462333)))",660.1287836222682,503.7958276891732,8.786117767857093,8.786117767857093,石川県、輪島市、鳳至町上町,0,0,0,8.4,multi
C:\Users\admin\Documents\GitHub\SensingRisk\sitelens\data\noto_crops\all\bldg_000565.png,20230303-49281-13461-s-8315,survived,0,136.89741315683992,37.39722790955685,"MULTIPOLYGON (((136.897468278 37.397252222, 136.897426722 37.397178833, 136.897358028 37.397203583, 136.897399611 37.397277, 136.897468278 37.397252222)))",661.4633745308047,543.0937863910754,35.96900920695907,35.96900920695907,石川県、輪島市、鳳至町上町,0,0,0,8.4,multi
C:\Users\admin\Documents\GitHub\SensingRisk\sitelens\data\noto_crops\all\bldg_000566.png,20230303-49281-13461-s-8367,survived,0,136.8974255555,37.39742906950001,"MULTIPOLYGON (((136.897403417 37.397453472, 136.89746325 37.397430972, 136.897447694 37.397404667, 136.897387861 37.397427167, 136.897403417 37.397453472)))",671.2197265625,503.33885128629464,21.080292283164113,21.080292283164113,石川県、輪島市、鳳至町上町,0,0,0,8.4,multi
C:\Users\admin\Documents\GitHub\SensingRisk\sitelens\data\noto_crops\all\bldg_000567.png,20230303-49281-13461-s-8254,survived,0,136.897449308799,37.39686995078124,"MULTIPOLYGON (((136.897487806 37.39688325, 136.897466139 37.396839417, 136.897410833 37.396856806, 136.897432333 37.396900361, 136.897487806 37.39688325)))",674.5244308599817,633.4218324681729,23.330745046207426,23.330745046207426,石川県、輪島市、鳳至町住吉区，末広北,0,0,0,8.4,multi
C:\Users\admin\Documents\GitHub\SensingRisk\sitelens\data\noto_crops\all\bldg_000568.png,20230303-49281-13461-s-8344,destroyed,1,136.89745838762903,37.39733482423476,"MULTIPOLYGON (((136.897424861 37.397316389, 136.897459472 37.397367944, 136.897491333 37.397355833, 136.897458528 37.397300972, 136.897424861 37.397316389)))",676.0401272257795,524.293073512012,23.571841502064444,23.571841502064444,石川県、輪島市、鳳至町上町,0,0,0,8.4,multi
C:\Users\admin\Documents\GitHub\SensingRisk\sitelens\data\noto_crops\all\bldg_000569.png,20230303-49281-13461-s-8240,survived,0,136.8973992700211,37.39681394303955,"MULTIPOLYGON (((136.8973505 37.396805167, 136.897374833 37.396849083, 136.897448056 37.39682325, 136.897423194 37.396778444, 136.8973505 37.396805167)))",662.8511655195866,644.2464764467259,28.020452293227777,28.020452293227777,石川県、輪島市、鳳至町住吉区，末広北,0,0,0,8.4,multi
C:\Users\admin\Documents\GitHub\SensingRisk\sitelens\data\noto_crops\all\bldg_000570.png,20230303-49281-13461-s-8639,survived,0,136.89599570035975,37.39893626615814,"MULTIPOLYGON (((136.89604475 37.398972861, 136.896006222 37.398883361, 136.895946639 37.398899694, 136.895985194 37.398989167, 136.89604475 37.398972861)))",396.5944261005153,141.60519585438362,37.24007438342514,37.24007438342514,石川県、輪島市、鳳至町石浦町,0,0,0,8.4,multi
C:\Users\admin\Documents\GitHub\SensingRisk\sitelens\data\noto_crops\all\bldg_000571.png,20230303-49281-13461-s-8669,survived,0,136.8960274692639,37.39906089408356,"MULTIPOLYGON (((136.896096889 37.399092861, 136.8960285 37.399013611, 136.896015167 37.399020944, 136.895997972 37.399001, 136.895956667 37.399023694, 136.896042222 37.399122833, 136.896096889 37.399092861)))",398.489618016656,108.22243002170433,45.038459303559705,45.038459303559705,石川県、輪島市、鳳至町石浦町,0,0,0,8.4,multi
C:\Users\admin\Documents\GitHub\SensingRisk\sitelens\data\noto_crops\all\bldg_000572.png,20230303-49281-13461-s-8667,survived,0,136.8961041346172,37.39903809923267,"MULTIPOLYGON (((136.896151472 37.399059444, 136.896098639 37.398994944, 136.896056806 37.39901675, 136.896109611 37.39908125, 136.896151472 37.399059444)))",419.7512054712167,120.65197856631323,31.357555658832524,31.357555658832524,石川県、輪島市、鳳至町石浦町,0,0,0,8.4,multi
C:\Users\admin\Documents\GitHub\SensingRisk\sitelens\data\noto_crops\all\bldg_000573.png,20230303-49281-13461-s-8628,survived,0,136.89610575721997,37.3988747823323,"MULTIPOLYGON (((136.896169361 37.3989075, 136.896136611 37.398827833, 136.896116389 37.398833139, 136.896111722 37.398821778, 136.89604325 37.398839694, 136.896080278 37.398929806, 136.896169361 37.3989075)))",415.7620114575855,154.34277297931902,40.14367342835689,40.14367342835689,石川県、輪島市、鳳至町石浦町,0,0,0,8.4,multi
C:\Users\admin\Documents\GitHub\SensingRisk\sitelens\data\noto_crops\all\bldg_000574.png,20230303-49281-13461-s-8658,survived,0,136.89616288899998,37.399005541499996,"MULTIPOLYGON (((136.896213556 37.399027583, 136.89616225 37.3989595, 136.896112222 37.3989835, 136.896163528 37.399051583, 136.896213556 37.399027583)))",429.63407966122855,127.22200347373477,33.49539483204494,33.49539483204494,石川県、輪島市、鳳至町石浦町,0,0,0,8.4,multi
C:\Users\admin\Documents\GitHub\SensingRisk\sitelens\data\noto_crops\all\bldg_000575.png,20230303-49281-13461-s-8646,survived,0,136.89623591650002,37.39897638899999,"MULTIPOLYGON (((136.896289222 37.398994056, 136.896243889 37.398930778, 136.896182611 37.398958722, 136.896227944 37.399022, 136.896289222 37.398994056)))",443.03885271520153,133.85391566673982,33.91247409242925,33.91247409242925,石川県、輪島市、鳳至町石浦町,0,0,0,8.4,multi
C:\Users\admin\Documents\GitHub\SensingRisk\sitelens\data\noto_crops\all\bldg_000576.png,20230303-49281-13461-s-8638,survived,0,136.89631005538644,37.398918532490995,"MULTIPOLYGON (((136.896261889 37.398914722, 136.896311028 37.398957139, 136.896358222 37.398922361, 136.896309083 37.398879917, 136.896261889 37.398914722)))",459.10478734760306,149.6760608247056,29.42162742504496,29.42162742504496,石川県、輪島市、鳳至町石浦町,0,0,0,8.4,multi
C:\Users\admin\Documents\GitHub\SensingRisk\sitelens\data\noto_crops\all\bldg_000577.png,20230303-49281-13461-s-8666,survived,0,136.89635380962704,37.39904826292111,"MULTIPOLYGON (((136.896421944 37.399068861, 136.896323611 37.398991139, 136.896299444 37.399010611, 136.896340917 37.399043389, 136.896309778 37.399068472, 136.896345194 37.399096472, 136.896382056 37.399066778, 136.896403361 37.399083611, 136.896421944 37.399068861)))",463.7114720204772,115.4474629466062,39.087659243881475,39.087659243881475,石川県、輪島市、鳳至町石浦町,0,0,0,8.4,multi
C:\Users\admin\Documents\GitHub\SensingRisk\sitelens\data\noto_crops\all\bldg_000578.png,20230303-49281-13461-s-8647,survived,0,136.8964076665,37.398989111,"MULTIPOLYGON (((136.89647675 37.398993611, 136.89640525 37.398933833, 136.896338583 37.398984611, 136.896410083 37.399044389, 136.89647675 37.398993611)))",470.9359676314292,126.74937230694931,42.15128532391836,42.15128532391836,石川県、輪島市、鳳至町石浦町,0,0,0,8.4,multi
C:\Users\admin\Documents\GitHub\SensingRisk\sitelens\data\noto_crops\all\bldg_000579.png,20230303-49281-13461-s-8637,survived,0,136.89644999753975,37.39890965104301,"MULTIPOLYGON (((136.896457389 37.398922639, 136.896470167 37.398936806, 136.896502056 37.398918472, 136.896461278 37.398873333, 136.896397111 37.39891025, 136.896424667 37.398940722, 136.896457389 37.398922639)))",485.15313099755184,152.41302050375265,29.344748883777186,29.344748883777186,石川県、輪島市、鳳至町石浦町,0,0,0,8.4,multi
C:\Users\admin\Documents\GitHub\SensingRisk\sitelens\data\noto_crops\all\bldg_000580.png,20230303-49281-13461-s-8674,survived,0,136.89650575937213,37.399069222492294,"MULTIPOLYGON (((136.896571611 37.399076111, 136.896501583 37.399016333, 136.896439917 37.399062333, 136.896509917 37.399122111, 136.896571611 37.399076111)))",490.1629431945519,108.89210327497932,40.27073301558306,40.27073301558306,石川県、輪島市、鳳至町石浦町,0,0,0,8.4,multi
C:\Users\admin\Documents\GitHub\SensingRisk\sitelens\data\noto_crops\all\bldg_000581.png,20230303-49281-13461-s-8644,survived,0,136.89657259749998,37.3989970415,"MULTIPOLYGON (((136.896662389 37.399015694, 136.896552139 37.398924833, 136.896482806 37.398978389, 136.896593056 37.39906925, 136.896662389 37.399015694)))",495.2791971285153,118.48639277005839,54.95555993205801,54.95555993205801,石川県、輪島市、鳳至町石浦町,0,0,0,8.4,multi
C:\Users\admin\Documents\GitHub\SensingRisk\sitelens\data\noto_crops\all\bldg_000582.png,20230303-49281-13461-s-8678,survived,0,136.89684719370413,37.399122833304304,"MULTIPOLYGON (((136.896764139 37.399064278, 136.896839417 37.399116889, 136.896824278 37.399130694, 136.896800028 37.399113722, 136.896768917 37.399142028, 136.896859472 37.399205333, 136.896941778 37.399130444, 136.896801944 37.399032667, 136.896764139 37.399064278)))",544.3420867793717,86.66940465732249,61.355937410800195,61.355937410800195,石川県、輪島市、鳳至町鳳来石浦,0,0,0,8.4,multi
C:\Users\admin\Documents\GitHub\SensingRisk\sitelens\data\noto_crops\all\bldg_000583.png,20230303-49281-13461-s-8648,survived,0,136.896977278,37.399034819499995,"MULTIPOLYGON (((136.897101278 37.3990725, 136.896937389 37.398933861, 136.896853278 37.398997139, 136.897017167 37.399135778, 136.897101278 37.3990725)))",559.9576969947683,98.86260829004777,76.47438597024797,76.47438597024797,石川県、輪島市、鳳至町鳳来石浦,0,0,0,8.4,multi
C:\Users\admin\Documents\GitHub\SensingRisk\sitelens\data\noto_crops\all\bldg_000584.png,20230303-49281-13461-s-8659,survived,0,136.8970884452718,37.398995425916695,"MULTIPOLYGON (((136.897129333 37.398999833, 136.897083139 37.398962778, 136.897047556 37.398991, 136.89709375 37.399028083, 136.897129333 37.398999833)))",606.4590072061183,133.88336345729448,24.917640710096606,24.917640710096606,石川県、輪島市、鳳至町鳳来石浦,0,0,0,8.4,multi
C:\Users\admin\Documents\GitHub\SensingRisk\sitelens\data\noto_crops\all\bldg_000585.png,20230303-49281-13461-s-8641,survived,0,136.89712228706026,37.398953972623204,"MULTIPOLYGON (((136.897134972 37.398988833, 136.897167222 37.398959694, 136.897109583 37.398919111, 136.897077361 37.39894825, 136.897134972 37.398988833)))",611.7761195898375,142.61891550065457,26.902492162852525,26.902492162852525,石川県、輪島市、鳳至町鳳来石浦,0,0,0,8.4,multi
C:\Users\admin\Documents\GitHub\SensingRisk\sitelens\data\noto_crops\all\bldg_000586.png,20230303-49281-13461-s-8672,survived,0,136.89715936924577,37.39903293328434,"MULTIPOLYGON (((136.897187222 37.399043667, 136.897141917 37.399012556, 136.897131528 37.399022222, 136.897176833 37.399053306, 136.897187222 37.399043667)))",624.0923025664143,129.49499744618598,16.095857089800546,16.095857089800546,石川県、輪島市、鳳至町鳳来石浦,0,0,0,8.4,multi
C:\Users\admin\Documents\GitHub\SensingRisk\sitelens\data\noto_crops\all\bldg_000587.png,20230303-49281-13461-s-8651,survived,0,136.89722277733088,37.398991098242774,"MULTIPOLYGON (((136.897212056 37.399041583, 136.897286667 37.39898025, 136.897234528 37.398939583, 136.897158083 37.399003778, 136.897212056 37.399041583)))",624.3745933530713,127.96993041590017,39.019377915464815,39.019377915464815,石川県、輪島市、鳳至町鳳来石浦,0,0,0,8.4,multi
C:\Users\admin\Documents\GitHub\SensingRisk\sitelens\data\noto_crops\all\bldg_000588.png,manual,survived,0,136.89561560549478,37.39385873224172,"MULTIPOLYGON (((136.8955845925556 37.39391968613908, 136.8956605354424 37.39391568914504, 136.89565354070282 37.39380077556628, 136.89556460758536 37.39380477256032, 136.8955845925556 37.39391968613908)))",322.86894552691814,1330.3584520204256,41.85243347517576,41.85243347517576,石川県、輪島市、鳳至町稲荷東三，四,0,0,0,8.4,multi
C:\Users\admin\Documents\GitHub\SensingRisk\sitelens\data\noto_crops\all\bldg_000589.png,20230303-49281-13461-s-7540,survived,0,136.89521099633757,37.39386936173218,"MULTIPOLYGON (((136.895167611 37.393833611, 136.895166556 37.393912333, 136.895250417 37.393913056, 136.895251667 37.393818333, 136.895213667 37.393818028, 136.895213444 37.393834028, 136.895167611 37.393833611)))",251.86147001638537,1333.315146784421,33.44658893370911,33.44658893370911,石川県、輪島市、鳳至町稲荷西一,0,0,0,8.4,multi
C:\Users\admin\Documents\GitHub\SensingRisk\sitelens\data\noto_crops\all\bldg_000590.png,20230303-49281-13461-s-7551,survived,0,136.89500292113394,37.39391035165235,"MULTIPOLYGON (((136.894911333 37.393870639, 136.894905028 37.393975139, 136.895008139 37.393975389, 136.895009694 37.393941028, 136.895102667 37.393940083, 136.895101111 37.393841167, 136.895034917 37.393841833, 136.895035361 37.393869361, 136.894911333 37.393870639)))",202.68884659873115,1312.3787711537002,55.263869884279046,55.263869884279046,石川県、輪島市、鳳至町稲荷西一,0,0,0,8.4,multi
C:\Users\admin\Documents\GitHub\SensingRisk\sitelens\data\noto_crops\all\bldg_000591.png,manual,destroyed,1,136.89485344133033,37.39392147111373,"MULTIPOLYGON (((136.89481057199166 37.393963815211194, 136.8948898298095 37.39396696390293, 136.89489801300564 37.39387802300845, 136.89481404386845 37.39387864745451, 136.89481057199166 37.393963815211194)))",186.78964010132893,1321.0230697797595,31.304137064611723,31.304137064611723,石川県、輪島市、鳳至町稲荷西一,0,0,0,8.4,multi
C:\Users\admin\Documents\GitHub\SensingRisk\sitelens\data\noto_crops\all\bldg_000592.png,20230303-49281-13461-s-7566,survived,0,136.8953248405758,37.39393184887161,"MULTIPOLYGON (((136.895284806 37.393956167, 136.895365806 37.393955167, 136.895364861 37.393907528, 136.895283889 37.393908528, 136.895284806 37.393956167)))",278.70669191678365,1323.0274436185966,22.90565338134769,22.90565338134769,石川県、輪島市、鳳至町稲荷西一,0,0,0,8.4,multi
C:\Users\admin\Documents\GitHub\SensingRisk\sitelens\data\noto_crops\all\bldg_000593.png,20230303-49281-13461-s-7576,survived,0,136.89553231538804,37.393997528439876,"MULTIPOLYGON (((136.895490056 37.39395325, 136.895492694 37.394024528, 136.895589917 37.394025, 136.8955905 37.393989028, 136.895528083 37.393991056, 136.895524417 37.393953333, 136.895490056 37.39395325)))",316.00869097990164,1306.7304795797525,28.619967062955993,28.619967062955993,石川県、輪島市、鳳至町稲荷東三，四,0,0,0,8.4,multi
C:\Users\admin\Documents\GitHub\SensingRisk\sitelens\data\noto_crops\all\bldg_000594.png,20230303-49281-13461-s-7582,survived,0,136.89526678246722,37.394004065035354,"MULTIPOLYGON (((136.895156056 37.393969778, 136.895157333 37.394034139, 136.895363778 37.394032972, 136.895364 37.393970361, 136.895241222 37.39397, 136.895241111 37.394004528, 136.895187333 37.394003222, 136.895190417 37.393969861, 136.895156056 37.393969778)))",249.0036096572876,1288.9564842247069,58.14535672929554,58.14535672929554,石川県、輪島市、鳳至町稲荷西一,0,0,0,8.4,multi
C:\Users\admin\Documents\GitHub\SensingRisk\sitelens\data\noto_crops\all\bldg_000595.png,20230303-49281-13461-s-7579,survived,0,136.89582550201024,37.394002905166815,"MULTIPOLYGON (((136.895756528 37.394021194, 136.895790889 37.394020083, 136.895791972 37.394041417, 136.89588975 37.39403825, 136.895886167 37.393967944, 136.89575175 37.393972278, 136.895756528 37.394021194)))",363.30864639812046,1298.096663909076,38.5875968032413,38.5875968032413,石川県、輪島市、鳳至町稲荷東三，四,0,0,0,8.4,multi
C:\Users\admin\Documents\GitHub\SensingRisk\sitelens\data\noto_crops\all\bldg_000597.png,20230303-49281-13461-s-7603,survived,0,136.89528005176533,37.394081850348236,"MULTIPOLYGON (((136.895193139 37.394050917, 136.895192889 37.394114083, 136.895371 37.394109972, 136.895368222 37.394052028, 136.895193139 37.394050917)))",257.2600970798069,1274.2288806108486,49.80344531801012,49.80344531801012,石川県、輪島市、鳳至町稲荷西一,0,0,0,8.4,multi
C:\Users\admin\Documents\GitHub\SensingRisk\sitelens\data\noto_crops\all\bldg_000598.png,20230303-49281-13461-s-7613,survived,0,136.89516415974367,37.39411325466166,"MULTIPOLYGON (((136.895180889 37.3941435, 136.895178111 37.394082111, 136.895147444 37.394083, 136.895150194 37.394144389, 136.895180889 37.3941435)))",249.24655178758175,1280.9554506218842,21.919714877883507,21.919714877883507,石川県、輪島市、鳳至町稲荷西一,0,0,0,8.4,multi
C:\Users\admin\Documents\GitHub\SensingRisk\sitelens\data\noto_crops\all\bldg_000600.png,manual,survived,0,136.89491740043871,37.39433561086715,"MULTIPOLYGON (((136.89485592814867 37.39439846034462, 136.89497518085665 37.394388027084574, 136.8949718320357 37.3943102815541, 136.89498613885615 37.39431593593272, 136.89498018529278 37.39427156739111, 136.8948955861584 37.3942755158247, 136.89488990599332 37.39429742157073, 136.89485128596638 37.394298037959985, 136.89485592814867 37.39439846034462)))",191.65253488893478,1217.0818873966705,45.595831682778,45.595831682778,石川県、輪島市、鳳至町稲荷西二,0,0,0,8.4,multi
C:\Users\admin\Documents\GitHub\SensingRisk\sitelens\data\noto_crops\all\bldg_000601.png,20230303-49281-13461-s-7666,survived,0,136.89515251257797,37.39433924942679,"MULTIPOLYGON (((136.895100778 37.394384472, 136.895190389 37.394395417, 136.895202722 37.394290528, 136.895114583 37.394285583, 136.895100778 37.394384472)))",238.56290991544682,1219.2636206887496,38.65779190116541,38.65779190116541,石川県、輪島市、鳳至町稲荷西二,0,0,0,8.4,multi
C:\Users\admin\Documents\GitHub\SensingRisk\sitelens\data\noto_crops\all\bldg_000602.png,20230303-49281-13461-s-7668,survived,0,136.89562864711982,37.3943386068886,"MULTIPOLYGON (((136.895602083 37.394376111, 136.895652306 37.394375556, 136.895655389 37.394302306, 136.895605361 37.394300417, 136.895602083 37.394376111)))",333.48759805999794,1225.7963372382037,26.641685637316414,26.641685637316414,石川県、輪島市、鳳至町稲荷東三，四,0,0,0,8.4,multi
C:\Users\admin\Documents\GitHub\SensingRisk\sitelens\data\noto_crops\all\bldg_000603.png,20230303-49281-13461-s-7672,survived,0,136.89568379868902,37.39436983908289,"MULTIPOLYGON (((136.895654389 37.394418972, 136.895702778 37.394424028, 136.895710639 37.39431675, 136.895667306 37.394315444, 136.895654389 37.394418972)))",337.72446923684527,1212.6235546234157,38.217834877342966,38.217834877342966,石川県、輪島市、鳳至町稲荷東三，四,0,0,0,8.4,multi
C:\Users\admin\Documents\GitHub\SensingRisk\sitelens\data\noto_crops\all\bldg_000604.png,20230303-49281-13461-s-7675,survived,0,136.8957522081111,37.39438421689532,"MULTIPOLYGON (((136.895725528 37.394328694, 136.895713194 37.394432389, 136.895779389 37.394441861, 136.89578975 37.394332417, 136.895725528 37.394328694)))",349.772642921994,1208.170309618915,39.83089331072597,39.83089331072597,石川県、輪島市、鳳至町稲荷東三，四,0,0,0,8.4,multi
C:\Users\admin\Documents\GitHub\SensingRisk\sitelens\data\noto_crops\all\bldg_000606.png,20230303-49281-13461-s-7686,survived,0,136.89562253437433,37.394393487627276,"MULTIPOLYGON (((136.895606472 37.394404111, 136.895637861 37.394404778, 136.895638583 37.394382861, 136.895607222 37.394382194, 136.895606472 37.394404111)))",341.11783406915464,1221.6264245557775,9.066517047441039,9.066517047441039,石川県、輪島市、鳳至町稲荷東三，四,0,0,0,8.4,multi
C:\Users\admin\Documents\GitHub\SensingRisk\sitelens\data\noto_crops\all\bldg_000607.png,20230303-49281-13461-s-7701,survived,0,136.89535007608976,37.39447779386255,"MULTIPOLYGON (((136.895299833 37.394462694, 136.8952985 37.394515694, 136.895398417 37.394507944, 136.895392694 37.394437, 136.895326944 37.394438639, 136.895324444 37.394461611, 136.895299833 37.394462694)))",279.4671757100412,1191.6231152838893,30.18750461239506,30.18750461239506,石川県、輪島市、鳳至町稲荷西二,0,0,0,8.4,multi
C:\Users\admin\Documents\GitHub\SensingRisk\sitelens\data\noto_crops\all\bldg_000608.png,20230303-49281-13461-s-7705,survived,0,136.89558929199998,37.3945125,"MULTIPOLYGON (((136.895644806 37.394553694, 136.895611556 37.394454667, 136.895533778 37.394471306, 136.895567028 37.394570333, 136.895644806 37.394553694)))",319.10031864906375,1177.8785645207483,40.71045539647298,40.71045539647298,石川県、輪島市、鳳至町稲荷東三，四,0,0,0,8.4,multi
C:\Users\admin\Documents\GitHub\SensingRisk\sitelens\data\noto_crops\all\bldg_000609.png,20230303-49281-13461-s-7711,survived,0,136.89595083921196,37.39451435209008,"MULTIPOLYGON (((136.895983111 37.394579028, 136.896004417 37.394472389, 136.895911444 37.394460556, 136.895894306 37.394546361, 136.895948111 37.394553194, 136.895944361 37.394571917, 136.895983111 37.394579028)))",385.7283306210739,1175.6737345544138,41.69807092689757,41.69807092689757,石川県、輪島市、鳳至町稲荷東三，四,0,0,0,8.4,multi
C:\Users\admin\Documents\GitHub\SensingRisk\sitelens\data\noto_crops\all\bldg_000610.png,20230303-49281-13461-s-7728,survived,0,136.89528604359106,37.39459053193231,"MULTIPOLYGON (((136.895318 37.394644861, 136.895313889 37.394536361, 136.895251139 37.394538611, 136.895261194 37.394645917, 136.895318 37.394644861)))",263.37118247694514,1160.5016698973425,38.55994545989415,38.55994545989415,石川県、輪島市、鳳至町稲荷西二,0,0,0,8.4,multi
C:\Users\admin\Documents\GitHub\SensingRisk\sitelens\data\noto_crops\all\bldg_000611.png,20230303-49281-13461-s-7748,survived,0,136.89492263217056,37.394656606181684,"MULTIPOLYGON (((136.894987611 37.394694167, 136.894978889 37.394627389, 136.894919111 37.394632028, 136.894916194 37.394606972, 136.894865417 37.394605667, 136.894876278 37.3946975, 136.894987611 37.394694167)))",197.9627381930042,1147.6566845978778,35.88406817198688,35.88406817198688,石川県、輪島市、鳳至町稲荷西二,0,0,0,8.4,multi
C:\Users\admin\Documents\GitHub\SensingRisk\sitelens\data\noto_crops\all\bldg_000612.png,20230303-49281-13461-s-7751,survived,0,136.89509615295182,37.39464797226367,"MULTIPOLYGON (((136.895040694 37.394680583, 136.895159528 37.394669528, 136.895151611 37.394615361, 136.895032778 37.394626417, 136.895040694 37.394680583)))",229.80683948728773,1148.7252001728857,35.44186880323622,35.44186880323622,石川県、輪島市、鳳至町稲荷西二,0,0,0,8.4,multi
C:\Users\admin\Documents\GitHub\SensingRisk\sitelens\data\noto_crops\all\bldg_000613.png,20230303-49281-13461-s-7626,survived,0,136.89577207382416,37.39416319533105,"MULTIPOLYGON (((136.895723 37.394197556, 136.895796222 37.394195361, 136.895797806 37.394170306, 136.895842667 37.394166833, 136.895833806 37.394137028, 136.89572025 37.394135556, 136.895723 37.394197556)))",358.1628412352668,1262.2922514076042,34.2302741898431,34.2302741898431,石川県、輪島市、鳳至町稲荷東三，四,0,0,0,8.4,multi
C:\Users\admin\Documents\GitHub\SensingRisk\sitelens\data\noto_crops\all\bldg_000614.png,20230303-49281-13461-s-7662,survived,0,136.8955430110019,37.39431002406275,"MULTIPOLYGON (((136.895514083 37.394341972, 136.8955715 37.394342083, 136.895571722 37.39428075, 136.895516556 37.394274583, 136.895514083 37.394341972)))",318.9290770978246,1234.2614623641207,23.75767934643295,23.75767934643295,石川県、輪島市、鳳至町稲荷東三，四,0,0,0,8.4,multi
C:\Users\admin\Documents\GitHub\SensingRisk\sitelens\data\noto_crops\all\bldg_000615.png,20230303-49281-13461-s-7678,survived,0,136.8945590308434,37.39436976315389,"MULTIPOLYGON (((136.894506833 37.394392667, 136.894621139 37.394388139, 136.894618917 37.394351833, 136.894543917 37.394354778, 136.894543083 37.394341667, 136.894505472 37.394343139, 136.894506833 37.394392667)))",132.02638183169896,1216.163853151895,32.34283739195931,32.34283739195931,石川県、輪島市、鳳至町稲荷西二,0,0,0,8.4,multi
C:\Users\admin\Documents\GitHub\SensingRisk\sitelens\data\noto_crops\all\bldg_000616.png,20230303-49281-13461-s-7680,survived,0,136.89589173997547,37.3943949990352,"MULTIPOLYGON (((136.895868889 37.3943505, 136.895853667 37.394430306, 136.895915361 37.394440278, 136.895928639 37.394357778, 136.895868889 37.3943505)))",379.92713051158546,1209.913771317567,31.59876942531878,31.59876942531878,石川県、輪島市、鳳至町稲荷東三，四,0,0,0,8.4,multi
C:\Users\admin\Documents\GitHub\SensingRisk\sitelens\data\noto_crops\all\bldg_000617.png,20230303-49281-13461-s-7537,survived,0,136.89466507470917,37.39384199544874,"MULTIPOLYGON (((136.894605611 37.393812583, 136.894606306 37.393849028, 136.894644889 37.393848556, 136.894645306 37.393870806, 136.894680417 37.393870361, 136.894680778 37.393889111, 136.894708444 37.393888778, 136.894706972 37.393811333, 136.894605611 37.393812583)))",150.51150685471936,1338.4758426876963,30.314681523588433,30.314681523588433,石川県、輪島市、鳳至町稲荷西一,0,0,0,8.4,multi
C:\Users\admin\Documents\GitHub\SensingRisk\sitelens\data\noto_crops\all\bldg_000618.png,20230303-49281-13461-s-7755,survived,0,136.89475735464956,37.3946726558866,"MULTIPOLYGON (((136.894795083 37.39471375, 136.894786417 37.394627306, 136.894719639 37.394631556, 136.894728278 37.394718, 136.894795083 37.39471375)))",168.41178266363625,1144.6943072974711,31.921169934856607,31.921169934856607,石川県、輪島市、鳳至町稲荷西二,0,0,0,8.4,multi
C:\Users\admin\Documents\GitHub\SensingRisk\sitelens\data\noto_crops\all\bldg_000619.png,20230303-49281-13461-s-7743,survived,0,136.89580779718918,37.39460848943162,"MULTIPOLYGON (((136.8957745 37.394632806, 136.895861167 37.394627028, 136.895858944 37.394605861, 136.895825639 37.394608056, 136.895822667 37.394579472, 136.895768611 37.394583083, 136.8957745 37.394632806)))",368.56960850821605,1163.3217197264635,25.880533403820436,25.880533403820436,石川県、輪島市、鳳至町稲荷東三，四,0,0,0,8.4,multi
C:\Users\admin\Documents\GitHub\SensingRisk\sitelens\data\noto_crops\all\bldg_000620.png,20230303-49281-13461-s-7583,survived,0,136.89601846515197,37.394003299758225,"MULTIPOLYGON (((136.895973333 37.393971056, 136.895981389 37.39403975, 136.89606725 37.39403025, 136.896055528 37.393970639, 136.895973333 37.393971056)))",406.1821852528378,1303.6523642515388,27.234982346827792,27.234982346827792,石川県、輪島市、鳳至町稲荷東三，四,0,0,0,8.4,multi
C:\Users\admin\Documents\GitHub\SensingRisk\sitelens\data\noto_crops\all\bldg_000621.png,20230303-49281-13461-s-7628,survived,0,136.8956754699786,37.39419628170644,"MULTIPOLYGON (((136.895701944 37.394240417, 136.89570375 37.394154611, 136.895648472 37.394154472, 136.895646667 37.394235528, 136.895701944 37.394240417)))",340.3467001685428,1257.0347525325376,30.24968520622906,30.24968520622906,石川県、輪島市、鳳至町稲荷東三，四,0,0,0,8.4,multi
C:\Users\admin\Documents\GitHub\SensingRisk\sitelens\data\noto_crops\all\bldg_000622.png,20230303-49281-13461-s-7733,survived,0,136.89473964027107,37.39457838371651,"MULTIPOLYGON (((136.894692306 37.394548056, 136.894694306 37.394615417, 136.894789972 37.394607917, 136.894781667 37.394540639, 136.894692306 37.394548056)))",166.84609357343788,1168.3557827064942,29.004548166327822,29.004548166327822,石川県、輪島市、鳳至町稲荷西二,0,0,0,8.4,multi
C:\Users\admin\Documents\GitHub\SensingRisk\sitelens\data\noto_crops\all\bldg_000623.png,20230303-49281-13461-s-7689,survived,0,136.89474154742527,37.39442550045123,"MULTIPOLYGON (((136.894703083 37.394457472, 136.894784083 37.394456694, 136.894778028 37.394390889, 136.894698833 37.394396667, 136.894703083 37.394457472)))",168.59534642565478,1206.1449234591175,25.624974279902517,25.624974279902517,石川県、輪島市、鳳至町稲荷西二,0,0,0,8.4,multi
C:\Users\admin\Documents\GitHub\SensingRisk\sitelens\data\noto_crops\all\bldg_000624.png,20230303-49281-13461-s-7623,survived,0,136.89532316510193,37.39415932147613,"MULTIPOLYGON (((136.895267917 37.394190306, 136.895371333 37.39418675, 136.895367917 37.394123694, 136.895294583 37.39412625, 136.895295972 37.39415175, 136.895267056 37.39415275, 136.895267917 37.394190306)))",274.5267417536842,1267.0706628707646,29.157962550057277,29.157962550057277,石川県、輪島市、鳳至町稲荷西一,0,0,0,8.4,multi
C:\Users\admin\Documents\GitHub\SensingRisk\sitelens\data\noto_crops\all\bldg_000625.png,20230303-49281-13461-s-7692,survived,0,136.89462683668333,37.39443082984567,"MULTIPOLYGON (((136.894680694 37.394452667, 136.894677861 37.394403778, 136.894573278 37.3944095, 136.894574583 37.394457194, 136.894680694 37.394452667)))",145.0508608394199,1202.4600191742627,30.035690561930352,30.035690561930352,石川県、輪島市、鳳至町稲荷西二,0,0,0,8.4,multi
C:\Users\admin\Documents\GitHub\SensingRisk\sitelens\data\noto_crops\all\bldg_000626.png,20230303-49281-13461-s-7752,survived,0,136.89521088236938,37.39464114291161,"MULTIPOLYGON (((136.895173889 37.394622472, 136.895177639 37.394665472, 136.895249194 37.394657806, 136.895244861 37.394618472, 136.895173889 37.394622472)))",258.50934722688464,1157.325594964831,21.056804180145264,21.056804180145264,石川県、輪島市、鳳至町稲荷西二,0,0,0,8.4,multi
C:\Users\admin\Documents\GitHub\SensingRisk\sitelens\data\noto_crops\all\bldg_000627.png,20230303-49281-13461-s-7710,survived,0,136.89586627095838,37.394498473998254,"MULTIPOLYGON (((136.895884167 37.394539194, 136.895896861 37.394465, 136.895847583 37.394460111, 136.895835361 37.394529222, 136.895884167 37.394539194)))",377.141099517419,1187.3311291928064,27.834497121557888,27.834497121557888,石川県、輪島市、鳳至町稲荷東三，四,0,0,0,8.4,multi
C:\Users\admin\Documents\GitHub\SensingRisk\sitelens\data\noto_crops\all\bldg_000628.png,20230303-49281-13461-s-7657,survived,0,136.89504049583232,37.394313864926495,"MULTIPOLYGON (((136.895005611 37.3942585, 136.894987306 37.394362778, 136.895076917 37.394370139, 136.8950915 37.394262278, 136.895005611 37.3942585)))",217.30226220991887,1225.0890623237124,39.2930898472996,39.2930898472996,石川県、輪島市、鳳至町稲荷西二,0,0,0,8.4,multi
C:\Users\admin\Documents\GitHub\SensingRisk\sitelens\data\noto_crops\all\bldg_000629.png,20230303-49281-13461-s-7654,survived,0,136.8946744161508,37.39427282591754,"MULTIPOLYGON (((136.894566389 37.394247361, 136.89456775 37.394283111, 136.894635389 37.394281583, 136.89463525 37.394290667, 136.894672 37.394291222, 136.894673139 37.394310556, 136.89475825 37.394307722, 136.894754361 37.394245639, 136.894566389 37.394247361)))",139.83123592800564,1226.4107610495118,53.648223977618755,53.648223977618755,石川県、輪島市、鳳至町稲荷西二,0,0,0,8.4,multi
C:\Users\admin\Documents\GitHub\SensingRisk\sitelens\data\noto_crops\all\bldg_000630.png,20230303-49281-13461-s-7541,survived,0,136.89484849282238,37.39385097979396,"MULTIPOLYGON (((136.894809028 37.393873, 136.894892722 37.393872, 136.894892028 37.393835, 136.894836806 37.393835667, 136.8948365 37.393818222, 136.894814444 37.393818472, 136.894809028 37.393873)))",190.1033714082506,1343.0138564621013,23.402538606855586,23.402538606855586,石川県、輪島市、鳳至町稲荷西一,0,0,0,8.4,multi
C:\Users\admin\Documents\GitHub\SensingRisk\sitelens\data\noto_crops\all\bldg_000631.png,20230303-49281-13461-s-7688,survived,0,136.895965209217,37.39442387815843,"MULTIPOLYGON (((136.895999222 37.394458083, 136.896009167 37.394394917, 136.89593 37.394389972, 136.895922306 37.394453139, 136.895999222 37.394458083)))",396.5436295936224,1205.9070533590034,26.17251546587204,26.17251546587204,石川県、輪島市、鳳至町稲荷東三，四,0,0,0,8.4,multi
C:\Users\admin\Documents\GitHub\SensingRisk\sitelens\data\noto_crops\all\bldg_000632.png,20230303-49281-13461-s-7580,survived,0,136.8951133716112,37.394007006649694,"MULTIPOLYGON (((136.895143833 37.394043639, 136.895141111 37.393972111, 136.895085111 37.393968417, 136.895084083 37.394042306, 136.895143833 37.394043639)))",237.60908752270498,1303.8365009300621,26.475557862627056,26.475557862627056,石川県、輪島市、鳳至町稲荷西一,0,0,0,8.4,multi
C:\Users\admin\Documents\GitHub\SensingRisk\sitelens\data\noto_crops\all\bldg_000633.png,20230303-49281-13461-s-7647,survived,0,136.89575462354816,37.39423094529866,"MULTIPOLYGON (((136.895712333 37.394257139, 136.8958005 37.394253778, 136.895798972 37.394207167, 136.895709528 37.394205861, 136.895712333 37.394257139)))",357.62955878575644,1251.4498775734514,25.437614896562366,25.437614896562366,石川県、輪島市、鳳至町稲荷東三，四,0,0,0,8.4,multi
C:\Users\admin\Documents\GitHub\SensingRisk\sitelens\data\noto_crops\all\bldg_000634.png,20230303-49281-13461-s-7722,survived,0,136.89509826383969,37.3945403333243,"MULTIPOLYGON (((136.895063111 37.394508306, 136.895072194 37.394577472, 136.895133417 37.394572361, 136.895124333 37.394503194, 136.895063111 37.394508306)))",234.84964165449415,1178.6313016588672,26.143302318249653,26.143302318249653,石川県、輪島市、鳳至町稲荷西二,0,0,0,8.4,multi
C:\Users\admin\Documents\GitHub\SensingRisk\sitelens\data\noto_crops\all\bldg_000635.png,20230303-49281-13461-s-7706,survived,0,136.89497364663382,37.39448461785749,"MULTIPOLYGON (((136.894939694 37.394515833, 136.895014417 37.394508861, 136.895006861 37.394455028, 136.894935278 37.394457722, 136.894939694 37.394515833)))",213.13866534322818,1192.8093567443484,23.55224874634905,23.55224874634905,石川県、輪島市、鳳至町稲荷西二,0,0,0,8.4,multi
C:\Users\admin\Documents\GitHub\SensingRisk\sitelens\data\noto_crops\all\bldg_000636.png,20230303-49281-13461-s-7697,survived,0,136.89488404607542,37.39447125294056,"MULTIPOLYGON (((136.894916556 37.394508056, 136.894909361 37.394430528, 136.894851083 37.394436361, 136.894858278 37.394510278, 136.894916556 37.394508056)))",193.91131153204407,1194.0769609254737,28.069258189896118,28.069258189896118,石川県、輪島市、鳳至町稲荷西二,0,0,0,8.4,multi
C:\Users\admin\Documents\GitHub\SensingRisk\sitelens\data\noto_crops\all\bldg_000637.png,20230303-49281-13461-s-7707,survived,0,136.89574002408838,37.394468681308155,"MULTIPOLYGON (((136.895720556 37.394465778, 136.895751861 37.394481361, 136.8957595 37.394471583, 136.895728167 37.394456, 136.895720556 37.394465778)))",362.11000751919215,1203.0709980391691,10.889531670676377,10.889531670676377,石川県、輪島市、鳳至町稲荷東三，四,0,0,0,8.4,multi
C:\Users\admin\Documents\GitHub\SensingRisk\sitelens\data\noto_crops\all\bldg_000640.png,20230303-49281-13461-s-7344,survived,0,136.89503264169792,37.3931536108177,"MULTIPOLYGON (((136.894966417 37.393137333, 136.894982583 37.393190917, 136.895099944 37.393168556, 136.895083 37.393117167, 136.894966417 37.393137333)))",217.12042138841417,1498.3190393056034,37.33685534795126,37.33685534795126,石川県、輪島市、鳳至町稲荷西一,0,0,0,8.4,multi
C:\Users\admin\Documents\GitHub\SensingRisk\sitelens\data\noto_crops\all\bldg_000641.png,manual,survived,0,136.89566185457937,37.39318560150828,"MULTIPOLYGON (((136.8956176078051 37.39323223408933, 136.8957166187851 37.39322507666909, 136.89570826846148 37.39314157343293, 136.89560687167472 37.39314395923968, 136.8956176078051 37.39323223408933)))",335.88746098722277,1492.202313891643,34.14869267055883,34.14869267055883,石川県、輪島市、鳳至町畠田東,0,0,0,8.4,multi
C:\Users\admin\Documents\GitHub\SensingRisk\sitelens\data\noto_crops\all\bldg_000642.png,20230303-49281-13461-s-7362,destroyed,1,136.89528127765828,37.39322543554418,"MULTIPOLYGON (((136.895228667 37.393307722, 136.895305639 37.393306694, 136.895305306 37.393291222, 136.895357333 37.393290528, 136.895354417 37.393150028, 136.895269583 37.393151139, 136.895269778 37.393160556, 136.895235167 37.393161028, 136.895234861 37.393147972, 136.895197139 37.393148472, 136.895198639 37.393218833, 136.895228972 37.393218417, 136.895228861 37.393212972, 136.895270139 37.393212417, 136.895270556 37.393232111, 136.895243861 37.393232444, 136.895244222 37.393249917, 136.895201972 37.393250472, 136.895202917 37.393296306, 136.895229528 37.393295972, 136.895228667 37.393307722)))",253.14479237299835,1471.5302859101062,56.27859869728468,56.27859869728468,石川県、輪島市、鳳至町稲荷西一,0,0,0,8.4,multi
C:\Users\admin\Documents\GitHub\SensingRisk\sitelens\data\noto_crops\all\bldg_000643.png,20230303-49281-13461-s-7381,survived,0,136.8950374255657,37.39324031192903,"MULTIPOLYGON (((136.894971722 37.393274167, 136.895101806 37.393271083, 136.895097583 37.393201917, 136.894972778 37.393213556, 136.894971722 37.393274167)))",218.2698004934523,1479.0903308756779,36.37412277327644,36.37412277327644,石川県、輪島市、鳳至町稲荷西一,0,0,0,8.4,multi
C:\Users\admin\Documents\GitHub\SensingRisk\sitelens\data\noto_crops\all\bldg_000644.png,20230303-49281-13461-s-7385,survived,0,136.89491836663558,37.393257317783956,"MULTIPOLYGON (((136.894909028 37.393282556, 136.894947167 37.393270111, 136.894927722 37.393232083, 136.894889556 37.393244528, 136.894909028 37.393282556)))",205.08393399625834,1483.4529453030887,18.60220426632668,18.60220426632668,石川県、輪島市、鳳至町稲荷西一,0,0,0,8.4,multi
C:\Users\admin\Documents\GitHub\SensingRisk\sitelens\data\noto_crops\all\bldg_000645.png,20230303-49281-13461-s-7393,survived,0,136.8955793016032,37.39327959216874,"MULTIPOLYGON (((136.895502111 37.393304167, 136.895597722 37.393303194, 136.8955975 37.393288361, 136.89567325 37.393287583, 136.895672806 37.393259833, 136.895503639 37.393261556, 136.895502111 37.393304167)))",315.2281745698717,1463.0359560458483,47.853932804531496,47.853932804531496,石川県、輪島市、鳳至町畠田東,0,0,0,8.4,multi
C:\Users\admin\Documents\GitHub\SensingRisk\sitelens\data\noto_crops\all\bldg_000646.png,20230303-49281-13461-s-7408,survived,0,136.89600541028182,37.39333673232917,"MULTIPOLYGON (((136.895931917 37.393309333, 136.895931722 37.393365833, 136.896077111 37.393366306, 136.896077333 37.3933055, 136.895931917 37.393309333)))",396.50316051377195,1453.9570272500907,40.71578664779662,40.71578664779662,石川県、輪島市、鳳至町畠田東,0,0,0,8.4,multi
C:\Users\admin\Documents\GitHub\SensingRisk\sitelens\data\noto_crops\all\bldg_000647.png,20230303-49281-13461-s-7409,survived,0,136.895333125,37.393343902999995,"MULTIPOLYGON (((136.8953495 37.393358417, 136.895347361 37.393328028, 136.89531675 37.393329389, 136.895318889 37.393359778, 136.8953495 37.393358417)))",286.0564412926372,1466.7916554474518,11.292230306452666,11.292230306452666,石川県、輪島市、鳳至町稲荷西一,0,0,0,8.4,multi
C:\Users\admin\Documents\GitHub\SensingRisk\sitelens\data\noto_crops\all\bldg_000648.png,20230303-49281-13461-s-7415,survived,0,136.89525893801346,37.39336845909568,"MULTIPOLYGON (((136.895279639 37.393405611, 136.895280861 37.39335525, 136.895302778 37.393355583, 136.89530325 37.39333625, 136.895230833 37.393335139, 136.895229056 37.393407861, 136.895279639 37.393405611)))",266.3338999740131,1453.0781363184108,25.768341611786582,25.768341611786582,石川県、輪島市、鳳至町稲荷西一,0,0,0,8.4,multi
C:\Users\admin\Documents\GitHub\SensingRisk\sitelens\data\noto_crops\all\bldg_000649.png,20230303-49281-13461-s-7416,survived,0,136.89506848190427,37.393377624387114,"MULTIPOLYGON (((136.895005917 37.393410333, 136.895130361 37.393408694, 136.895132167 37.393343861, 136.895003667 37.393348333, 136.895005917 37.393410333)))",224.2985998577542,1446.6834039419423,35.93120426601831,35.93120426601831,石川県、輪島市、鳳至町稲荷西一,0,0,0,8.4,multi
C:\Users\admin\Documents\GitHub\SensingRisk\sitelens\data\noto_crops\all\bldg_000650.png,20230303-49281-13461-s-7455,survived,0,136.89552803725945,37.39351340850677,"MULTIPOLYGON (((136.895469833 37.39355325, 136.895586389 37.393552333, 136.895583694 37.393472444, 136.895471611 37.393474583, 136.895469833 37.39355325)))",311.73298589225385,1416.4785220423057,32.63519085574603,32.63519085574603,石川県、輪島市、鳳至町畠田東,0,0,0,8.4,multi
C:\Users\admin\Documents\GitHub\SensingRisk\sitelens\data\noto_crops\all\bldg_000651.png,20230303-49281-13461-s-7458,survived,0,136.8949603534007,37.393531138412,"MULTIPOLYGON (((136.894912444 37.393577, 136.895004194 37.393581028, 136.895008222 37.393484528, 136.894916028 37.393482111, 136.894912444 37.393577)))",204.8013991957786,1410.9953083088596,34.81538322914662,34.81538322914662,石川県、輪島市、鳳至町稲荷西一,0,0,0,8.4,multi
C:\Users\admin\Documents\GitHub\SensingRisk\sitelens\data\noto_crops\all\bldg_000652.png,20230303-49281-13461-s-7479,survived,0,136.8952820593182,37.39362197531612,"MULTIPOLYGON (((136.895217333 37.393553861, 136.895220361 37.393691556, 136.895345333 37.393687667, 136.895347306 37.393556556, 136.895217333 37.393553861)))",257.99977178572146,1382.7858504791716,48.4639060391612,48.4639060391612,石川県、輪島市、鳳至町稲荷西一,0,0,0,8.4,multi
C:\Users\admin\Documents\GitHub\SensingRisk\sitelens\data\noto_crops\all\bldg_000653.png,20230303-49281-13461-s-7480,survived,0,136.89504309463413,37.39357458159916,"MULTIPOLYGON (((136.895061806 37.393594028, 136.895066417 37.393557083, 136.895020861 37.393556389, 136.895022944 37.39359275, 136.895061806 37.393594028)))",230.65021914742476,1411.0751458429625,14.176471241936042,14.176471241936042,石川県、輪島市、鳳至町稲荷西一,0,0,0,8.4,multi
C:\Users\admin\Documents\GitHub\SensingRisk\sitelens\data\noto_crops\all\bldg_000654.png,20230303-49281-13461-s-7481,survived,0,136.89591896120567,37.393602983662625,"MULTIPOLYGON (((136.895861722 37.393638778, 136.895958111 37.39363425, 136.895955722 37.393601722, 136.895983639 37.393600417, 136.895981 37.393564611, 136.895930639 37.393567, 136.895931472 37.393578139, 136.895861194 37.393581472, 136.895861722 37.393638778)))",384.43540225028994,1394.829555412967,34.238103553983876,34.238103553983876,石川県、輪島市、鳳至町畠田東,0,0,0,8.4,multi
C:\Users\admin\Documents\GitHub\SensingRisk\sitelens\data\noto_crops\all\bldg_000655.png,20230303-49281-13461-s-7493,survived,0,136.89499174517903,37.39365254795799,"MULTIPOLYGON (((136.894911167 37.3936245, 136.894916917 37.393690056, 136.895062083 37.393687056, 136.895065111 37.393610528, 136.894997139 37.393610972, 136.894993361 37.393622889, 136.894911167 37.3936245)))",205.8695737361908,1379.022576548471,43.04586233033075,43.04586233033075,石川県、輪島市、鳳至町稲荷西一,0,0,0,8.4,multi
C:\Users\admin\Documents\GitHub\SensingRisk\sitelens\data\noto_crops\all\bldg_000656.png,20230303-49281-13461-s-7357,survived,0,136.8948383351952,37.393201715642654,"MULTIPOLYGON (((136.894711139 37.393261222, 136.894970583 37.39319925, 136.894945972 37.393133722, 136.894892972 37.393146389, 136.894903 37.393173083, 136.894867917 37.393181472, 136.894861639 37.393164722, 136.894780306 37.393184139, 136.894788944 37.393207194, 136.894760028 37.393214083, 136.894753528 37.393196778, 136.894695306 37.393210667, 136.894711139 37.393261222)))",159.97563917371963,1468.3103749874147,76.97302815119426,76.97302815119426,石川県、輪島市、鳳至町稲荷西一,0,0,0,8.4,multi
C:\Users\admin\Documents\GitHub\SensingRisk\sitelens\data\noto_crops\all\bldg_000657.png,20230303-49281-13461-s-7387,survived,0,136.89579475877164,37.39329864746012,"MULTIPOLYGON (((136.895739444 37.393369083, 136.895827611 37.393365722, 136.895821833 37.393304917, 136.895871167 37.393301444, 136.895872 37.393241194, 136.895733917 37.393246278, 136.895739444 37.393369083)))",356.18161364357434,1458.4293629430429,46.20851034666248,46.20851034666248,石川県、輪島市、鳳至町畠田東,0,0,0,8.4,multi
C:\Users\admin\Documents\GitHub\SensingRisk\sitelens\data\noto_crops\all\bldg_000658.png,20230303-49281-13461-s-7461,survived,0,136.89466546529408,37.39352528948397,"MULTIPOLYGON (((136.894639833 37.393562056, 136.894715361 37.393542583, 136.894693417 37.393488444, 136.894613667 37.393509056, 136.894639833 37.393562056)))",152.4626693342243,1415.284068047534,29.20352606492952,29.20352606492952,石川県、輪島市、鳳至町稲荷西一,0,0,0,8.4,multi
C:\Users\admin\Documents\GitHub\SensingRisk\sitelens\data\noto_crops\all\bldg_000659.png,20230303-49281-13461-s-7437,survived,0,136.89507703777528,37.39345093262337,"MULTIPOLYGON (((136.895015917 37.393474722, 136.895141417 37.393471444, 136.895137083 37.393429694, 136.895019194 37.393426917, 136.895015917 37.393474722)))",226.72197550137838,1429.8043107321505,35.09234346283807,35.09234346283807,石川県、輪島市、鳳至町稲荷西一,0,0,0,8.4,multi
C:\Users\admin\Documents\GitHub\SensingRisk\sitelens\data\noto_crops\all\bldg_000661.png,20230303-49281-13461-s-7489,destroyed,1,136.8951212617438,37.393637419895796,"MULTIPOLYGON (((136.895082667 37.393610167, 136.895086889 37.393681111, 136.895151861 37.393680667, 136.895153722 37.393583528, 136.895116806 37.393586944, 136.895118083 37.393608611, 136.895082667 37.393610167)))",234.46367675004484,1387.5897119054518,34.34586108913527,34.34586108913527,石川県、輪島市、鳳至町稲荷西一,0,0,0,8.4,multi
C:\Users\admin\Documents\GitHub\SensingRisk\sitelens\data\noto_crops\all\bldg_000662.png,20230303-49281-13461-s-7343,survived,0,136.89470284043037,37.393161132975,"MULTIPOLYGON (((136.894641056 37.393205917, 136.894804861 37.393161917, 136.894785528 37.393132056, 136.894734722 37.393136722, 136.894727417 37.393116417, 136.894611389 37.393159667, 136.894641056 37.393205917)))",148.14476588567098,1488.266284168198,54.0986922317081,54.0986922317081,石川県、輪島市、鳳至町稲荷西一,0,0,0,8.4,multi
C:\Users\admin\Documents\GitHub\SensingRisk\sitelens\data\noto_crops\all\bldg_000663.png,20230303-49281-13461-s-7422,survived,0,136.89494559887422,37.39339682447029,"MULTIPOLYGON (((136.894901167 37.393387444, 136.894920472 37.393426806, 136.894990028 37.393405528, 136.894971472 37.393367333, 136.894901167 37.393387444)))",207.03852625952828,1447.5389155874286,24.84733651479084,24.84733651479084,石川県、輪島市、鳳至町稲荷西一,0,0,0,8.4,multi
C:\Users\admin\Documents\GitHub\SensingRisk\sitelens\data\noto_crops\all\bldg_000664.png,20230303-49281-13461-s-7459,destroyed,1,136.89511020850003,37.39352697249999,"MULTIPOLYGON (((136.895139556 37.393569528, 136.895140611 37.393484889, 136.895080861 37.393484417, 136.895079806 37.393569056, 136.895139556 37.393569528)))",235.16983605534597,1414.5035842863726,29.956145879081305,29.956145879081305,石川県、輪島市、鳳至町稲荷西一,0,0,0,8.4,multi
C:\Users\admin\Documents\GitHub\SensingRisk\sitelens\data\noto_crops\all\bldg_000665.png,20230303-49281-13461-s-7389,survived,0,136.8948644878162,37.39331357610676,"MULTIPOLYGON (((136.894848167 37.393380167, 136.894919222 37.393360056, 136.894879278 37.393245528, 136.894810472 37.393268028, 136.894848167 37.393380167)))",180.71506073688118,1456.0305999236618,47.38829910063782,47.38829910063782,石川県、輪島市、鳳至町稲荷西一,0,0,0,8.4,multi
C:\Users\admin\Documents\GitHub\SensingRisk\sitelens\data\noto_crops\all\bldg_000666.png,20230303-49281-13461-s-7364,survived,0,136.89595127296818,37.393179339536154,"MULTIPOLYGON (((136.89591725 37.393155528, 136.895920306 37.393206056, 136.895983556 37.393203944, 136.89598375 37.393152694, 136.89591725 37.393155528)))",396.6281157750256,1500.881754854939,20.322964182489386,20.322964182489386,石川県、輪島市、鳳至町畠田東,0,0,0,8.4,multi
C:\Users\admin\Documents\GitHub\SensingRisk\sitelens\data\noto_crops\all\bldg_000667.png,20230303-49281-13461-s-7384,survived,0,136.89598972222993,37.393253847231826,"MULTIPOLYGON (((136.895931222 37.393218139, 136.895929722 37.393284778, 136.896065444 37.393284, 136.896061111 37.393245861, 136.896017806 37.393243361, 136.896017889 37.39321475, 136.895931222 37.393218139)))",396.5911942958832,1475.551587350587,37.9506218274434,37.9506218274434,石川県、輪島市、鳳至町畠田東,0,0,0,8.4,multi
C:\Users\admin\Documents\GitHub\SensingRisk\sitelens\data\noto_crops\all\bldg_000669.png,20230303-49281-13461-s-7430,survived,0,136.895805236,37.393418111,"MULTIPOLYGON (((136.895763083 37.393441861, 136.89584825 37.393440861, 136.895847389 37.393394361, 136.895762222 37.393395361, 136.895763083 37.393441861)))",367.68283943600125,1442.997741297649,24.055172305636972,24.055172305636972,石川県、輪島市、鳳至町畠田東,0,0,0,8.4,multi
C:\Users\admin\Documents\GitHub\SensingRisk\sitelens\data\noto_crops\all\bldg_000670.png,20230303-49281-13461-s-7341,destroyed,1,136.89705673024022,37.393149868884734,"MULTIPOLYGON (((136.8970505 37.393178944, 136.897051139 37.393190806, 136.897096472 37.39318925, 136.897092333 37.393112417, 136.897014083 37.393115111, 136.897017583 37.393180083, 136.8970505 37.393178944)))",598.705290398023,1503.5280083680082,28.059520475689396,28.059520475689396,石川県、輪島市、鳳至町畠田南,0,0,0,8.4,multi
C:\Users\admin\Documents\GitHub\SensingRisk\sitelens\data\noto_crops\all\bldg_000671.png,20230303-49281-13461-s-7349,survived,0,136.8964308326104,37.3931470086391,"MULTIPOLYGON (((136.896356611 37.393129111, 136.896360194 37.393175611, 136.896485722 37.393167556, 136.896486556 37.393143111, 136.89652275 37.393141194, 136.896523222 37.39312175, 136.896356611 37.393129111)))",474.7295398977068,1494.951603297715,46.58781225946211,46.58781225946211,石川県、輪島市、鳳至町畠田南,0,0,0,8.4,multi
C:\Users\admin\Documents\GitHub\SensingRisk\sitelens\data\noto_crops\all\bldg_000672.png,20230303-49281-13461-s-7368,survived,0,136.8960729622599,37.39319337720764,"MULTIPOLYGON (((136.896035278 37.39316175, 136.896035611 37.393226278, 136.8961105 37.393223917, 136.896111472 37.393161917, 136.896035278 37.39316175)))",417.6550007950456,1495.568129889856,24.080314498903135,24.080314498903135,石川県、輪島市、鳳至町畠田東,0,0,0,8.4,multi
C:\Users\admin\Documents\GitHub\SensingRisk\sitelens\data\noto_crops\all\bldg_000673.png,20230303-49281-13461-s-7379,survived,0,136.89698381932985,37.39322940213353,"MULTIPOLYGON (((136.896943472 37.393200333, 136.896943278 37.393259333, 136.897024028 37.393258778, 136.897024222 37.393199167, 136.896943472 37.393200333)))",587.5943195363196,1487.5333413958542,23.614077373283635,23.614077373283635,石川県、輪島市、鳳至町畠田南,0,0,0,8.4,multi
C:\Users\admin\Documents\GitHub\SensingRisk\sitelens\data\noto_crops\all\bldg_000674.png,20230303-49281-13461-s-7380,survived,0,136.89679873596927,37.39323790655769,"MULTIPOLYGON (((136.896754306 37.393268889, 136.896840222 37.393267889, 136.896839 37.393201639, 136.896804639 37.393202028, 136.896804806 37.393211222, 136.896755222 37.393211778, 136.896754306 37.393268889)))",551.7080391736706,1484.9994235755673,25.859618030942784,25.859618030942784,石川県、輪島市、鳳至町畠田南,0,0,0,8.4,multi
C:\Users\admin\Documents\GitHub\SensingRisk\sitelens\data\noto_crops\all\bldg_000675.png,20230303-49281-13461-s-7398,destroyed,1,136.89657758914177,37.393340434669476,"MULTIPOLYGON (((136.896547306 37.393285722, 136.896506722 37.393355361, 136.896628333 37.393392583, 136.896646389 37.39335925, 136.896613361 37.393349194, 136.896630778 37.393315333, 136.896547306 37.393285722)))",502.7646720277483,1452.8223159731117,41.460259490434055,41.460259490434055,石川県、輪島市、鳳至町畠田南,0,0,0,8.4,multi
C:\Users\admin\Documents\GitHub\SensingRisk\sitelens\data\noto_crops\all\bldg_000676.png,manual,survived,0,136.89687932304116,37.39339433927801,"MULTIPOLYGON (((136.89680960944344 37.3933444290226, 136.89681525178517 37.393458056456154, 136.8969506827531 37.39344827712194, 136.89693778303754 37.39332508357276, 136.89680960944344 37.3933444290226)))",556.2120708737053,1437.3768834750438,47.75224052403814,47.75224052403814,石川県、輪島市、鳳至町畠田南,0,0,0,8.4,multi
C:\Users\admin\Documents\GitHub\SensingRisk\sitelens\data\noto_crops\all\bldg_000677.png,20230303-49281-13461-s-7426,survived,0,136.89653021230782,37.39340680262363,"MULTIPOLYGON (((136.896502139 37.393382167, 136.896487056 37.393417306, 136.896557694 37.393432056, 136.896573056 37.393395444, 136.896502139 37.393382167)))",502.80299524731106,1445.5826198758118,24.04734293089973,24.04734293089973,石川県、輪島市、鳳至町畠田南,0,0,0,8.4,multi
C:\Users\admin\Documents\GitHub\SensingRisk\sitelens\data\noto_crops\all\bldg_000678.png,20230303-49281-13461-s-7429,survived,0,136.89661296998784,37.39342356325857,"MULTIPOLYGON (((136.896569194 37.393432972, 136.896638583 37.393453417, 136.89665675 37.393414139, 136.896587333 37.393393722, 136.896569194 37.393432972)))",518.0421133624183,1441.5033085219527,24.482432074017083,24.482432074017083,石川県、輪島市、鳳至町畠田南,0,0,0,8.4,multi
C:\Users\admin\Documents\GitHub\SensingRisk\sitelens\data\noto_crops\all\bldg_000680.png,20230303-49281-13461-s-7440,survived,0,136.89651145640562,37.393464533981536,"MULTIPOLYGON (((136.896469833 37.393433361, 136.896454 37.393473833, 136.896554167 37.393494694, 136.896569833 37.393456806, 136.896469833 37.393433361)))",495.2505916542477,1428.0566806846537,32.3892543474833,32.3892543474833,石川県、輪島市、鳳至町畠田南,0,0,0,8.4,multi
C:\Users\admin\Documents\GitHub\SensingRisk\sitelens\data\noto_crops\all\bldg_000681.png,20230303-49281-13461-s-7442,survived,0,136.89641763583975,37.39345936494388,"MULTIPOLYGON (((136.896389139 37.39343675, 136.896385111 37.393478194, 136.89644575 37.393482167, 136.896450389 37.393440472, 136.896389139 37.39343675)))",484.73363478943725,1436.165718992796,18.31535228692792,18.31535228692792,石川県、輪島市、鳳至町畠田南,0,0,0,8.4,multi
C:\Users\admin\Documents\GitHub\SensingRisk\sitelens\data\noto_crops\all\bldg_000682.png,20230303-49281-13461-s-7445,survived,0,136.89661954154943,37.39348223623534,"MULTIPOLYGON (((136.896564472 37.393495556, 136.896659278 37.393515444, 136.896674611 37.393468917, 136.896579806 37.393449028, 136.896564472 37.393495556)))",516.1094246864319,1424.5802489228233,30.797096549140065,30.797096549140065,石川県、輪島市、鳳至町畠田南,0,0,0,8.4,multi
C:\Users\admin\Documents\GitHub\SensingRisk\sitelens\data\noto_crops\all\bldg_000683.png,20230303-49281-13461-s-7449,survived,0,136.8969175878112,37.393489395268084,"MULTIPOLYGON (((136.896860222 37.393468889, 136.896869139 37.393521361, 136.896974944 37.393509917, 136.896966028 37.393457417, 136.896860222 37.393468889)))",571.0276373121474,1422.261092359599,32.078596236970725,32.078596236970725,石川県、輪島市、鳳至町畠田南,0,0,0,8.4,multi
C:\Users\admin\Documents\GitHub\SensingRisk\sitelens\data\noto_crops\all\bldg_000684.png,20230303-49281-13461-s-7448,survived,0,136.8961640975,37.39348825,"MULTIPOLYGON (((136.896181889 37.393522111, 136.896182889 37.39345475, 136.896146306 37.393454389, 136.896145306 37.39352175, 136.896181889 37.393522111)))",434.6891499463526,1426.6497418469235,23.835815716357956,23.835815716357956,石川県、輪島市、鳳至町畠田東,0,0,0,8.4,multi
C:\Users\admin\Documents\GitHub\SensingRisk\sitelens\data\noto_crops\all\bldg_000685.png,20230303-49281-13461-s-7454,survived,0,136.896824083275,37.39349401404064,"MULTIPOLYGON (((136.896783111 37.393478639, 136.896789972 37.393517778, 136.896865056 37.393509389, 136.896858194 37.39347025, 136.896783111 37.393478639)))",558.1806239710914,1425.7584217712788,22.913482756084818,22.913482756084818,石川県、輪島市、鳳至町畠田南,0,0,0,8.4,multi
C:\Users\admin\Documents\GitHub\SensingRisk\sitelens\data\noto_crops\all\bldg_000686.png,manual,survived,0,136.89624479290816,37.39353822469812,"MULTIPOLYGON (((136.89628308326687 37.393586273495785, 136.89620616088098 37.39358772486156, 136.89620616088098 37.39348903198911, 136.89628453463263 37.39349048335488, 136.89628308326687 37.393586273495785)))",444.3849544373358,1409.4370791532708,34.73649803654257,34.73649803654257,石川県、輪島市、鳳至町畠田東,0,0,0,8.4,multi
C:\Users\admin\Documents\GitHub\SensingRisk\sitelens\data\noto_crops\all\bldg_000687.png,20230303-49281-13461-s-7465,survived,0,136.89640902541709,37.39351207683212,"MULTIPOLYGON (((136.896375472 37.3934975, 136.896375167 37.393527667, 136.896441861 37.393526861, 136.896443444 37.393496472, 136.896375472 37.3934975)))",482.77132556703356,1423.432736510182,19.091632943683237,19.091632943683237,石川県、輪島市、鳳至町畠田南,0,0,0,8.4,multi
C:\Users\admin\Documents\GitHub\SensingRisk\sitelens\data\noto_crops\all\bldg_000688.png,20230303-49281-13461-s-7466,survived,0,136.89654693824667,37.3935408486201,"MULTIPOLYGON (((136.896506667 37.3935735, 136.896596361 37.393564167, 136.896587194 37.393508194, 136.896497528 37.393517528, 136.896506667 37.3935735)))",504.15705638461645,1412.4082376531642,27.63570982085332,27.63570982085332,石川県、輪島市、鳳至町畠田南,0,0,0,8.4,multi
C:\Users\admin\Documents\GitHub\SensingRisk\sitelens\data\noto_crops\all\bldg_000689.png,20230303-49281-13461-s-7476,destroyed,1,136.8961298100516,37.3935746366533,"MULTIPOLYGON (((136.896071861 37.393538056, 136.896071139 37.393574361, 136.896116722 37.393572028, 136.896118806 37.393616139, 136.896178583 37.393615083, 136.896178694 37.393565944, 136.89614575 37.393564389, 136.896145778 37.39353825, 136.896071861 37.393538056)))",423.8330691487513,1402.2500185479582,30.94024175718323,30.94024175718323,石川県、輪島市、鳳至町畠田東,0,0,0,8.4,multi
C:\Users\admin\Documents\GitHub\SensingRisk\sitelens\data\noto_crops\all\bldg_000690.png,20230303-49281-13461-s-7478,survived,0,136.89641858904255,37.39356861136526,"MULTIPOLYGON (((136.896379 37.393554139, 136.896378889 37.393584528, 136.896457333 37.393582917, 136.896459694 37.393553139, 136.896379 37.393554139)))",482.8813095410665,1408.3618775302796,22.594715637630884,22.594715637630884,石川県、輪島市、鳳至町畠田南,0,0,0,8.4,multi
C:\Users\admin\Documents\GitHub\SensingRisk\sitelens\data\noto_crops\all\bldg_000691.png,20230303-49281-13461-s-7539,destroyed,1,136.8980361611248,37.39393108246204,"MULTIPOLYGON (((136.898013972 37.394026972, 136.898014028 37.394049, 136.898089389 37.39404675, 136.898087278 37.394024111, 136.898138167 37.394018306, 136.898141778 37.393841861, 136.898018722 37.393842917, 136.898016083 37.393814833, 136.897952861 37.393818611, 136.897953389 37.393873639, 136.897914556 37.393874722, 136.89791575 37.393955806, 136.897962056 37.393959472, 136.897963306 37.394029222, 136.898013972 37.394026972)))",752.8854315915783,1293.2547132268585,82.41873332677687,82.41873332677687,石川県、輪島市、新橋通,0,0,0,8.4,multi
C:\Users\admin\Documents\GitHub\SensingRisk\sitelens\data\noto_crops\all\bldg_000693.png,20230303-49281-13461-s-7443,survived,0,136.89812146730796,37.3934932886209,"MULTIPOLYGON (((136.898067056 37.393532472, 136.898163639 37.393544028, 136.898177861 37.393468333, 136.898143028 37.393464167, 136.898146806 37.393444083, 136.898086028 37.393436806, 136.898067056 37.393532472)))",792.5925968519182,1418.9797657196295,38.158821973933755,38.158821973933755,石川県、輪島市、新橋通,0,0,0,8.4,multi
C:\Users\admin\Documents\GitHub\SensingRisk\sitelens\data\noto_crops\all\bldg_000694.png,20230303-49281-13461-s-7753,survived,0,136.8981758969005,37.39465600220703,"MULTIPOLYGON (((136.898100722 37.394669694, 136.898243333 37.394687306, 136.898255444 37.394645611, 136.898109083 37.394622611, 136.898100722 37.394669694)))",800.4094627380372,1143.1750925875454,43.26340690188931,43.26340690188931,石川県、輪島市、鳳至町末広,0,0,0,8.4,multi
C:\Users\admin\Documents\GitHub\SensingRisk\sitelens\data\noto_crops\all\bldg_000695.png,20230303-49281-13461-s-7723,survived,0,136.89836355873308,37.39454393862873,"MULTIPOLYGON (((136.898234056 37.394570444, 136.898351306 37.394577861, 136.898353694 37.394553806, 136.898398889 37.394556667, 136.8983965 37.394580806, 136.898485528 37.394586417, 136.898492111 37.394520111, 136.898245528 37.3945045, 136.898234056 37.394570444)))",820.4490549935235,1154.421582338443,72.15740791426765,72.15740791426765,石川県、輪島市、鳳至町末広,0,0,0,8.4,multi
C:\Users\admin\Documents\GitHub\SensingRisk\sitelens\data\noto_crops\all\bldg_000696.png,20230303-49281-13461-s-7586,survived,0,136.8984166021541,37.39402308720409,"MULTIPOLYGON (((136.898438333 37.394052361, 136.898432583 37.393991556, 136.898394861 37.393993806, 136.898400639 37.394054639, 136.898438333 37.394052361)))",855.4018747787111,1301.9675048290803,22.203047199958064,22.203047199958064,石川県、輪島市、新橋通,0,0,0,8.4,multi
C:\Users\admin\Documents\GitHub\SensingRisk\sitelens\data\noto_crops\all\bldg_000697.png,20230303-49281-13461-s-7529,survived,0,136.89847086035766,37.39382239510561,"MULTIPOLYGON (((136.898525389 37.39380075, 136.898423667 37.393793389, 136.898417861 37.393844417, 136.898516444 37.393851556, 136.898525389 37.39380075)))",861.7278570493063,1345.1109260765922,30.067008039686357,30.067008039686357,石川県、輪島市、新橋通,0,0,0,8.4,multi
C:\Users\admin\Documents\GitHub\SensingRisk\sitelens\data\noto_crops\all\bldg_000699.png,20230303-49281-13461-s-7460,survived,0,136.8987306403754,37.39354970839824,"MULTIPOLYGON (((136.898590861 37.3936015, 136.898734972 37.393622083, 136.898748833 37.393560361, 136.898905917 37.393582806, 136.898918944 37.393524722, 136.898615167 37.393485306, 136.898590861 37.3936015)))",883.6987864865198,1377.3421790546709,91.7386559486389,91.7386559486389,石川県、輪島市、新橋通,0,0,0,8.4,multi
C:\Users\admin\Documents\GitHub\SensingRisk\sitelens\data\noto_crops\all\bldg_000700.png,20230303-49281-13461-s-7511,survived,0,136.89868092295526,37.3937543620487,"MULTIPOLYGON (((136.898609639 37.393780333, 136.898744083 37.393791389, 136.898752194 37.393728389, 136.898617778 37.393717333, 136.898609639 37.393780333)))",895.8454908688864,1356.1957340875729,39.861267116334716,39.861267116334716,石川県、輪島市、新橋通,0,0,0,8.4,multi
C:\Users\admin\Documents\GitHub\SensingRisk\sitelens\data\noto_crops\all\bldg_000701.png,20230303-49281-13461-s-7374,survived,0,136.8986894884891,37.39320619929162,"MULTIPOLYGON (((136.898626556 37.393225472, 136.898746056 37.393237056, 136.898753639 37.393187222, 136.898631667 37.393175389, 136.898626556 37.393225472)))",899.7200956980388,1486.9761477823126,35.53498235278653,35.53498235278653,石川県、輪島市、新橋通,0,0,0,8.4,multi
C:\Users\admin\Documents\GitHub\SensingRisk\sitelens\data\noto_crops\all\bldg_000702.png,20230303-49281-13461-s-7561,survived,0,136.89872534668507,37.39390921115089,"MULTIPOLYGON (((136.898776778 37.39393725, 136.898785389 37.393895806, 136.898677944 37.393879167, 136.898665167 37.393924722, 136.898776778 37.39393725)))",907.2374535454644,1323.2187599803203,33.6165077103509,33.6165077103509,石川県、輪島市、新橋通,0,0,0,8.4,multi
C:\Users\admin\Documents\GitHub\SensingRisk\sitelens\data\noto_crops\all\bldg_000703.png,20230303-49281-13461-s-7572,survived,0,136.89874210457282,37.39397637449316,"MULTIPOLYGON (((136.898717139 37.394016028, 136.898798667 37.393988806, 136.898775472 37.393944611, 136.898739306 37.393956694, 136.898731028 37.393940889, 136.898690222 37.393954528, 136.898717139 37.394016028)))",912.4416684455975,1308.3663571195918,30.353867030017227,30.353867030017227,石川県、輪島市、新橋通,0,0,0,8.4,multi
C:\Users\admin\Documents\GitHub\SensingRisk\sitelens\data\noto_crops\all\bldg_000704.png,20230303-49281-13461-s-7518,survived,0,136.89883894067864,37.39379763946745,"MULTIPOLYGON (((136.898880417 37.393853083, 136.898913944 37.39375325, 136.898843944 37.393740306, 136.898835389 37.393772111, 136.898778556 37.393759278, 136.898757861 37.393828833, 136.898880417 37.393853083)))",922.2804249771544,1343.8058927147351,44.774367765299075,44.774367765299075,石川県、輪島市、新橋通,0,0,0,8.4,multi
C:\Users\admin\Documents\GitHub\SensingRisk\sitelens\data\noto_crops\all\bldg_000705.png,20230303-49281-13461-s-7484,survived,0,136.89886976901823,37.39360979402538,"MULTIPOLYGON (((136.89892125 37.393641639, 136.898930056 37.393588556, 136.898820278 37.393576972, 136.898808889 37.393631778, 136.89892125 37.393641639)))",933.9851360056135,1393.2223592102482,33.88074884944501,33.88074884944501,石川県、輪島市、新橋通,0,0,0,8.4,multi
C:\Users\admin\Documents\GitHub\SensingRisk\sitelens\data\noto_crops\all\bldg_000706.png,20230303-49281-13461-s-7394,survived,0,136.89893698558907,37.39329540055212,"MULTIPOLYGON (((136.898809278 37.393314083, 136.899038611 37.393319389, 136.899040417 37.393269389, 136.898922167 37.393266667, 136.8989215 37.393284639, 136.898809417 37.393282056, 136.898809278 37.393314083)))",928.9325841956669,1452.0596968001778,64.63114882045318,64.63114882045318,石川県、輪島市、新橋通,0,0,0,8.4,multi
C:\Users\admin\Documents\GitHub\SensingRisk\sitelens\data\noto_crops\all\bldg_000707.png,20230303-49281-13461-s-7339,survived,0,136.89895949611974,37.39314853585171,"MULTIPOLYGON (((136.898909806 37.393185139, 136.898995917 37.393190583, 136.899007972 37.393111306, 136.898924306 37.393106333, 136.898909806 37.393185139)))",951.951076810539,1502.6548403267616,31.285754668089794,31.285754668089794,石川県、輪島市、新橋通,0,0,0,8.4,multi
C:\Users\admin\Documents\GitHub\SensingRisk\sitelens\data\noto_crops\all\bldg_000708.png,20230303-49281-13461-s-7578,survived,0,136.89897741263755,37.39402117188816,"MULTIPOLYGON (((136.898952861 37.394070694, 136.898996806 37.394063389, 136.899041111 37.394046083, 136.899063694 37.393991083, 136.898935306 37.393966694, 136.898897889 37.394063889, 136.898952861 37.394070694)))",948.4956569141813,1290.9210630081625,46.362438318464456,46.362438318464456,石川県、輪島市、新橋通,0,0,0,8.4,multi
C:\Users\admin\Documents\GitHub\SensingRisk\sitelens\data\noto_crops\all\bldg_000709.png,20230303-49281-13461-s-7463,survived,0,136.89901352318515,37.39358352135484,"MULTIPOLYGON (((136.89895225 37.393651778, 136.899088917 37.393661639, 136.899092778 37.393627639, 136.899048472 37.393624444, 136.899062722 37.393498472, 136.89899625 37.393493667, 136.898994139 37.393512111, 136.898965833 37.393510083, 136.89895225 37.393651778)))",949.8943292348987,1388.029610268958,59.12036911194741,59.12036911194741,石川県、輪島市、新橋通,0,0,0,8.4,multi
C:\Users\admin\Documents\GitHub\SensingRisk\sitelens\data\noto_crops\all\bldg_000710.png,20230303-49281-13461-s-7427,survived,0,136.89911754680662,37.39343766227924,"MULTIPOLYGON (((136.899139611 37.393488889, 136.899144444 37.39338875, 136.899095306 37.39338725, 136.899090556 37.39348575, 136.899139611 37.393488889)))",979.2744707351975,1432.4554734122073,35.773433641714746,35.773433641714746,石川県、輪島市、新橋通,0,0,0,8.4,multi
C:\Users\admin\Documents\GitHub\SensingRisk\sitelens\data\noto_crops\all\bldg_000711.png,20230303-49281-13461-s-7369,survived,0,136.89917112516318,37.3931960897251,"MULTIPOLYGON (((136.899146528 37.39322425, 136.899195833 37.393222, 136.899196694 37.393170139, 136.899146722 37.393168222, 136.899146528 37.39322425)))",997.3882441767128,1497.226943855117,19.719929757103955,19.719929757103955,石川県、輪島市、新橋通,0,0,0,8.4,multi
C:\Users\admin\Documents\GitHub\SensingRisk\sitelens\data\noto_crops\all\bldg_000712.png,20230303-49281-13461-s-7435,survived,0,136.89921557434764,37.393433704366096,"MULTIPOLYGON (((136.899152417 37.393456722, 136.899276417 37.393459389, 136.899278056 37.393410583, 136.899155417 37.393407944, 136.899152417 37.393456722)))",997.8149863455031,1433.8097213080368,35.13121068212706,35.13121068212706,石川県、輪島市、新橋通,0,0,0,8.4,multi
C:\Users\admin\Documents\GitHub\SensingRisk\sitelens\data\noto_crops\all\bldg_000713.png,20230303-49281-13461-s-7610,survived,0,136.89847370849998,37.394100902999995,"MULTIPOLYGON (((136.8984225 37.394125417, 136.898531611 37.394112556, 136.898524917 37.394076389, 136.898415806 37.39408925, 136.8984225 37.394125417)))",860.9590411292182,1278.621741911919,32.381424978044265,32.381424978044265,石川県、輪島市、新橋通,0,0,0,8.4,multi
C:\Users\admin\Documents\GitHub\SensingRisk\sitelens\data\noto_crops\all\bldg_000714.png,20230303-49281-13461-s-7378,survived,0,136.89886106945553,37.39322530728473,"MULTIPOLYGON (((136.8987665 37.393245306, 136.898952167 37.393254222, 136.898957583 37.393207139, 136.898772361 37.393194806, 136.8987665 37.393245306)))",922.8249319182502,1473.7363131584611,53.43067941665652,53.43067941665652,石川県、輪島市、新橋通,0,0,0,8.4,multi
C:\Users\admin\Documents\GitHub\SensingRisk\sitelens\data\noto_crops\all\bldg_000715.png,20230303-49281-13461-s-7533,survived,0,136.89867995474927,37.39383674418248,"MULTIPOLYGON (((136.898653472 37.393847194, 136.898648889 37.393862111, 136.8987165 37.393873833, 136.898731278 37.393818778, 136.898637222 37.393801861, 136.898625861 37.393841778, 136.898653472 37.393847194)))",900.6002470917173,1341.798534987913,29.476729652616655,29.476729652616655,石川県、輪島市、新橋通,0,0,0,8.4,multi
C:\Users\admin\Documents\GitHub\SensingRisk\sitelens\data\noto_crops\all\bldg_000716.png,20230303-49281-13461-s-7468,survived,0,136.89917039480878,37.393551671528265,"MULTIPOLYGON (((136.899237111 37.393585667, 136.899242556 37.393523694, 136.899102139 37.393518, 136.899099472 37.393579722, 136.899237111 37.393585667)))",987.1323270691767,1403.64358592289,40.00918623606367,40.00918623606367,石川県、輪島市、新橋通,0,0,0,8.4,multi
C:\Users\admin\Documents\GitHub\SensingRisk\sitelens\data\noto_crops\all\bldg_000717.png,20230303-49281-13461-s-7546,survived,0,136.89821308051359,37.39399122556286,"MULTIPOLYGON (((136.898234417 37.393834944, 136.898150028 37.394039778, 136.898152639 37.394147083, 136.898224389 37.394138306, 136.89821725 37.3940435, 136.898303083 37.393856556, 136.898234417 37.393834944)))",776.1459967841727,1265.6662400744094,109.8621966434805,109.8621966434805,石川県、輪島市、新橋通,0,0,0,8.4,multi
C:\Users\admin\Documents\GitHub\SensingRisk\sitelens\data\noto_crops\all\bldg_000718.png,20230303-49281-13461-s-7417,survived,0,136.8988923207606,37.39341717113177,"MULTIPOLYGON (((136.89879825 37.393474417, 136.898967778 37.3934885, 136.898984639 37.393359306, 136.89881875 37.393345528, 136.89879825 37.393474417)))",927.3138918998163,1427.575235447165,55.414992387628445,55.414992387628445,石川県、輪島市、新橋通,0,0,0,8.4,multi
C:\Users\admin\Documents\GitHub\SensingRisk\sitelens\data\noto_crops\all\bldg_000719.png,20230303-49281-13461-s-7645,survived,0,136.89848917317968,37.39429926303536,"MULTIPOLYGON (((136.898440806 37.394414167, 136.898516278 37.394403, 136.898504694 37.394353028, 136.8985625 37.3943445, 136.898539417 37.394199806, 136.898423583 37.39421325, 136.898447 37.394346833, 136.898429083 37.394349167, 136.898440806 37.394414167)))",843.0298349002094,1208.7323987133775,75.4477022556946,75.4477022556946,石川県、輪島市、鳳至町末広,0,0,0,8.4,multi
C:\Users\admin\Documents\GitHub\SensingRisk\sitelens\data\noto_crops\all\bldg_000720.png,20230303-49281-13461-s-7495,destroyed,1,136.89791488777803,37.39368161182152,"MULTIPOLYGON (((136.897819528 37.393622278, 136.897802139 37.393718556, 136.898008944 37.393742306, 136.898026861 37.393643083, 136.897819528 37.393622278)))",741.4873209052616,1361.6184950378158,62.83682556682163,62.83682556682163,石川県、輪島市、新橋通,0,0,0,8.4,multi
C:\Users\admin\Documents\GitHub\SensingRisk\sitelens\data\noto_crops\all\bldg_000721.png,20230303-49281-13461-s-7681,survived,0,136.89833767219483,37.39441010846774,"MULTIPOLYGON (((136.898406278 37.394455806, 136.898384972 37.394352028, 136.898271389 37.394361917, 136.898288944 37.39446925, 136.898406278 37.394455806)))",830.3418115878819,1200.4694191748194,43.33083943829547,43.33083943829547,石川県、輪島市、鳳至町末広,0,0,0,8.4,multi
C:\Users\admin\Documents\GitHub\SensingRisk\sitelens\data\noto_crops\all\bldg_000722.png,20230303-49281-13461-s-7356,survived,0,136.8980076273594,37.39320641883801,"MULTIPOLYGON (((136.898011583 37.393311556, 136.898017139 37.393232722, 136.898049778 37.393232778, 136.898049889 37.393203222, 136.898070528 37.39320275, 136.898074667 37.393130056, 136.897967694 37.393130278, 136.897958083 37.393311694, 136.898011583 37.393311556)))",759.9314444956143,1469.3403558241662,63.930331274477794,63.930331274477794,石川県、輪島市、新橋通,0,0,0,8.4,multi
C:\Users\admin\Documents\GitHub\SensingRisk\sitelens\data\noto_crops\all\bldg_000723.png,20230303-49281-13461-s-7358,survived,0,136.89815695384735,37.39321112579907,"MULTIPOLYGON (((136.898195056 37.393149667, 136.898147722 37.393138222, 136.898122972 37.393173667, 136.898096472 37.393165306, 136.898063083 37.39323325, 136.898215417 37.393281222, 136.898240222 37.393232139, 136.898206167 37.39322225, 136.89822425 37.393198833, 136.898195056 37.393149667)))",789.9459963413699,1476.7543356252122,54.33633508431467,54.33633508431467,石川県、輪島市、新橋通,0,0,0,8.4,multi
C:\Users\admin\Documents\GitHub\SensingRisk\sitelens\data\noto_crops\all\bldg_000724.png,20230303-49281-13461-s-7386,survived,0,136.89914843602884,37.393304172866976,"MULTIPOLYGON (((136.8990885 37.393364194, 136.899155694 37.393376861, 136.899178694 37.393299139, 136.899200861 37.393303306, 136.899215583 37.393253667, 136.899131167 37.39323775, 136.8990885 37.393364194)))",979.1190451709514,1456.544000438754,48.96228935822819,48.96228935822819,石川県、輪島市、新橋通,0,0,0,8.4,multi
C:\Users\admin\Documents\GitHub\SensingRisk\sitelens\data\noto_crops\all\bldg_000725.png,20230303-49281-13461-s-7639,survived,0,136.89869487425477,37.39426191228503,"MULTIPOLYGON (((136.898668833 37.394357472, 136.898736111 37.394349861, 136.898722917 37.394275583, 136.898748194 37.394272722, 136.898731361 37.394177861, 136.898640639 37.394188111, 136.898668833 37.394357472)))",886.684258346937,1224.0739934768285,63.21689696342037,63.21689696342037,石川県、輪島市、鳳至町末広,0,0,0,8.4,multi
C:\Users\admin\Documents\GitHub\SensingRisk\sitelens\data\noto_crops\all\bldg_000726.png,20230303-49281-13461-s-7447,survived,0,136.8985765440931,37.393490928739794,"MULTIPOLYGON (((136.898602306 37.393530583, 136.898610694 37.393487694, 136.898589472 37.393485056, 136.898594722 37.393458139, 136.898548722 37.393452417, 136.898540861 37.393492778, 136.898567417 37.393496056, 136.898561333 37.39352725, 136.898602306 37.393530583)))",882.4209219575343,1424.0491852037487,27.511744650121955,27.511744650121955,石川県、輪島市、新橋通,0,0,0,8.4,multi
C:\Users\admin\Documents\GitHub\SensingRisk\sitelens\data\noto_crops\all\bldg_000727.png,20230303-49281-13461-s-7714,survived,0,136.89887844174424,37.39449421365814,"MULTIPOLYGON (((136.898840083 37.394519361, 136.898918556 37.394514194, 136.898913833 37.394468667, 136.89884125 37.394473444, 136.898840083 37.394519361)))",941.7898036797842,1191.6000959241305,21.942641189363258,21.942641189363258,石川県、輪島市、鳳至町末広,0,0,0,8.4,multi
C:\Users\admin\Documents\GitHub\SensingRisk\sitelens\data\noto_crops\all\bldg_000728.png,20230303-49281-13461-s-7366,survived,0,136.89925394673213,37.39319480719791,"MULTIPOLYGON (((136.899210417 37.393158472, 136.899212917 37.393230639, 136.899295139 37.393230833, 136.899298139 37.393160833, 136.899210417 37.393158472)))",1009.0230720193433,1493.823084347659,27.27076551823211,27.27076551823211,石川県、輪島市、新橋通,0,0,0,8.4,multi
C:\Users\admin\Documents\GitHub\SensingRisk\sitelens\data\noto_crops\all\bldg_000729.png,20230303-49281-13461-s-7631,destroyed,1,136.8989778190917,37.39420921010624,"MULTIPOLYGON (((136.898992917 37.394270611, 136.898988861 37.394231278, 136.89900875 37.394229944, 136.899001194 37.394156778, 136.898948944 37.394160194, 136.8989605 37.394272278, 136.898992917 37.394270611)))",950.9883804497515,1247.8250441374958,40.652029102895995,40.652029102895995,石川県、輪島市、鳳至町末広,0,0,0,8.4,multi
C:\Users\admin\Documents\GitHub\SensingRisk\sitelens\data\noto_crops\all\bldg_000730.png,20230303-49281-13461-s-7346,survived,0,136.89833727324898,37.39315589012822,"MULTIPOLYGON (((136.898306917 37.393196139, 136.898395194 37.393164139, 136.898369222 37.393117611, 136.898280333 37.393144417, 136.898306917 37.393196139)))",835.7490371280246,1500.2639895252082,32.11746344036533,32.11746344036533,石川県、輪島市、新橋通,0,0,0,8.4,multi
C:\Users\admin\Documents\GitHub\SensingRisk\sitelens\data\noto_crops\all\bldg_000731.png,20230303-49281-13461-s-7444,survived,0,136.89802202772776,37.393467500045936,"MULTIPOLYGON (((136.897973444 37.393488639, 136.898062306 37.393497778, 136.898070611 37.393446361, 136.89798175 37.393437222, 136.897973444 37.393488639)))",779.3653812779321,1429.8515762200127,27.169862455791872,27.169862455791872,石川県、輪島市、新橋通,0,0,0,8.4,multi
C:\Users\admin\Documents\GitHub\SensingRisk\sitelens\data\noto_crops\all\bldg_000732.png,20230303-49281-13461-s-7396,survived,0,136.898083291823,37.39330539926586,"MULTIPOLYGON (((136.898021111 37.393321861, 136.898128611 37.393341167, 136.898143722 37.393289944, 136.898042222 37.39326825, 136.898021111 37.393321861)))",787.0653777652317,1464.4922546673852,34.28452052010425,34.28452052010425,石川県、輪島市、新橋通,0,0,0,8.4,multi
C:\Users\admin\Documents\GitHub\SensingRisk\sitelens\data\noto_crops\all\bldg_000733.png,20230303-49281-13461-s-7451,survived,0,136.89920589101047,37.39348381481802,"MULTIPOLYGON (((136.899146972 37.393506194, 136.899262028 37.393507667, 136.899262972 37.393461167, 136.899151639 37.393459722, 136.899146972 37.393506194)))",997.2491747326321,1423.4185938244366,32.43595093621161,32.43595093621161,石川県、輪島市、新橋通,0,0,0,8.4,multi
C:\Users\admin\Documents\GitHub\SensingRisk\sitelens\data\noto_crops\all\bldg_000734.png,20230303-49281-13461-s-7593,survived,0,136.89827286722735,37.39407923832312,"MULTIPOLYGON (((136.898304194 37.394131, 136.898299083 37.394034222, 136.898278667 37.394034917, 136.898277944 37.394021167, 136.898243028 37.394022333, 136.898248889 37.394133694, 136.898304194 37.394131)))",820.046058421259,1280.5173120862064,39.60563531532921,39.60563531532921,石川県、輪島市、新橋通,0,0,0,8.4,multi
C:\Users\admin\Documents\GitHub\SensingRisk\sitelens\data\noto_crops\all\bldg_000735.png,20230303-49281-13461-s-7520,survived,0,136.89799309963132,37.39377818951263,"MULTIPOLYGON (((136.897941694 37.393803278, 136.898046278 37.393802306, 136.898045583 37.393753278, 136.897938889 37.393754222, 136.897941694 37.393803278)))",772.447482670678,1355.500322744708,30.02814082569546,30.02814082569546,石川県、輪島市、新橋通,0,0,0,8.4,multi
C:\Users\admin\Documents\GitHub\SensingRisk\sitelens\data\noto_crops\all\bldg_000736.png,20230303-49281-13461-s-7421,survived,0,136.89795963032037,37.39341540959933,"MULTIPOLYGON (((136.897943639 37.393470083, 136.898015667 37.393381444, 136.897975639 37.393360722, 136.897903583 37.393449389, 136.897943639 37.393470083)))",761.9122535642042,1436.255470225389,38.81077962662357,38.81077962662357,石川県、輪島市、新橋通,0,0,0,8.4,multi
C:\Users\admin\Documents\GitHub\SensingRisk\sitelens\data\noto_crops\all\bldg_000737.png,20230303-49281-13461-s-7556,survived,0,136.89848302183617,37.39388790053331,"MULTIPOLYGON (((136.898408667 37.393914472, 136.898553556 37.393921472, 136.898558111 37.393861472, 136.89841175 37.393854389, 136.898408667 37.393914472)))",858.0605440457663,1323.8913341631444,41.78757113350753,41.78757113350753,石川県、輪島市、新橋通,0,0,0,8.4,multi
C:\Users\admin\Documents\GitHub\SensingRisk\sitelens\data\noto_crops\all\bldg_000738.png,20230303-49284-13461-s-5771,survived,0,136.90025258528513,37.39332944254006,"MULTIPOLYGON (((136.900209 37.393385806, 136.900312111 37.393381861, 136.900309889 37.393344917, 136.900291278 37.393345611, 136.900288972 37.393307167, 136.900304972 37.393306556, 136.900302944 37.393272972, 136.900197056 37.393277028, 136.900209 37.393385806)))",1189.1417848958827,1455.8562596179943,39.974260642610034,39.974260642610034,石川県、輪島市、河井町祇園西,0,0,0,8.4,multi
C:\Users\admin\Documents\GitHub\SensingRisk\sitelens\data\noto_crops\all\bldg_000739.png,20230303-49284-13461-s-5776,survived,0,136.9004040389639,37.393337689550584,"MULTIPOLYGON (((136.900371833 37.393387972, 136.900480194 37.393377472, 136.900467 37.3932905, 136.9003175 37.393304972, 136.900325889 37.393360056, 136.900369694 37.393361722, 136.900371833 37.393387972)))",1213.275310945511,1450.786583133231,45.49253966543415,45.49253966543415,石川県、輪島市、河井町祇園西,0,0,0,8.4,multi
C:\Users\admin\Documents\GitHub\SensingRisk\sitelens\data\noto_crops\all\bldg_000740.png,20230303-49284-13461-s-5746,survived,0,136.90043997417644,37.39325657966199,"MULTIPOLYGON (((136.900412583 37.393271833, 136.900461889 37.393276111, 136.900466667 37.393241083, 136.900418806 37.393236944, 136.900412583 37.393271833)))",1235.8553870215483,1485.1721213740389,15.535527819832168,15.535527819832168,石川県、輪島市、河井町祇園西,0,0,0,8.4,multi
C:\Users\admin\Documents\GitHub\SensingRisk\sitelens\data\noto_crops\all\bldg_000741.png,20230303-49284-13461-s-6178,survived,0,136.9005577368576,37.39459469979633,"MULTIPOLYGON (((136.9005059113128 37.394611580395214, 136.9005514113128 37.394638525395216, 136.9006111613128 37.394574275395215, 136.9005614113128 37.39455330239522, 136.9005059113128 37.394611580395214)))",1249.617240669527,1162.4886577300078,32.345171187589585,32.345171187589585,石川県、輪島市、河井町森の下,0,0,0,8.4,multi
C:\Users\admin\Documents\GitHub\SensingRisk\sitelens\data\noto_crops\all\bldg_000742.png,20230303-49284-13461-s-5902,survived,0,136.90056054092597,37.393697901112894,"MULTIPOLYGON (((136.900532778 37.393723889, 136.900592556 37.39371925, 136.90058675 37.393671611, 136.90053 37.393676028, 136.900532778 37.393723889)))",1256.4979673542298,1379.6068383398945,19.60589289180757,19.60589289180757,石川県、輪島市、河井町祇園西,0,0,0,8.4,multi
C:\Users\admin\Documents\GitHub\SensingRisk\sitelens\data\noto_crops\all\bldg_000743.png,20230303-49284-13461-s-6019,survived,0,136.90063018102637,37.39406295524361,"MULTIPOLYGON (((136.90058430531548 37.39408708433865, 136.90067583331546 37.394086279338644, 136.90067675031548 37.39403861233865, 136.90058336131548 37.39404016833865, 136.90058430531548 37.39408708433865)))",1266.0652993308174,1290.6850141761684,26.113457081052957,26.113457081052957,石川県、輪島市、河井町若葉，旭,0,0,0,8.4,multi
C:\Users\admin\Documents\GitHub\SensingRisk\sitelens\data\noto_crops\all\bldg_000744.png,20230303-49284-13461-s-6002,survived,0,136.90062542852567,37.39402088102423,"MULTIPOLYGON (((136.90059539997858 37.394044079617565, 136.90065587197859 37.39404438561757, 136.90065531697857 37.39399730161757, 136.9005947889786 37.39399777461757, 136.90059539997858 37.394044079617565)))",1269.133992153093,1304.490718770541,18.21433815356454,18.21433815356454,石川県、輪島市、河井町若葉，旭,0,0,0,8.4,multi
C:\Users\admin\Documents\GitHub\SensingRisk\sitelens\data\noto_crops\all\bldg_000745.png,20230303-49284-13461-s-5708,survived,0,136.9007511235349,37.393202869676756,"MULTIPOLYGON (((136.900687806 37.393235417, 136.900686222 37.393197611, 136.900719278 37.39319675, 136.900720556 37.393227333, 136.900831667 37.393224417, 136.90082975 37.393178, 136.900662389 37.393182389, 136.900662944 37.393236028, 136.900687806 37.393235417)))",1277.2604437351226,1480.8911386794057,47.33355950779401,47.33355950779401,石川県、輪島市、河井町祇園西,0,0,0,8.4,multi
C:\Users\admin\Documents\GitHub\SensingRisk\sitelens\data\noto_crops\all\bldg_000746.png,20230303-49284-13461-s-6067,survived,0,136.90075799057448,37.39422701226219,"MULTIPOLYGON (((136.90069690598125 37.39424550947674, 136.90075743298127 37.39424564847674, 136.90075737798125 37.39426414847674, 136.90081040598125 37.39426425947674, 136.90081062798126 37.39419750947674, 136.90069334998125 37.39419962047674, 136.90069690598125 37.39424550947674)))",1285.4553646087647,1247.916460890293,32.79330563015401,32.79330563015401,石川県、輪島市、河井町若葉，旭,0,0,0,8.4,multi
C:\Users\admin\Documents\GitHub\SensingRisk\sitelens\data\noto_crops\all\bldg_000747.png,20230303-49284-13461-s-5780,survived,0,136.9007720637191,37.393335062294945,"MULTIPOLYGON (((136.900681694 37.393360389, 136.900841944 37.393354417, 136.900838917 37.393302917, 136.900754694 37.393306056, 136.900756028 37.393329222, 136.900680583 37.393332028, 136.900681694 37.393360389)))",1281.0210101021662,1452.752253571359,45.11980584992284,45.11980584992284,石川県、輪島市、河井町祇園西,0,0,0,8.4,multi
C:\Users\admin\Documents\GitHub\SensingRisk\sitelens\data\noto_crops\all\bldg_000748.png,20230303-49284-13461-s-6021,survived,0,136.90077289715506,37.39405928743506,"MULTIPOLYGON (((136.90072657765506 37.39407689843506, 136.90082071665506 37.394074120435064, 136.90081921665507 37.39404167643506, 136.90072507765507 37.39404445443506, 136.90072657765506 37.39407689843506)))",1292.3782821761238,1291.2059851379834,26.742602676815522,26.742602676815522,石川県、輪島市、河井町若葉，旭,0,0,0,8.4,multi
C:\Users\admin\Documents\GitHub\SensingRisk\sitelens\data\noto_crops\all\bldg_000749.png,20230303-49284-13461-s-5745,survived,0,136.90077939073976,37.393258788516,"MULTIPOLYGON (((136.90081377648949 37.39328535199493, 136.9008080264895 37.39322929599493, 136.90074463748948 37.39323346299493, 136.90075019248948 37.39328710199493, 136.90081377648949 37.39328535199493)))",1296.088155194198,1481.7100127426975,21.675333417638058,21.675333417638058,石川県、輪島市、河井町祇園西,0,0,0,8.4,multi
C:\Users\admin\Documents\GitHub\SensingRisk\sitelens\data\noto_crops\all\bldg_000750.png,20230303-49284-13461-s-5811,survived,0,136.90098489191806,37.39344985305608,"MULTIPOLYGON (((136.900949028 37.393471528, 136.901022222 37.393469889, 136.901020778 37.393428194, 136.900947556 37.393429806, 136.900949028 37.393471528)))",1334.8286642392477,1437.1363250779805,20.878126833174065,20.878126833174065,石川県、輪島市、河井町祇園東,0,0,0,8.4,multi
C:\Users\admin\Documents\GitHub\SensingRisk\sitelens\data\noto_crops\all\bldg_000751.png,20230303-49284-13461-s-5832,survived,0,136.90102139141834,37.39351768540935,"MULTIPOLYGON (((136.900970611 37.393488861, 136.900973528 37.393513306, 136.900944389 37.393514417, 136.900948778 37.393544222, 136.901103444 37.393535639, 136.901102917 37.393505361, 136.9010475 37.393505722, 136.901048333 37.393486028, 136.900970611 37.393488861)))",1330.30548019939,1410.024098254185,44.47500152058069,44.47500152058069,石川県、輪島市、河井町祇園東,0,0,0,8.4,multi
C:\Users\admin\Documents\GitHub\SensingRisk\sitelens\data\noto_crops\all\bldg_000752.png,20230303-49284-13461-s-7708,survived,0,136.90100372278783,37.39359143487532,"MULTIPOLYGON (((136.900943472 37.393562111, 136.900950012 37.393629867, 136.901024444 37.393627778, 136.901022778 37.393603222, 136.901084528 37.393595806, 136.901083167 37.393565389, 136.901009944 37.393567028, 136.901007111 37.393558972, 136.900943472 37.393562111)))",1330.973353205787,1393.9345822744085,39.44211634529961,39.44211634529961,石川県、輪島市、河井町祇園東,0,0,0,8.4,multi
C:\Users\admin\Documents\GitHub\SensingRisk\sitelens\data\noto_crops\all\bldg_000753.png,20230303-49284-13461-s-5810,survived,0,136.90106262037204,37.393452798553014,"MULTIPOLYGON (((136.901045528 37.393427917, 136.901047111 37.393477722, 136.90107875 37.3934785, 136.901078944 37.393427972, 136.901045528 37.393427917)))",1350.784515021619,1437.8881800748036,17.803476956731856,17.803476956731856,石川県、輪島市、河井町祇園東,0,0,0,8.4,multi
C:\Users\admin\Documents\GitHub\SensingRisk\sitelens\data\noto_crops\all\bldg_000754.png,20230303-49284-13461-s-6139,survived,0,136.90107506551405,37.39450067402675,"MULTIPOLYGON (((136.901043333 37.394480833, 136.901049139 37.39452375, 136.901105639 37.394520722, 136.901102361 37.394478, 136.901043333 37.394480833)))",1352.9474149862024,1191.9391217489267,18.044808048852474,18.044808048852474,石川県、輪島市、河井町若葉，旭,0,0,0,8.4,multi
C:\Users\admin\Documents\GitHub\SensingRisk\sitelens\data\noto_crops\all\bldg_000755.png,20230303-49284-13461-s-6157,survived,0,136.90112908382574,37.39454331605503,"MULTIPOLYGON (((136.901055806 37.394542861, 136.901053472 37.394569056, 136.901185 37.394558639, 136.901179944 37.39450975, 136.901131361 37.394510833, 136.901129333 37.394537667, 136.901055806 37.394542861)))",1351.9228764163124,1173.5322242862385,36.7778944333395,36.7778944333395,石川県、輪島市、河井町若葉，旭,0,0,0,8.4,multi
C:\Users\admin\Documents\GitHub\SensingRisk\sitelens\data\noto_crops\all\bldg_000756.png,20230303-49284-13461-s-6195,survived,0,136.90112677928425,37.39463798461978,"MULTIPOLYGON (((136.9010585 37.394625111, 136.901062111 37.394663278, 136.901195694 37.394649917, 136.901193 37.3946135, 136.9010585 37.394625111)))",1352.596108812756,1149.5136141674989,38.3622228622437,38.3622228622437,石川県、輪島市、河井町若葉，旭,0,0,0,8.4,multi
C:\Users\admin\Documents\GitHub\SensingRisk\sitelens\data\noto_crops\all\bldg_000757.png,20230303-49284-13461-s-5808,survived,0,136.90113157647102,37.39345592735012,"MULTIPOLYGON (((136.901107556 37.393424194, 136.901106944 37.3934885, 136.901157028 37.393487194, 136.901154639 37.3934225, 136.901107556 37.393424194)))",1361.073730440857,1434.6373669497855,23.229730916178596,23.229730916178596,石川県、輪島市、河井町祇園東,0,0,0,8.4,multi
C:\Users\admin\Documents\GitHub\SensingRisk\sitelens\data\noto_crops\all\bldg_000758.png,20230303-49284-13461-s-6176,survived,0,136.90114904200001,37.394590319500004,"MULTIPOLYGON (((136.901118306 37.394613917, 136.901187056 37.394605722, 136.901179778 37.394566722, 136.901111028 37.394574917, 136.901118306 37.394613917)))",1365.2385799301996,1169.3444483622404,21.258969630135425,21.258969630135425,石川県、輪島市、河井町若葉，旭,0,0,0,8.4,multi
C:\Users\admin\Documents\GitHub\SensingRisk\sitelens\data\noto_crops\all\bldg_000759.png,20230303-49284-13461-s-5654,survived,0,136.90124652154867,37.39313083093964,"MULTIPOLYGON (((136.901190583 37.393175222, 136.901317611 37.393167167, 136.901314833 37.393109333, 136.901270778 37.393107444, 136.901276194 37.39309025, 136.901204389 37.393075722, 136.901184833 37.393114417, 136.901190583 37.393175222)))",1375.4533890677799,1504.2288305776829,38.924816485251085,38.924816485251085,石川県、輪島市、河井町祇園東,0,0,0,8.4,multi
C:\Users\admin\Documents\GitHub\SensingRisk\sitelens\data\noto_crops\all\bldg_000760.png,20230303-49284-13461-s-6175,survived,0,136.90125138876027,37.394585500043654,"MULTIPOLYGON (((136.901215444 37.394606972, 136.901290167 37.394603583, 136.901287333 37.394564028, 136.901212611 37.394567417, 136.901215444 37.394606972)))",1384.1038136694167,1170.2616840155583,21.68622939851548,21.68622939851548,石川県、輪島市、河井町若葉，旭,0,0,0,8.4,multi
C:\Users\admin\Documents\GitHub\SensingRisk\sitelens\data\noto_crops\all\bldg_000761.png,20230303-49284-13461-s-6155,survived,0,136.9012407478213,37.39453678786922,"MULTIPOLYGON (((136.901204389 37.394564056, 136.901279861 37.394560639, 136.901276222 37.394509361, 136.9012025 37.394512694, 136.901204389 37.394564056)))",1382.0889374584933,1181.5984304965784,21.909977163676558,21.909977163676558,石川県、輪島市、河井町若葉，旭,0,0,0,8.4,multi
C:\Users\admin\Documents\GitHub\SensingRisk\sitelens\data\noto_crops\all\bldg_000762.png,20230303-49284-13461-s-6193,survived,0,136.90125890201742,37.39462521845584,"MULTIPOLYGON (((136.901216083 37.394640361, 136.90130425 37.394635194, 136.901301944 37.394610083, 136.901213333 37.394615278, 136.901216083 37.394640361)))",1383.6157364845276,1159.0731619121275,25.42223579618667,25.42223579618667,石川県、輪島市、河井町若葉，旭,0,0,0,8.4,multi
C:\Users\admin\Documents\GitHub\SensingRisk\sitelens\data\noto_crops\all\bldg_000763.png,20230303-49284-13461-s-5893,survived,0,136.90103943656393,37.39367815290756,"MULTIPOLYGON (((136.901005917 37.393647472, 136.901011667 37.393711861, 136.90107175 37.393709361, 136.901068444 37.393644778, 136.901005917 37.393647472)))",1343.518256463765,1382.1635752633033,23.610909682858846,23.610909682858846,石川県、輪島市、河井町祇園東,0,0,0,8.4,multi
C:\Users\admin\Documents\GitHub\SensingRisk\sitelens\data\noto_crops\all\bldg_000764.png,20230303-49284-13461-s-6190,survived,0,136.90015183098583,37.39462159071069,"MULTIPOLYGON (((136.9001024946417 37.39463216439653, 136.90016068864168 37.39465316439654, 136.90016754964168 37.39464102539654, 136.9001923836417 37.39464996939653, 136.9002026336417 37.39463185839654, 136.9001847166417 37.394621608396534, 136.9001922166417 37.394608525396535, 136.9001295496417 37.394585136396536, 136.9001024946417 37.39463216439653)))",1176.110681491428,1159.2084966532661,28.000893884234983,28.000893884234983,石川県、輪島市、河井町森の下,0,0,0,8.4,multi
C:\Users\admin\Documents\GitHub\SensingRisk\sitelens\data\noto_crops\all\bldg_000765.png,20230303-49284-13461-s-6180,survived,0,136.9009746296541,37.394611798696644,"MULTIPOLYGON (((136.901003889 37.394647639, 136.900998222 37.394593444, 136.900983167 37.394594528, 136.900979528 37.394568306, 136.900947389 37.394569417, 136.900958306 37.394650528, 136.901003889 37.394647639)))",1329.0737440802259,1161.023165624447,28.93931720436899,28.93931720436899,石川県、輪島市、河井町若葉，旭,0,0,0,8.4,multi
C:\Users\admin\Documents\GitHub\SensingRisk\sitelens\data\noto_crops\all\bldg_000766.png,20230303-49284-13461-s-6072,survived,0,136.9005766616458,37.39426684371765,"MULTIPOLYGON (((136.9005407446551 37.39424506479898, 136.9005403836551 37.39428953679898, 136.9006122996551 37.394289314798975, 136.9006124666551 37.394243425798976, 136.9005407446551 37.39424506479898)))",1259.0466143290203,1245.882608128999,20.155867677264723,20.155867677264723,石川県、輪島市、河井町若葉，旭,0,0,0,8.4,multi
C:\Users\admin\Documents\GitHub\SensingRisk\sitelens\data\noto_crops\all\bldg_000767.png,20230303-49284-13461-s-6131,survived,0,136.90040645122917,37.39451856011631,"MULTIPOLYGON (((136.900412472 37.39457240453162, 136.9004335 37.39453968253162, 136.900420833 37.39453429353162, 136.900461361 37.39447596053162, 136.900420333 37.39445976553162, 136.900346806 37.39455079353162, 136.900412472 37.39457240453162)))",1217.0628130388686,1177.4576648788875,39.86984417588951,39.86984417588951,石川県、輪島市、河井町森の下,0,0,0,8.4,multi
C:\Users\admin\Documents\GitHub\SensingRisk\sitelens\data\noto_crops\all\bldg_000768.png,20230303-49284-13461-s-6164,survived,0,136.9004625275269,37.39455631653312,"MULTIPOLYGON (((136.90045048379017 37.39464441993674, 136.90046340079016 37.394590808936734, 136.90044545579016 37.39458778093674, 136.90044928979017 37.394560975936734, 136.90050467879016 37.394566364936736, 136.90050792879015 37.39455300293674, 136.90053565079015 37.39455730893673, 136.90054717879016 37.394510114936736, 136.90043312279016 37.39449239193674, 136.90039823379016 37.39463536493673, 136.90045048379017 37.39464441993674)))",1223.035635749019,1158.3614991282764,53.50862927003004,53.50862927003004,石川県、輪島市、河井町森の下,0,0,0,8.4,multi
C:\Users\admin\Documents\GitHub\SensingRisk\sitelens\data\noto_crops\all\bldg_000769.png,20230303-49284-13461-s-5770,survived,0,136.90052613024082,37.39332253392382,"MULTIPOLYGON (((136.900570389 37.393366556, 136.900563333 37.393285, 136.900524611 37.393287139, 136.900522972 37.393268111, 136.900485056 37.393270194, 136.900493667 37.39336975, 136.900570389 37.393366556)))",1242.1589984053583,1460.4106947401417,35.77343364671651,35.77343364671651,石川県、輪島市、河井町祇園西,0,0,0,8.4,multi
C:\Users\admin\Documents\GitHub\SensingRisk\sitelens\data\noto_crops\all\bldg_000770.png,20230303-49284-13461-s-6162,survived,0,136.90086352906795,37.39457739033603,"MULTIPOLYGON (((136.90092108365775 37.39463620312885, 136.90091691665776 37.394547397128854, 136.90084383365775 37.39451503612885, 136.90078316665776 37.39458431412885, 136.90085988865775 37.39462414712885, 136.90092108365775 37.39463620312885)))",1298.2128738503284,1161.1172861953078,44.61175964793392,44.61175964793392,石川県、輪島市、河井町若葉，旭,0,0,0,8.4,multi
C:\Users\admin\Documents\GitHub\SensingRisk\sitelens\data\noto_crops\all\bldg_000771.png,20230303-49284-13461-s-5866,survived,0,136.90079313048767,37.39360304903033,"MULTIPOLYGON (((136.900703472 37.393617, 136.900795361 37.393617194, 136.900795278 37.393641028, 136.9008655 37.393641194, 136.900865722 37.393576222, 136.900700639 37.393575861, 136.900703472 37.393617)))",1284.5862617121802,1387.2650102323553,46.160552475187615,46.160552475187615,石川県、輪島市、河井町祇園西,0,0,0,8.4,multi
C:\Users\admin\Documents\GitHub\SensingRisk\sitelens\data\noto_crops\all\bldg_000772.png,20230303-49284-13461-s-5872,survived,0,136.90130248180344,37.39363179612419,"MULTIPOLYGON (((136.901255694 37.393602, 136.901257222 37.393664444, 136.901349528 37.393661861, 136.901347111 37.393598694, 136.901255694 37.393602)))",1391.2770977336982,1391.7204390814493,26.43660700079795,26.43660700079795,石川県、輪島市、河井町祇園東,0,0,0,8.4,multi
C:\Users\admin\Documents\GitHub\SensingRisk\sitelens\data\noto_crops\all\bldg_000773.png,20230303-49284-13461-s-7709,survived,0,136.90072813845558,37.39392003211467,"MULTIPOLYGON (((136.90068721063898 37.39395236569676, 136.90077282263897 37.39394878269677, 136.90076967263897 37.393888691696766, 136.90068377563898 37.39389030269677, 136.90068721063898 37.39395236569676)))",1284.7419773598344,1324.4422233207886,25.387866773903625,25.387866773903625,石川県、輪島市、河井町若葉，旭,0,0,0,8.4,multi
C:\Users\admin\Documents\GitHub\SensingRisk\sitelens\data\noto_crops\all\bldg_000774.png,20230303-49284-13461-s-6135,survived,0,136.90096936824136,37.39450613554704,"MULTIPOLYGON (((136.901007194 37.394541139, 136.9009965 37.394466861, 136.900931278 37.394472833, 136.9009415 37.394543778, 136.901007194 37.394541139)))",1328.8137271704547,1186.382581846511,27.07213958986472,27.07213958986472,石川県、輪島市、河井町若葉，旭,0,0,0,8.4,multi
C:\Users\admin\Documents\GitHub\SensingRisk\sitelens\data\noto_crops\all\bldg_000775.png,20230303-49284-13461-s-5862,survived,0,136.9011301547583,37.39360763626782,"MULTIPOLYGON (((136.901165139 37.393647167, 136.901159417 37.393565528, 136.901095111 37.393568389, 136.901100806 37.393649472, 136.901165139 37.393647167)))",1357.5689793539354,1395.8136819185302,29.545402001213915,29.545402001213915,石川県、輪島市、河井町祇園東,0,0,0,8.4,multi
C:\Users\admin\Documents\GitHub\SensingRisk\sitelens\data\noto_crops\all\bldg_000776.png,20230303-49284-13461-s-5816,survived,0,136.90074119217502,37.39346640333326,"MULTIPOLYGON (((136.900624722 37.393497, 136.900859306 37.393487417, 136.90085575 37.393431944, 136.900766028 37.393435611, 136.900767917 37.393465111, 136.900714611 37.393467278, 136.90071275 37.393438278, 136.900623556 37.393441944, 136.900624722 37.393497)))",1266.9236281341978,1411.1867697787443,65.92047786712646,65.92047786712646,石川県、輪島市、河井町祇園西,0,0,0,8.4,multi
C:\Users\admin\Documents\GitHub\SensingRisk\sitelens\data\noto_crops\all\bldg_000777.png,20230303-49284-13461-s-5977,survived,0,136.90048899095774,37.393956757514964,"MULTIPOLYGON (((136.9005489276631 37.394019631567204, 136.9005426496631 37.3938986035672, 136.9004273726631 37.3939024365672, 136.9004368726631 37.394021742567205, 136.9004772056631 37.394021242567206, 136.9004763726631 37.3939782975672, 136.9005057606631 37.393977936567204, 136.90050667766312 37.39402374256721, 136.9005489276631 37.394019631567204)))",1230.646584105735,1305.5768964901272,44.04462571625277,44.04462571625277,石川県、輪島市、河井町若葉，旭,0,0,0,8.4,multi
C:\Users\admin\Documents\GitHub\SensingRisk\sitelens\data\noto_crops\all\bldg_000778.png,20230303-49284-13461-s-5718,survived,0,136.90123471047286,37.39325977134761,"MULTIPOLYGON (((136.90116960268972 37.39330912950377, 136.90120204668972 37.393307629503774, 136.90120337968972 37.393325796503774, 136.90126779668972 37.39332279650377, 136.90126632468971 37.39330271350377, 136.9012940466897 37.39330140750377, 136.90128596368973 37.39319068550377, 136.90120037968973 37.39319465750377, 136.9012039636897 37.39324362950377, 136.90116496368972 37.39324543550377, 136.90116960268972 37.39330912950377)))",1367.090277015675,1468.7606088991265,47.55442688032895,47.55442688032895,石川県、輪島市、河井町祇園東,0,0,0,8.4,multi
C:\Users\admin\Documents\GitHub\SensingRisk\sitelens\data\noto_crops\all\bldg_000779.png,20230303-49284-13461-s-6117,survived,0,136.90028582289432,37.39447818898419,"MULTIPOLYGON (((136.90026407198127 37.39455670718649, 136.90028584998126 37.39452398518649, 136.90031943298126 37.39453656818649, 136.90037526698126 37.39446842918649, 136.90035473898126 37.39445779018649, 136.90037093298125 37.39443790118649, 136.90028629398125 37.39439404018649, 136.90018651698125 37.39451659618649, 136.90026407198127 37.39455670718649)))",1183.8765226186615,1176.7886005581756,60.31329792182305,60.31329792182305,石川県、輪島市、河井町森の下,0,0,0,8.4,multi
C:\Users\admin\Documents\GitHub\SensingRisk\sitelens\data\noto_crops\all\bldg_000780.png,20230303-49284-13461-s-5981,survived,0,136.90117803928354,37.39408779562159,"MULTIPOLYGON (((136.90094271597283 37.394209061748754, 136.90139396597283 37.39420770074875, 136.90139296597283 37.393997784748755, 136.90132599397282 37.39399797874875, 136.90132552097282 37.393899950748754, 136.90122018797283 37.39390025674875, 136.90122063197282 37.39399625674875, 136.90094329897283 37.39399708974875, 136.90094271597283 37.394209061748754)))",1316.376331366433,1242.6098392794606,126.17864533000534,126.17864533000534,石川県、輪島市、河井町若葉，旭,0,0,0,8.4,multi
C:\Users\admin\Documents\GitHub\SensingRisk\sitelens\data\noto_crops\all\bldg_000781.png,20230303-49284-13461-s-5815,survived,0,136.90128842565977,37.39350484573471,"MULTIPOLYGON (((136.901330556 37.393577917, 136.901326194 37.393494111, 136.901334806 37.393493833, 136.901331556 37.393431694, 136.90124275 37.393434611, 136.901250444 37.393582472, 136.901330556 37.393577917)))",1375.3824070105331,1407.6142679028562,53.06867224454027,53.06867224454027,石川県、輪島市、河井町祇園東,0,0,0,8.4,multi
C:\Users\admin\Documents\GitHub\SensingRisk\sitelens\data\noto_crops\all\bldg_000782.png,20230303-49284-13461-s-6191,survived,0,136.90062241799882,37.3946373550188,"MULTIPOLYGON (((136.900607683639 37.39459216439765, 136.900563294639 37.39464588639765, 136.900643210639 37.39468166439765, 136.900678516639 37.39462927539765, 136.900607683639 37.39459216439765)))",1260.1569732403732,1151.7813937129256,34.51867621157385,34.51867621157385,石川県、輪島市、河井町森の下,0,0,0,8.4,multi
C:\Users\admin\Documents\GitHub\SensingRisk\sitelens\data\noto_crops\all\bldg_000783.png,20230303-49284-13461-s-5842,survived,0,136.90060519886654,37.39354364209396,"MULTIPOLYGON (((136.900555722 37.393571361, 136.900672278 37.39356625, 136.900669972 37.393532806, 136.900620889 37.393534972, 136.900619139 37.393509889, 136.900553139 37.393512778, 136.900555722 37.393571361)))",1259.2314144134523,1409.6213440040917,33.31367894278628,33.31367894278628,石川県、輪島市、河井町祇園西,0,0,0,8.4,multi
C:\Users\admin\Documents\GitHub\SensingRisk\sitelens\data\noto_crops\all\bldg_000784.png,20230303-49284-13461-s-5998,survived,0,136.90076973417234,37.394010680004165,"MULTIPOLYGON (((136.9007170443235 37.39403377461553, 136.9008276003235 37.39403638561553, 136.9008196003235 37.393986885615526, 136.90071423932352 37.39398488561553, 136.9007170443235 37.39403377461553)))",1289.5319656742945,1300.1441151678523,31.69803304672223,31.69803304672223,石川県、輪島市、河井町若葉，旭,0,0,0,8.4,multi
C:\Users\admin\Documents\GitHub\SensingRisk\sitelens\data\noto_crops\all\bldg_000785.png,20230303-49284-13461-s-6111,survived,0,136.90095105598897,37.39441706106707,"MULTIPOLYGON (((136.900991889 37.3944515, 136.900980944 37.394375778, 136.900911444 37.394381583, 136.900920139 37.3944585, 136.900991889 37.3944515)))",1324.5169547771688,1206.0520045344326,29.115300013897922,29.115300013897922,石川県、輪島市、河井町若葉，旭,0,0,0,8.4,multi
C:\Users\admin\Documents\GitHub\SensingRisk\sitelens\data\noto_crops\all\bldg_000786.png,20230303-49284-13461-s-6048,survived,0,136.9004391203414,37.394197214202585,"MULTIPOLYGON (((136.9004476389866 37.394251858316714, 136.90050805598662 37.39416655231671, 136.9004612219866 37.39414363631671, 136.90043544398662 37.39417869131671, 136.90040249998663 37.39416338631671, 136.90036786098662 37.394213052316715, 136.9004476389866 37.394251858316714)))",1222.3917125339813,1251.1677632980636,41.84155557774693,41.84155557774693,石川県、輪島市、河井町若葉，旭,0,0,0,8.4,multi
C:\Users\admin\Documents\GitHub\SensingRisk\sitelens\data\noto_crops\all\bldg_000787.png,20230303-49284-13461-s-5721,survived,0,136.9002346621607,37.39322278339365,"MULTIPOLYGON (((136.900244528 37.393252917, 136.9002605 37.393198028, 136.900225389 37.393191528, 136.900208722 37.393248722, 136.900244528 37.393252917)))",1194.6023626461115,1490.1859302914404,21.606817441287376,21.606817441287376,石川県、輪島市、河井町祇園西,0,0,0,8.4,multi
C:\Users\admin\Documents\GitHub\SensingRisk\sitelens\data\noto_crops\all\bldg_000791.png,20230303-49284-13461-s-5794,survived,0,136.90143068378302,37.393414526151666,"MULTIPOLYGON (((136.901409528 37.393374194, 136.90139525 37.393395028, 136.901415389 37.393405806, 136.901399306 37.393428694, 136.901453528 37.393452417, 136.901470167 37.393428861, 136.901444417 37.393417972, 136.901455028 37.393396944, 136.901409528 37.393374194)))",1414.9814296526085,1442.3870046302334,27.531806688367624,27.531806688367624,石川県、輪島市、河井町祇園東,0,0,0,8.4,multi
C:\Users\admin\Documents\GitHub\SensingRisk\sitelens\data\noto_crops\all\bldg_000792.png,20230303-49284-13461-s-5785,survived,0,136.9014393307165,37.39336397424307,"MULTIPOLYGON (((136.901404889 37.393354806, 136.901463028 37.393385917, 136.901473778 37.393373139, 136.901415611 37.393342028, 136.901404889 37.393354806)))",1420.3509422302247,1458.0972076523508,19.262760549121367,19.262760549121367,石川県、輪島市、河井町祇園東,0,0,0,8.4,multi
C:\Users\admin\Documents\GitHub\SensingRisk\sitelens\data\noto_crops\all\bldg_000793.png,20230303-49284-13461-s-5861,survived,0,136.90144259742732,37.39360159769373,"MULTIPOLYGON (((136.901413056 37.393653167, 136.901442917 37.393652028, 136.901441556 37.393628833, 136.901480389 37.393626472, 136.901482083 37.3935645, 136.901407389 37.393563139, 136.901413056 37.393653167)))",1415.1460410850586,1394.5897801382057,31.68676083008313,31.68676083008313,石川県、輪島市、河井町祇園東,0,0,0,8.4,multi
C:\Users\admin\Documents\GitHub\SensingRisk\sitelens\data\noto_crops\all\bldg_000794.png,20230303-49284-13461-s-6160,survived,0,136.90148622484764,37.39454774197968,"MULTIPOLYGON (((136.901444111 37.394528333, 136.901458944 37.394579861, 136.901528333 37.394567167, 136.9015135 37.394515611, 136.901444111 37.394528333)))",1426.2445006526152,1177.4874133952617,24.956943533823278,24.956943533823278,石川県、輪島市、河井町若葉，旭,0,0,0,8.4,multi
C:\Users\admin\Documents\GitHub\SensingRisk\sitelens\data\noto_crops\all\bldg_000795.png,20230303-49284-13461-s-5791,survived,0,136.90152992195013,37.39340769109165,"MULTIPOLYGON (((136.901532083 37.393361972, 136.901471389 37.393414861, 136.901528778 37.39345375, 136.901587972 37.393399639, 136.901532083 37.393361972)))",1429.217789125652,1439.8239909862912,35.21286973381575,35.21286973381575,石川県、輪島市、河井町祇園東,0,0,0,8.4,multi
C:\Users\admin\Documents\GitHub\SensingRisk\sitelens\data\noto_crops\all\bldg_000796.png,20230303-49284-13461-s-5818,survived,0,136.90158104363772,37.39347179964502,"MULTIPOLYGON (((136.901580167 37.393503917, 136.901626583 37.3934635, 136.901598528 37.393442972, 136.901577639 37.393461139, 136.901561194 37.393449111, 136.901534833 37.393472056, 136.901580167 37.393503917)))",1443.5088596979779,1429.214087962047,25.655159468120928,25.655159468120928,石川県、輪島市、河井町祇園東,0,0,0,8.4,multi
C:\Users\admin\Documents\GitHub\SensingRisk\sitelens\data\noto_crops\all\bldg_000797.png,20230303-49284-13461-s-6207,survived,0,136.9016307256308,37.39466840574391,"MULTIPOLYGON (((136.90157825 37.394686472, 136.901683583 37.394684917, 136.901682778 37.394650306, 136.901578306 37.394651833, 136.90157825 37.394686472)))",1450.9693614323935,1146.9287924278058,29.453241544299544,29.453241544299544,石川県、輪島市、河井町若葉，旭,0,0,0,8.4,multi
C:\Users\admin\Documents\GitHub\SensingRisk\sitelens\data\noto_crops\all\bldg_000798.png,20230303-49284-13461-s-6141,survived,0,136.90163715584367,37.394550609028485,"MULTIPOLYGON (((136.901670417 37.394606806, 136.901670833 37.394485222, 136.901615556 37.394485083, 136.901615361 37.3945435, 136.901595944 37.394543472, 136.901595694 37.39460725, 136.901670417 37.394606806)))",1444.6342027700948,1168.834866576429,42.99858389225119,42.99858389225119,石川県、輪島市、河井町若葉，旭,0,0,0,8.4,multi
C:\Users\admin\Documents\GitHub\SensingRisk\sitelens\data\noto_crops\all\bldg_000799.png,20230303-49284-13461-s-5788,survived,0,136.90166176516243,37.393390824680104,"MULTIPOLYGON (((136.901638083 37.393431583, 136.901654667 37.393416083, 136.901669444 37.393426111, 136.901719333 37.393379417, 136.901669611 37.393345583, 136.901602889 37.393408028, 136.901638083 37.393431583)))",1454.404249752769,1445.0334927879023,33.84079042565372,33.84079042565372,石川県、輪島市、河井町祇園東,0,0,0,8.4,multi
C:\Users\admin\Documents\GitHub\SensingRisk\sitelens\data\noto_crops\all\bldg_000800.png,20230303-49284-13461-s-5999,survived,0,136.90170486805928,37.3940254187905,"MULTIPOLYGON (((136.901787611 37.394008444, 136.901744528 37.394010389, 136.901743361 37.393994167, 136.901700333 37.393996139, 136.901701806 37.394016944, 136.901667528 37.3940185, 136.901666444 37.394003361, 136.901623611 37.394005306, 136.901626806 37.39405, 136.901788944 37.394042611, 136.901787611 37.394008444)))",1456.6290620379978,1290.191728410361,46.230457554923305,46.230457554923305,石川県、輪島市、河井町若葉，旭,0,0,0,8.4,multi
C:\Users\admin\Documents\GitHub\SensingRisk\sitelens\data\noto_crops\all\bldg_000801.png,20230303-49284-13461-s-6046,survived,0,136.90168027980255,37.39416728768065,"MULTIPOLYGON (((136.901638222 37.394199056, 136.901727139 37.394193889, 136.901721806 37.394135444, 136.901633944 37.394140528, 136.901638222 37.394199056)))",1461.9171473185222,1266.214940367666,26.059210750791635,26.059210750791635,石川県、輪島市、河井町若葉，旭,0,0,0,8.4,multi
C:\Users\admin\Documents\GitHub\SensingRisk\sitelens\data\noto_crops\all\bldg_000802.png,20230303-49284-13461-s-5729,survived,0,136.9017297431931,37.393256107961165,"MULTIPOLYGON (((136.901664583 37.39327175, 136.901736222 37.393309972, 136.901794 37.393237972, 136.901724639 37.39320325, 136.901664583 37.39327175)))",1463.9218639593137,1472.8077451294055,40.22509480433746,40.22509480433746,石川県、輪島市、河井町祇園東,0,0,0,8.4,multi
C:\Users\admin\Documents\GitHub\SensingRisk\sitelens\data\noto_crops\all\bldg_000803.png,20230303-49284-13461-s-6140,survived,0,136.90171632662037,37.39454828053156,"MULTIPOLYGON (((136.901677139 37.394609222, 136.901753333 37.394611778, 136.901756722 37.394490167, 136.901679056 37.394482861, 136.901677139 37.394609222)))",1459.042978035293,1167.3764383706985,45.37435182422678,45.37435182422678,石川県、輪島市、河井町若葉，旭,0,0,0,8.4,multi
C:\Users\admin\Documents\GitHub\SensingRisk\sitelens\data\noto_crops\all\bldg_000804.png,20230303-49284-13461-s-5876,survived,0,136.90173047945197,37.39365545187812,"MULTIPOLYGON (((136.9017139378457 37.393679167041775, 136.90176254884568 37.39366497304178, 136.9017472988457 37.39363172304178, 136.90169818784568 37.39364605604178, 136.9017139378457 37.393679167041775)))",1474.8934544437984,1389.9946831833217,18.68339100270964,18.68339100270964,石川県、輪島市、河井町祇園東,0,0,0,8.4,multi
C:\Users\admin\Documents\GitHub\SensingRisk\sitelens\data\noto_crops\all\bldg_000805.png,20230303-49284-13461-s-6077,survived,0,136.90184961752317,37.394268941460616,"MULTIPOLYGON (((136.90178571366113 37.39425603544579, 136.90173196366112 37.39425353544579, 136.9017377696611 37.39429409044579, 136.90195593566114 37.39428981244579, 136.90195313066113 37.39423972944579, 136.90178501966113 37.39424828544579, 136.90178571366113 37.39425603544579)))",1474.0946865717572,1224.5464074908518,62.62711036470182,62.62711036470182,石川県、輪島市、河井町若葉，旭,0,0,0,8.4,multi
C:\Users\admin\Documents\GitHub\SensingRisk\sitelens\data\noto_crops\all\bldg_000806.png,manual,survived,0,136.9017797226164,37.393537994182786,"MULTIPOLYGON (((136.90181123638612 37.39357053667262, 136.90174398410872 37.3935717792488, 136.90174320210548 37.39353822968495, 136.90177526423773 37.39349846721945, 136.90180576236355 37.393492875621064, 136.90181123638612 37.39357053667262)))",1479.0831086078479,1414.3394731034389,27.771364254582068,27.771364254582068,石川県、輪島市、河井町祇園東,0,0,0,8.4,multi
C:\Users\admin\Documents\GitHub\SensingRisk\sitelens\data\noto_crops\all\bldg_000807.png,20230303-49284-13461-s-5759,survived,0,136.90181927893175,37.39330841212017,"MULTIPOLYGON (((136.90175175 37.393321083, 136.901829389 37.393367389, 136.901885694 37.393288833, 136.901809611 37.393252917, 136.90175175 37.393321083)))",1479.4181148820346,1459.0696470677467,42.574699963485045,42.574699963485045,石川県、輪島市、河井町祇園東,0,0,0,8.4,multi
C:\Users\admin\Documents\GitHub\SensingRisk\sitelens\data\noto_crops\all\bldg_000808.png,20230303-49284-13461-s-5982,survived,0,136.9018078817456,37.393948424494695,"MULTIPOLYGON (((136.901828694 37.393977222, 136.901826694 37.393918389, 136.901787139 37.39391925, 136.901789167 37.393978833, 136.901828694 37.393977222)))",1488.0540687033545,1319.9097148960225,21.27420993334499,21.27420993334499,石川県、輪島市、河井町若葉，旭,0,0,0,8.4,multi
C:\Users\admin\Documents\GitHub\SensingRisk\sitelens\data\noto_crops\all\bldg_000809.png,20230303-49284-13461-s-5965,survived,0,136.90179831873277,37.39388889664579,"MULTIPOLYGON (((136.901811056 37.393900194, 136.901810417 37.3938765, 136.901785806 37.393876917, 136.901786444 37.393901944, 136.901811056 37.393900194)))",1492.4452416962738,1340.00437071499,8.955413232971523,8.955413232971523,石川県、輪島市、河井町若葉，旭,0,0,0,8.4,multi
C:\Users\admin\Documents\GitHub\SensingRisk\sitelens\data\noto_crops\all\bldg_000810.png,20230303-49284-13461-s-6041,survived,0,136.90183650563685,37.394121407797705,"MULTIPOLYGON (((136.90178559133886 37.39415163891743, 136.90188870333887 37.39414947191742, 136.90188678633888 37.39409108291743, 136.90178495333888 37.39409319391743, 136.90178559133886 37.39415163891743)))",1489.5754297362434,1275.5068306745547,29.010602664947555,29.010602664947555,石川県、輪島市、河井町若葉，旭,0,0,0,8.4,multi
C:\Users\admin\Documents\GitHub\SensingRisk\sitelens\data\noto_crops\all\bldg_000811.png,manual,survived,0,136.9018895058542,37.39352813618031,"MULTIPOLYGON (((136.90181045438285 37.3935717792488, 136.90180341635386 37.39349349690979, 136.90197232905058 37.39348790531102, 136.9019770210699 37.39355935348616, 136.90181045438285 37.3935717792488)))",1489.7617194599577,1404.5365828147262,48.54339700274977,48.54339700274977,石川県、輪島市、河井町祇園東,0,0,0,8.4,multi
C:\Users\admin\Documents\GitHub\SensingRisk\sitelens\data\noto_crops\all\bldg_000812.png,20230303-49284-13461-s-6061,survived,0,136.90189826880993,37.3941850648772,"MULTIPOLYGON (((136.90187773094198 37.39421543740045, 136.90192556394197 37.39421016040045, 136.90192275894196 37.39415829840045, 136.90186898094197 37.39415818740045, 136.90187773094198 37.39421543740045)))",1505.2733126827632,1264.579334937891,20.150031741085286,20.150031741085286,石川県、輪島市、河井町若葉，旭,0,0,0,8.4,multi
C:\Users\admin\Documents\GitHub\SensingRisk\sitelens\data\noto_crops\all\bldg_000813.png,20230303-49284-13461-s-5886,survived,0,136.90192090424048,37.39367508398656,"MULTIPOLYGON (((136.9018827148457 37.393696834041776, 136.90196424284568 37.39369430604178, 136.9019612988457 37.39365408404178, 136.90187613184568 37.39365566704178, 136.9018827148457 37.393696834041776)))",1507.3011655542587,1382.321408083173,24.637621312671172,24.637621312671172,石川県、輪島市、河井町祇園東,0,0,0,8.4,multi
C:\Users\admin\Documents\GitHub\SensingRisk\sitelens\data\noto_crops\all\bldg_000814.png,20230303-49284-13461-s-5747,survived,0,136.9019161754601,37.39336457090422,"MULTIPOLYGON (((136.90188775 37.393338917, 136.901894306 37.393390778, 136.901943611 37.393390306, 136.901939306 37.393339028, 136.90188775 37.393338917)))",1509.418551027163,1458.1619863937249,18.72257651080554,18.72257651080554,石川県、輪島市、河井町祇園東,0,0,0,8.4,multi
C:\Users\admin\Documents\GitHub\SensingRisk\sitelens\data\noto_crops\all\bldg_000815.png,20230303-49284-13461-s-5688,survived,0,136.90203129101354,37.393150840130055,"MULTIPOLYGON (((136.9020728194005 37.39319120293043, 136.90206415240053 37.39310534193043, 136.90199329140052 37.39310831393043, 136.90199509740052 37.39319578593043, 136.9020728194005 37.39319120293043)))",1524.7435173382587,1501.8869849893028,31.833178530092027,31.833178530092027,石川県、輪島市、河井町中田町,0,0,0,8.4,multi
C:\Users\admin\Documents\GitHub\SensingRisk\sitelens\data\noto_crops\all\bldg_000816.png,20230303-49284-13461-s-6170,survived,0,136.90206217303174,37.39457267952898,"MULTIPOLYGON (((136.902014722 37.394597389, 136.902114139 37.394590694, 136.902109639 37.394547972, 136.902010194 37.394554667, 136.902014722 37.394597389)))",1531.5542445659637,1169.5802499185415,29.065128612518492,29.065128612518492,石川県、輪島市、河井町若葉，旭,0,0,0,8.4,multi
C:\Users\admin\Documents\GitHub\SensingRisk\sitelens\data\noto_crops\all\bldg_000817.png,20230303-49284-13461-s-5774,survived,0,136.9020628091767,37.39332803353286,"MULTIPOLYGON (((136.902020167 37.393287361, 136.902030333 37.393373194, 136.902105306 37.393367333, 136.902096389 37.393284528, 136.902020167 37.393287361)))",1530.58937274546,1460.3635900093182,31.207383655232206,31.207383655232206,石川県、輪島市、河井町中田町,0,0,0,8.4,multi
C:\Users\admin\Documents\GitHub\SensingRisk\sitelens\data\noto_crops\all\bldg_000818.png,20230303-49284-13461-s-5694,survived,0,136.90184823049844,37.393174679820326,"MULTIPOLYGON (((136.90180970573422 37.393149817105325, 136.90181101173422 37.393202289105325, 136.90188789973422 37.393199095105324, 136.90188442773422 37.39314701110532, 136.90180970573422 37.393149817105325)))",1495.240668354626,1501.0796521409497,22.14450358908266,22.14450358908266,石川県、輪島市、河井町祇園東,0,0,0,8.4,multi
C:\Users\admin\Documents\GitHub\SensingRisk\sitelens\data\noto_crops\all\bldg_000819.png,20230303-49284-13461-s-5824,survived,0,136.90207609179993,37.39348300084929,"MULTIPOLYGON (((136.902037333 37.393507333, 136.902106806 37.393502139, 136.902104639 37.393489611, 136.902120889 37.393487694, 136.902120194 37.393462278, 136.9020375 37.393463778, 136.902037333 37.393507333)))",1537.5635171148513,1427.693904593,23.36395099427955,23.36395099427955,石川県、輪島市、河井町中田町,0,0,0,8.4,multi
C:\Users\admin\Documents\GitHub\SensingRisk\sitelens\data\noto_crops\all\bldg_000820.png,20230303-49284-13461-s-6075,survived,0,136.90203118018167,37.39425798258972,"MULTIPOLYGON (((136.90197175 37.39428919820654, 136.902094306 37.394283503206545, 136.902090167 37.39422672620655, 136.9019685 37.394232364206545, 136.90197175 37.39428919820654)))",1522.7631231890784,1240.3705400984336,35.177907270855485,35.177907270855485,石川県、輪島市、河井町若葉，旭,0,0,0,8.4,multi
C:\Users\admin\Documents\GitHub\SensingRisk\sitelens\data\noto_crops\all\bldg_000821.png,20230303-49284-13461-s-6040,survived,0,136.90199249885546,37.39411105867794,"MULTIPOLYGON (((136.90194302263626 37.3941375367505, 136.90207452263627 37.394131869750495, 136.90207146763626 37.3940865087505, 136.90189410663626 37.394094147750494, 136.90189582863627 37.3941194807505, 136.90193916163625 37.394117619750496, 136.90194302263626 37.3941375367505)))",1506.3501845889623,1266.979289464361,50.44797003534086,50.44797003534086,石川県、輪島市、河井町若葉，旭,0,0,0,8.4,multi
C:\Users\admin\Documents\GitHub\SensingRisk\sitelens\data\noto_crops\all\bldg_000822.png,20230303-49284-13461-s-6198,survived,0,136.9018733352764,37.394654562898985,"MULTIPOLYGON (((136.90182722068874 37.394705591453416, 136.90194080468876 37.39469653545341, 136.90192435968876 37.394610202453414, 136.90185741568877 37.39461267445341, 136.90185685968876 37.394601452453415, 136.90180874868875 37.39460542445342, 136.90182722068874 37.394705591453416)))",1491.190504994245,1145.1795614944244,39.92862243469904,39.92862243469904,石川県、輪島市、河井町若葉，旭,0,0,0,8.4,multi
C:\Users\admin\Documents\GitHub\SensingRisk\sitelens\data\noto_crops\all\bldg_000823.png,20230303-49284-13461-s-5691,survived,0,136.90160242821995,37.3931919473138,"MULTIPOLYGON (((136.901646 37.393256111, 136.901684278 37.393206139, 136.901652972 37.393184611, 136.901668722 37.393172111, 136.901601583 37.393141583, 136.901571111 37.393165417, 136.901526111 37.393144972, 136.901500611 37.393172944, 136.901646 37.393256111)))",1432.845773845249,1480.795746151539,51.357015519671904,51.357015519671904,石川県、輪島市、河井町祇園東,0,0,0,8.4,multi
C:\Users\admin\Documents\GitHub\SensingRisk\sitelens\data\noto_crops\all\bldg_000824.png,20230303-49284-13461-s-5797,survived,0,136.90170655315623,37.39346625990167,"MULTIPOLYGON (((136.901730694 37.393386833, 136.901604889 37.393503611, 136.901628 37.393519028, 136.901658889 37.393491417, 136.901679833 37.393504444, 136.90165025 37.393537528, 136.901677083 37.393553861, 136.901800028 37.393431694, 136.901730694 37.393386833)))",1447.9893032420416,1411.725402326473,62.08614874904583,62.08614874904583,石川県、輪島市、河井町祇園東,0,0,0,8.4,multi
C:\Users\admin\Documents\GitHub\SensingRisk\sitelens\data\noto_crops\all\bldg_000825.png,20230303-49284-13461-s-6018,survived,0,136.9017243121468,37.39408056450957,"MULTIPOLYGON (((136.901622833 37.394117944, 136.901681861 37.394115694, 136.901679972 37.394084083, 136.901719222 37.394082583, 136.901721028 37.39411275, 136.901823806 37.394108861, 136.901821056 37.394046861, 136.901620806 37.394055944, 136.901622833 37.394117944)))",1454.3507627169292,1270.772023971072,56.76291412777368,56.76291412777368,石川県、輪島市、河井町若葉，旭,0,0,0,8.4,multi
C:\Users\admin\Documents\GitHub\SensingRisk\sitelens\data\noto_crops\all\bldg_000826.png,20230303-49284-13461-s-6182,survived,0,136.90150541995845,37.39460970783709,"MULTIPOLYGON (((136.901413444 37.394602667, 136.901428222 37.394648, 136.9015945 37.394621222, 136.901577167 37.394568472, 136.901413444 37.394602667)))",1416.7183487468296,1150.4564749938281,50.62692699432364,50.62692699432364,石川県、輪島市、河井町若葉，旭,0,0,0,8.4,multi
C:\Users\admin\Documents\GitHub\SensingRisk\sitelens\data\noto_crops\all\bldg_000827.png,20230303-49284-13461-s-5712,survived,0,136.90177921768677,37.393211226316886,"MULTIPOLYGON (((136.901736222 37.393204556, 136.901807417 37.393238583, 136.901823167 37.39322075, 136.901753833 37.393183056, 136.901736222 37.393204556)))",1481.2744195196365,1491.5091896124477,24.3115840858884,24.3115840858884,石川県、輪島市、河井町祇園東,0,0,0,8.4,multi
C:\Users\admin\Documents\GitHub\SensingRisk\sitelens\data\noto_crops\all\bldg_000828.png,20230303-49284-13461-s-6194,survived,0,136.90205508993606,37.394665380610334,"MULTIPOLYGON (((136.9019935 37.394717222, 136.902127278 37.394706778, 136.902115778 37.394613056, 136.901983389 37.394624194, 136.9019935 37.394717222)))",1524.1514315810107,1141.756391607382,41.323227539399795,41.323227539399795,石川県、輪島市、河井町若葉，旭,0,0,0,8.4,multi
C:\Users\admin\Documents\GitHub\SensingRisk\sitelens\data\noto_crops\all\bldg_000829.png,20230303-49284-13461-s-6055,survived,0,136.90202299821198,37.39417955490041,"MULTIPOLYGON (((136.90194040131396 37.39418609602289, 136.90199851231395 37.394182540022896, 136.90200148431396 37.394213485022895, 136.90208481731395 37.394208374022895, 136.90207926231395 37.3941509850229, 136.90193879031395 37.3941596240229, 136.90194040131396 37.39418609602289)))",1516.282469394472,1255.3123494855809,40.832108683056276,40.832108683056276,石川県、輪島市、河井町若葉，旭,0,0,0,8.4,multi
C:\Users\admin\Documents\GitHub\SensingRisk\sitelens\data\noto_crops\all\bldg_000830.png,20230303-49284-13461-s-5865,survived,0,136.9019336775467,37.393612447873316,"MULTIPOLYGON (((136.90196274284568 37.39362966704178, 136.9019622148457 37.39359447304178, 136.9019047148457 37.39359494504178, 136.90190535384568 37.39363072304178, 136.90196274284568 37.39362966704178)))",1514.0313923570845,1401.2772568795194,16.225804832246467,16.225804832246467,石川県、輪島市、河井町祇園東,0,0,0,8.4,multi
C:\Users\admin\Documents\GitHub\SensingRisk\sitelens\data\noto_crops\all\bldg_000831.png,20230303-49281-13461-s-8955,survived,0,136.89711639986032,37.39340411434739,"MULTIPOLYGON (((136.897190556 37.393485056, 136.897157667 37.393284111, 136.897113194 37.39328875, 136.897120528 37.393333556, 136.897037694 37.393342167, 136.897063306 37.3934985, 136.897190556 37.393485056)))",585.976241085873,1423.5862917528373,75.45755729553571,75.45755729553571,石川県、輪島市、鳳至町畠田南,0,0,0,8.4,multi
C:\Users\admin\Documents\GitHub\SensingRisk\sitelens\data\noto_crops\all\bldg_000832.png,20230303-49281-13461-s-7496,survived,0,136.89713040606043,37.39367055085525,"MULTIPOLYGON (((136.897090417 37.393703333, 136.897180083 37.393692806, 136.897169944 37.393637722, 136.897081139 37.393648167, 136.897090417 37.393703333)))",612.9448590437571,1381.9640003461714,27.666747665405296,27.666747665405296,石川県、輪島市、新橋通,0,0,0,8.4,multi
C:\Users\admin\Documents\GitHub\SensingRisk\sitelens\data\noto_crops\all\bldg_000833.png,20230303-49281-13461-s-7352,survived,0,136.89717760899626,37.39320102617411,"MULTIPOLYGON (((136.897126333 37.393264972, 136.897217472 37.393265167, 136.897217972 37.393124528, 136.897155222 37.393124361, 136.897155 37.39318875, 136.897128111 37.393188667, 136.897126333 37.393264972)))",609.7426942048698,1482.6528687862121,49.558871085465626,49.558871085465626,石川県、輪島市、鳳至町畠田南,0,0,0,8.4,multi
C:\Users\admin\Documents\GitHub\SensingRisk\sitelens\data\noto_crops\all\bldg_000834.png,20230303-49281-13461-s-7397,survived,0,136.8972605847712,37.39336700853506,"MULTIPOLYGON (((136.897319028 37.39345175, 136.897312778 37.393409611, 136.897340056 37.393407028, 136.897332194 37.393353917, 136.897287944 37.393358111, 136.897283417 37.393327417, 136.897315167 37.393324417, 136.897307556 37.393273139, 136.897190528 37.393284194, 136.897216778 37.393461278, 136.897319028 37.39345175)))",618.7753610832019,1433.860050879049,66.21845976858867,66.21845976858867,石川県、輪島市、鳳至町畠田南,0,0,0,8.4,multi
C:\Users\admin\Documents\GitHub\SensingRisk\sitelens\data\noto_crops\all\bldg_000835.png,20230303-49281-13461-s-7509,survived,0,136.89723079714722,37.3937190414814,"MULTIPOLYGON (((136.897256139 37.393737333, 136.897250611 37.393695583, 136.897203222 37.393702639, 136.897212778 37.393742, 136.897256139 37.393737333)))",636.6962360382054,1375.9226382115016,17.09978035821382,17.09978035821382,石川県、輪島市、新橋通,0,0,0,8.4,multi
C:\Users\admin\Documents\GitHub\SensingRisk\sitelens\data\noto_crops\all\bldg_000836.png,20230303-49281-13461-s-7700,survived,0,136.89725976414584,37.3944752975145,"MULTIPOLYGON (((136.897235389 37.394521111, 136.897268278 37.394517583, 136.897265472 37.394500806, 136.897300083 37.394497111, 136.897289972 37.394436722, 136.897221694 37.394443972, 136.897235389 37.394521111)))",636.2127057206352,1191.2629371321862,29.702026701294244,29.702026701294244,石川県、輪島市、新橋通,0,0,0,8.4,multi
C:\Users\admin\Documents\GitHub\SensingRisk\sitelens\data\noto_crops\all\bldg_000837.png,20230303-49281-13461-s-7516,survived,0,136.89730714161212,37.393792063227174,"MULTIPOLYGON (((136.897255167 37.393842722, 136.8973625 37.393827694, 136.897341 37.393729917, 136.897281639 37.393738194, 136.897291417 37.393782806, 136.897243306 37.393789528, 136.897255167 37.393842722)))",638.6692639320261,1348.4009798645566,40.45305120762873,40.45305120762873,石川県、輪島市、新橋通,0,0,0,8.4,multi
C:\Users\admin\Documents\GitHub\SensingRisk\sitelens\data\noto_crops\all\bldg_000838.png,20230303-49281-13461-s-7674,survived,0,136.89731881577123,37.394377553251886,"MULTIPOLYGON (((136.897359722 37.394417528, 136.897336417 37.394327389, 136.897277889 37.394337, 136.897301472 37.39442825, 136.897359722 37.394417528)))",644.1104281992381,1212.0859271409383,35.49960439258189,35.49960439258189,石川県、輪島市、新橋通,0,0,0,8.4,multi
C:\Users\admin\Documents\GitHub\SensingRisk\sitelens\data\noto_crops\all\bldg_000839.png,20230303-49281-13461-s-7737,survived,0,136.89733288076783,37.394567840080846,"MULTIPOLYGON (((136.897316444 37.394554556, 136.897320306 37.394582889, 136.897349472 37.394580361, 136.897345833 37.394553528, 136.897316444 37.394554556)))",659.1163066743313,1179.7800001217608,10.76428187453098,10.76428187453098,石川県、輪島市、新橋通,0,0,0,8.4,multi
C:\Users\admin\Documents\GitHub\SensingRisk\sitelens\data\noto_crops\all\bldg_000840.png,20230303-49281-13461-s-7698,survived,0,136.8973442364696,37.39448219758486,"MULTIPOLYGON (((136.897314139 37.394440806, 136.897331 37.394529056, 136.897374333 37.394523778, 136.897357417 37.394435167, 136.897314139 37.394440806)))",650.07796914152,1188.8414136666652,33.0457000923484,33.0457000923484,石川県、輪島市、新橋通,0,0,0,8.4,multi
C:\Users\admin\Documents\GitHub\SensingRisk\sitelens\data\noto_crops\all\bldg_000841.png,manual,survived,0,136.89742042399465,37.39342437954638,"MULTIPOLYGON (((136.89747663800878 37.393383587169865, 136.89746775887699 37.39347115396325, 136.89736325792492 37.39346798034245, 136.89737673016725 37.393373845067934, 136.89747663800878 37.393383587169865)))",662.6471089567989,1435.9281459038814,36.1348876119489,36.1348876119489,石川県、輪島市、鳳至町畠田南,0,0,0,8.4,multi
C:\Users\admin\Documents\GitHub\SensingRisk\sitelens\data\noto_crops\all\bldg_000842.png,manual,survived,0,136.8974438397322,37.393319371239706,"MULTIPOLYGON (((136.8974909732213 37.393277110847215, 136.8974892378841 37.393361043385745, 136.89739414375384 37.3933612834191, 136.8974014598869 37.39327636319529, 136.8974909732213 37.393277110847215)))",669.2863523214398,1462.679456688549,31.286213992171042,31.286213992171042,石川県、輪島市、鳳至町畠田南,0,0,0,8.4,multi
C:\Users\admin\Documents\GitHub\SensingRisk\sitelens\data\noto_crops\all\bldg_000843.png,20230303-49281-13461-s-7729,survived,0,136.89745118280626,37.394592028703435,"MULTIPOLYGON (((136.897500278 37.394614083, 136.89744975 37.394538861, 136.897414583 37.394554278, 136.89743425 37.39458525, 136.897409194 37.394596583, 136.897438944 37.394638389, 136.897500278 37.394614083)))",669.6842950558785,1162.8563198953757,35.030434221137284,35.030434221137284,石川県、輪島市、新橋通,0,0,0,8.4,multi
C:\Users\admin\Documents\GitHub\SensingRisk\sitelens\data\noto_crops\all\bldg_000844.png,20230303-49281-13461-s-7347,survived,0,136.89744718058063,37.3931649722505,"MULTIPOLYGON (((136.897492583 37.393212167, 136.897492917 37.393118, 136.897401778 37.393117778, 136.897401444 37.393211944, 136.897492583 37.393212167)))",669.1802234313398,1497.8118520560358,33.22168290187756,33.22168290187756,石川県、輪島市、鳳至町畠田南,0,0,0,8.4,multi
C:\Users\admin\Documents\GitHub\SensingRisk\sitelens\data\noto_crops\all\bldg_000845.png,manual,survived,0,136.8974632021371,37.39324968928565,"MULTIPOLYGON (((136.89743233631893 37.3932289167142, 136.89742789675304 37.393272700110884, 136.89749693755942 37.39327063825166, 136.89749461687305 37.393225004199536, 136.89743233631893 37.3932289167142)))",678.9787791252137,1485.088252598,19.305208688312064,19.305208688312064,石川県、輪島市、鳳至町畠田南,0,0,0,8.4,multi
C:\Users\admin\Documents\GitHub\SensingRisk\sitelens\data\noto_crops\all\bldg_000846.png,20230303-49281-13461-s-7513,survived,0,136.89750052613485,37.39375743152315,"MULTIPOLYGON (((136.897446306 37.393788806, 136.897567056 37.393777389, 136.8975535 37.393727278, 136.897437333 37.393735306, 136.897446306 37.393788806)))",677.9098278575474,1357.1260540866408,36.27317985428704,36.27317985428704,石川県、輪島市、新橋通,0,0,0,8.4,multi
C:\Users\admin\Documents\GitHub\SensingRisk\sitelens\data\noto_crops\all\bldg_000847.png,20230303-49281-13461-s-7612,survived,0,136.89751543875786,37.3941564101336,"MULTIPOLYGON (((136.897565417 37.394214861, 136.897551194 37.394140444, 136.8975215 37.394144056, 136.897515944 37.394115056, 136.897537222 37.394112444, 136.897531222 37.394081083, 136.897470028 37.394088528, 136.897496139 37.394224972, 136.897565417 37.394214861)))",673.6190562385283,1257.2597758833347,50.64398109026183,50.64398109026183,石川県、輪島市、新橋通,0,0,0,8.4,multi
C:\Users\admin\Documents\GitHub\SensingRisk\sitelens\data\noto_crops\all\bldg_000848.png,20230303-49281-13461-s-7713,survived,0,136.89753614538142,37.394538675263036,"MULTIPOLYGON (((136.897529444 37.394467694, 136.897473167 37.394487611, 136.897503639 37.394542306, 136.897526472 37.394534222, 136.897541667 37.3945615, 136.897520306 37.394569056, 136.897545083 37.394613583, 136.897595222 37.394595833, 136.897529444 37.394467694)))",676.3376939734087,1165.9573129886949,51.34791233004489,51.34791233004489,石川県、輪島市、新橋通,0,0,0,8.4,multi
C:\Users\admin\Documents\GitHub\SensingRisk\sitelens\data\noto_crops\all\bldg_000849.png,20230303-49281-13461-s-7606,destroyed,1,136.89760496514614,37.39414838255216,"MULTIPOLYGON (((136.897650722 37.394198389, 136.897607444 37.39406625, 136.897579778 37.394071444, 136.897594944 37.394122917, 136.897562222 37.394129028, 136.897585833 37.394209194, 136.897650722 37.394198389)))",690.3294659009571,1261.0174195046645,50.31137357731768,50.31137357731768,石川県、輪島市、新橋通,0,0,0,8.4,multi
C:\Users\admin\Documents\GitHub\SensingRisk\sitelens\data\noto_crops\all\bldg_000850.png,20230303-49281-13461-s-7491,survived,0,136.8976955512058,37.3936422078917,"MULTIPOLYGON (((136.897705444 37.393687444, 136.897747556 37.393621333, 136.897686194 37.393596472, 136.897643361 37.393663722, 136.897705444 37.393687444)))",715.2882568417865,1385.7158469431986,33.57036350987778,33.57036350987778,石川県、輪島市、新橋通,0,0,0,8.4,multi
C:\Users\admin\Documents\GitHub\SensingRisk\sitelens\data\noto_crops\all\bldg_000851.png,20230303-49281-13461-s-7560,destroyed,1,136.897776318473,37.39393458070333,"MULTIPOLYGON (((136.897887472 37.3939295, 136.897883167 37.393874667, 136.897812917 37.393880472, 136.897816944 37.393903583, 136.897748639 37.393906361, 136.897747194 37.39387675, 136.897656028 37.393881306, 136.897654306 37.39394925, 136.897748444 37.393945889, 136.897751194 37.394009083, 136.897851333 37.394008111, 136.897851611 37.393928222, 136.897887472 37.3939295)))",713.5357333925035,1299.5284105876472,65.19793910450414,65.19793910450414,石川県、輪島市、新橋通,0,0,0,8.4,multi
C:\Users\admin\Documents\GitHub\SensingRisk\sitelens\data\noto_crops\all\bldg_000852.png,20230303-49281-13461-s-7526,survived,0,136.89774289420694,37.393818842633735,"MULTIPOLYGON (((136.897696444 37.393865889, 136.897762194 37.393863667, 136.897760861 37.393838556, 136.897790861 37.393837556, 136.897787417 37.393772861, 136.897713194 37.393775389, 136.897715222 37.393813139, 136.897694889 37.393813833, 136.897696444 37.393865889)))",724.3684882025966,1344.3272124592238,33.08805328586732,33.08805328586732,石川県、輪島市、新橋通,0,0,0,8.4,multi
C:\Users\admin\Documents\GitHub\SensingRisk\sitelens\data\noto_crops\all\bldg_000853.png,20230303-49281-13461-s-7696,survived,0,136.89778158755578,37.3944757871401,"MULTIPOLYGON (((136.897787806 37.394428778, 136.897727972 37.394450694, 136.89777925 37.394523528, 136.897833111 37.394502194, 136.897787806 37.394428778)))",730.6502596468367,1189.4785887612604,34.56759943220936,34.56759943220936,石川県、輪島市、新橋通,0,0,0,8.4,multi
C:\Users\admin\Documents\GitHub\SensingRisk\sitelens\data\noto_crops\all\bldg_000854.png,20230303-49281-13461-s-7744,destroyed,1,136.89783566132706,37.39465321013559,"MULTIPOLYGON (((136.897925028 37.394706833, 136.8979025 37.394663556, 136.897882417 37.394665806, 136.897833583 37.39458325, 136.897761778 37.394609917, 136.897804 37.394703, 136.897871306 37.394689417, 136.897884639 37.394717472, 136.897925028 37.394706833)))",734.3287178974973,1140.5619962729268,50.64714878235395,50.64714878235395,石川県、輪島市、新橋通,0,0,0,8.4,multi
C:\Users\admin\Documents\GitHub\SensingRisk\sitelens\data\noto_crops\all\bldg_000855.png,20230303-49281-13461-s-7404,survived,0,136.8978571027494,37.39334955451787,"MULTIPOLYGON (((136.897807167 37.393404806, 136.897867472 37.393415694, 136.897875972 37.393370667, 136.897921944 37.393376167, 136.897933222 37.393316083, 136.8978035 37.393296889, 136.897788139 37.393350528, 136.8978175 37.393358889, 136.897807167 37.393404806)))",740.4239218954251,1447.0817567128051,44.898259665435035,44.898259665435035,石川県、輪島市、新橋通,0,0,0,8.4,multi
C:\Users\admin\Documents\GitHub\SensingRisk\sitelens\data\noto_crops\all\bldg_000856.png,20230303-49281-13461-s-7530,survived,0,136.8975306078266,37.3938233025858,"MULTIPOLYGON (((136.897422639 37.39380375, 136.897429944 37.393849778, 136.897629278 37.393845472, 136.897635417 37.393795417, 136.897422639 37.39380375)))",671.3000241862403,1330.3665790790421,59.49704109827678,59.49704109827678,石川県、輪島市、新橋通,0,0,0,8.4,multi
C:\Users\admin\Documents\GitHub\SensingRisk\sitelens\data\noto_crops\all\bldg_000857.png,20230303-49281-13461-s-7614,survived,0,136.8978805180338,37.39413682435676,"MULTIPOLYGON (((136.897922861 37.394176389, 136.897905556 37.394089417, 136.897838139 37.394097944, 136.897855167 37.394183583, 136.897922861 37.394176389)))",749.996077024993,1269.888243667896,33.14319456672001,33.14319456672001,石川県、輪島市、新橋通,0,0,0,8.4,multi
C:\Users\admin\Documents\GitHub\SensingRisk\sitelens\data\noto_crops\all\bldg_000858.png,20230303-49281-13461-s-7664,destroyed,1,136.89779602404246,37.39431907393703,"MULTIPOLYGON (((136.897823083 37.394371, 136.897821944 37.394278556, 136.897753667 37.394279083, 136.897753944 37.394301222, 136.897767694 37.394301139, 136.897768 37.394324583, 136.897783694 37.394324444, 136.897784278 37.394371556, 136.897823083 37.394371)))",733.0279282711724,1225.84995333416,32.732802654084935,32.732802654084935,石川県、輪島市、新橋通,0,0,0,8.4,multi
C:\Users\admin\Documents\GitHub\SensingRisk\sitelens\data\noto_crops\all\bldg_000859.png,20230303-49281-13461-s-7553,survived,0,136.89729337587573,37.39387668791288,"MULTIPOLYGON (((136.897239417 37.393904556, 136.897355667 37.393897306, 136.897349861 37.393850806, 136.897231806 37.393854111, 136.897239417 37.393904556)))",639.8700071599749,1329.8730778853767,34.6340458499061,34.6340458499061,石川県、輪島市、新橋通,0,0,0,8.4,multi
C:\Users\admin\Documents\GitHub\SensingRisk\sitelens\data\noto_crops\all\bldg_000860.png,20230303-49281-13461-s-7490,destroyed,1,136.89758835640671,37.39362560854358,"MULTIPOLYGON (((136.897629361 37.393658111, 136.897616861 37.393585222, 136.897547389 37.393592806, 136.89756 37.393666278, 136.897629361 37.393658111)))",697.7934313167636,1391.9859384806389,28.636392126579267,28.636392126579267,石川県、輪島市、新橋通,0,0,0,8.4,multi
C:\Users\admin\Documents\GitHub\SensingRisk\sitelens\data\noto_crops\all\bldg_000861.png,20230303-49281-13461-s-7679,destroyed,1,136.89715066783276,37.39438829778729,"MULTIPOLYGON (((136.897184111 37.394421278, 136.897164306 37.394347111, 136.897117222 37.394355111, 136.897137111 37.394429667, 136.897184111 37.394421278)))",615.9884121922547,1212.827225397338,29.056873718653605,29.056873718653605,石川県、輪島市、新橋通,0,0,0,8.4,multi
C:\Users\admin\Documents\GitHub\SensingRisk\sitelens\data\noto_crops\all\bldg_000862.png,20230303-49281-13461-s-7558,survived,0,136.89753122495685,37.39389369795784,"MULTIPOLYGON (((136.897458972 37.393917333, 136.897605111 37.393913361, 136.897603278 37.393870056, 136.897457556 37.393874, 136.897458972 37.393917333)))",680.8486368603177,1322.8029489518815,41.25936844613818,41.25936844613818,石川県、輪島市、新橋通,0,0,0,8.4,multi
C:\Users\admin\Documents\GitHub\SensingRisk\sitelens\data\noto_crops\all\bldg_000863.png,20230303-49281-13461-s-7505,survived,0,136.89764660180643,37.3937342923707,"MULTIPOLYGON (((136.897597306 37.393759583, 136.897674333 37.393781194, 136.897692389 37.393743111, 136.897669861 37.393738611, 136.897688056 37.393700417, 136.89762775 37.393684778, 136.897597306 37.393759583)))",705.6713057791233,1364.1743191241865,33.93511721126788,33.93511721126788,石川県、輪島市、新橋通,0,0,0,8.4,multi
C:\Users\admin\Documents\GitHub\SensingRisk\sitelens\data\noto_crops\all\bldg_000864.png,20230303-49281-13461-s-7682,survived,0,136.89707147211567,37.394429720586736,"MULTIPOLYGON (((136.897110694 37.394504111, 136.897072333 37.394357222, 136.8970325 37.394363083, 136.897053611 37.394454472, 136.897065306 37.39445275, 136.897078556 37.39451, 136.897110694 37.394504111)))",588.8909241893238,1189.8583010050281,53.772603484323554,53.772603484323554,石川県、輪島市、新橋通,0,0,0,8.4,multi
C:\Users\admin\Documents\GitHub\SensingRisk\sitelens\data\noto_crops\all\bldg_000865.png,20230303-49281-13461-s-7390,survived,0,136.89763579490204,37.39328734365597,"MULTIPOLYGON (((136.897651278 37.393329417, 136.897650694 37.393294028, 136.89769325 37.393293583, 136.897692611 37.393254278, 136.897592528 37.393255306, 136.89759375 37.393330417, 136.897651278 37.393329417)))",707.4325565465567,1469.693729304153,29.682433950580844,29.682433950580844,石川県、輪島市、新橋通,0,0,0,8.4,multi
C:\Users\admin\Documents\GitHub\SensingRisk\sitelens\data\noto_crops\all\bldg_000866.png,20230303-49281-13461-s-7577,survived,0,136.89768478192772,37.39399108884344,"MULTIPOLYGON (((136.897740722 37.394016194, 136.897734944 37.393958972, 136.897630333 37.393967667, 136.897630139 37.394020722, 136.897740722 37.394016194)))",714.7434599293603,1305.4104263493978,30.921247953838815,30.921247953838815,石川県、輪島市、新橋通,0,0,0,8.4,multi
C:\Users\admin\Documents\GitHub\SensingRisk\sitelens\data\noto_crops\all\bldg_000867.png,20230303-49281-13461-s-7418,survived,0,136.89763543687525,37.39338664936062,"MULTIPOLYGON (((136.897635861 37.393426778, 136.897671139 37.393360333, 136.897634056 37.393347778, 136.897600194 37.3934115, 136.897635861 37.393426778)))",707.0247599522265,1448.3574561026087,27.805283975602833,27.805283975602833,石川県、輪島市、新橋通,0,0,0,8.4,multi
C:\Users\admin\Documents\GitHub\SensingRisk\sitelens\data\noto_crops\all\bldg_000869.png,20230303-49281-13461-s-7355,survived,0,136.89728585943877,37.39315311804737,"MULTIPOLYGON (((136.897303694 37.393179222, 136.897303139 37.393126778, 136.897268028 37.393127, 136.897268583 37.393179472, 136.897303694 37.393179222)))",646.4456922889116,1507.9293971060483,18.546476377309318,18.546476377309318,石川県、輪島市、鳳至町畠田南,0,0,0,8.4,multi
C:\Users\admin\Documents\GitHub\SensingRisk\sitelens\data\noto_crops\all\bldg_000870.png,20230303-49281-13461-s-7500,survived,0,136.89704156222234,37.39368559477385,"MULTIPOLYGON (((136.89707325 37.393712889, 136.897060111 37.393651278, 136.897009889 37.393658083, 136.897023111 37.393720111, 136.89707325 37.393712889)))",598.0662694697634,1380.1251077145907,24.226849517877554,24.226849517877554,石川県、輪島市、新橋通,0,0,0,8.4,multi
C:\Users\admin\Documents\GitHub\SensingRisk\sitelens\data\noto_crops\all\bldg_000871.png,20230303-49281-13461-s-7501,survived,0,136.8969696678411,37.39369437111287,"MULTIPOLYGON (((136.896995972 37.393720222, 136.896981917 37.393662694, 136.896943361 37.393668667, 136.896957361 37.393725917, 136.896995972 37.393720222)))",585.6498423471402,1379.0918539779227,22.252322387493223,22.252322387493223,石川県、輪島市、新橋通,0,0,0,8.4,multi
C:\Users\admin\Documents\GitHub\SensingRisk\sitelens\data\noto_crops\all\bldg_000872.png,20230303-49281-13461-s-7503,survived,0,136.89686850787737,37.393707507682215,"MULTIPOLYGON (((136.896823444 37.3937385, 136.896934361 37.393723722, 136.896926861 37.393687917, 136.896886639 37.393693278, 136.896883 37.393675889, 136.896810194 37.393685583, 136.896823444 37.3937385)))",561.2615732828776,1369.833887097531,34.71960964732705,34.71960964732705,石川県、輪島市、新橋通,0,0,0,8.4,multi
C:\Users\admin\Documents\GitHub\SensingRisk\sitelens\data\noto_crops\all\bldg_000873.png,20230303-49281-13461-s-7506,survived,0,136.896688062236,37.3937198895446,"MULTIPOLYGON (((136.896654694 37.393755028, 136.896734667 37.393743889, 136.896721722 37.393684778, 136.896641194 37.393696, 136.896654694 37.393755028)))",530.5315312413024,1370.4866465345135,27.45015066445262,27.45015066445262,石川県、輪島市、鳳至町稲荷東三，四,0,0,0,8.4,multi
C:\Users\admin\Documents\GitHub\SensingRisk\sitelens\data\noto_crops\all\bldg_000874.png,20230303-49281-13461-s-7510,survived,0,136.89658411448994,37.39374278692049,"MULTIPOLYGON (((136.896635889 37.393786, 136.896619778 37.393696556, 136.896529861 37.393706861, 136.896543528 37.393782778, 136.896593889 37.393777, 136.896596444 37.393791167, 136.896635889 37.393786)))",507.3532004082214,1361.2703681140224,34.63928309731796,34.63928309731796,石川県、輪島市、鳳至町稲荷東三，四,0,0,0,8.4,multi
C:\Users\admin\Documents\GitHub\SensingRisk\sitelens\data\noto_crops\all\bldg_000875.png,20230303-49281-13461-s-7532,survived,0,136.89658946365034,37.3938255436128,"MULTIPOLYGON (((136.896555722 37.39385375, 136.896634194 37.393843222, 136.896620917 37.393797889, 136.896547667 37.393806056, 136.896555722 37.39385375)))",514.0771445857155,1347.261726069332,24.194702816009453,24.194702816009453,石川県、輪島市、鳳至町稲荷東三，四,0,0,0,8.4,multi
C:\Users\admin\Documents\GitHub\SensingRisk\sitelens\data\noto_crops\all\bldg_000876.png,20230303-49281-13461-s-7531,survived,0,136.89694178825505,37.39383667279223,"MULTIPOLYGON (((136.89686925 37.393881667, 136.896971194 37.393867111, 136.896964667 37.393837944, 136.897055917 37.393824917, 136.897049444 37.393796028, 136.89685375 37.393823972, 136.89686925 37.393881667)))",565.7459367010329,1328.0371435206123,56.52999045054116,56.52999045054116,石川県、輪島市、新橋通,0,0,0,8.4,multi
C:\Users\admin\Documents\GitHub\SensingRisk\sitelens\data\noto_crops\all\bldg_000877.png,20230303-49281-13461-s-7545,survived,0,136.8967174223095,37.3938636062282,"MULTIPOLYGON (((136.896675306 37.393841528, 136.896683333 37.393893389, 136.896759472 37.393885889, 136.896751389 37.393833639, 136.896675306 37.393841528)))",537.800830663214,1338.5670604432019,23.894476652867525,23.894476652867525,石川県、輪島市、鳳至町稲荷東三，四,0,0,0,8.4,multi
C:\Users\admin\Documents\GitHub\SensingRisk\sitelens\data\noto_crops\all\bldg_000878.png,20230303-49281-13461-s-7552,survived,0,136.89646888420015,37.39388765958187,"MULTIPOLYGON (((136.896426472 37.393855833, 136.896441889 37.393928611, 136.896511333 37.393919222, 136.896496 37.393846944, 136.896426472 37.393855833)))",488.86747688758214,1330.2616690491411,29.118702347255294,29.118702347255294,石川県、輪島市、鳳至町稲荷東三，四,0,0,0,8.4,multi
C:\Users\admin\Documents\GitHub\SensingRisk\sitelens\data\noto_crops\all\bldg_000879.png,20230303-49281-13461-s-7559,survived,0,136.89703412716955,37.393907359106535,"MULTIPOLYGON (((136.897110944 37.393923833, 136.897099806 37.393870694, 136.89695825 37.39388925, 136.896970028 37.393945306, 136.897110944 37.393923833)))",587.5317575242784,1318.7277685593497,42.69633699523081,42.69633699523081,石川県、輪島市、新橋通,0,0,0,8.4,multi
C:\Users\admin\Documents\GitHub\SensingRisk\sitelens\data\noto_crops\all\bldg_000880.png,20230303-49281-13461-s-7564,survived,0,136.89606265818492,37.39393435504692,"MULTIPOLYGON (((136.896006611 37.393923333, 136.896014306 37.393964778, 136.896113833 37.393955861, 136.896104194 37.393900944, 136.896038111 37.393905833, 136.896041222 37.393922139, 136.896006611 37.393923333)))",412.2525390148163,1319.2517367561388,29.981444231669116,29.981444231669116,石川県、輪島市、鳳至町稲荷東三，四,0,0,0,8.4,multi
C:\Users\admin\Documents\GitHub\SensingRisk\sitelens\data\noto_crops\all\bldg_000881.png,20230303-49281-13461-s-7571,survived,0,136.89628978582599,37.39397926133444,"MULTIPOLYGON (((136.896192611 37.393984861, 136.896198806 37.394013278, 136.896357972 37.393998139, 136.896349222 37.393936139, 136.89627825 37.393942528, 136.896280361 37.393977694, 136.896192611 37.393984861)))",444.2159783045451,1301.3040612278633,46.23828691376582,46.23828691376582,石川県、輪島市、鳳至町稲荷東三，四,0,0,0,8.4,multi
C:\Users\admin\Documents\GitHub\SensingRisk\sitelens\data\noto_crops\all\bldg_000882.png,20230303-49281-13461-s-7573,survived,0,136.8965002767722,37.393979684521,"MULTIPOLYGON (((136.896554444 37.393996806, 136.896545667 37.393947917, 136.89644925 37.393959611, 136.896454306 37.394013278, 136.896554444 37.393996806)))",494.86094080607097,1308.3342004902574,29.414374340905056,29.414374340905056,石川県、輪島市、鳳至町稲荷東三，四,0,0,0,8.4,multi
C:\Users\admin\Documents\GitHub\SensingRisk\sitelens\data\noto_crops\all\bldg_000883.png,manual,survived,0,136.89697590982055,37.393997998922586,"MULTIPOLYGON (((136.89693881432268 37.394032620677194, 136.89701197125495 37.3940258442259, 136.89701557170193 37.393971851016886, 136.89694381436817 37.393961760866304, 136.89693881432268 37.394032620677194)))",585.3629816051448,1306.3318146902973,25.632131036892588,25.632131036892588,石川県、輪島市、新橋通,0,0,0,8.4,multi
C:\Users\admin\Documents\GitHub\SensingRisk\sitelens\data\noto_crops\all\bldg_000884.png,20230303-49281-13461-s-7581,survived,0,136.89669840183745,37.39400355495764,"MULTIPOLYGON (((136.896626028 37.394036306, 136.896768806 37.394012778, 136.896757528 37.393969167, 136.896662722 37.393984778, 136.8966665 37.393999361, 136.896619306 37.394007111, 136.896626028 37.394036306)))",524.4968675984277,1296.9449948181834,41.803229872385714,41.803229872385714,石川県、輪島市、鳳至町稲荷東三，四,0,0,0,8.4,multi
C:\Users\admin\Documents\GitHub\SensingRisk\sitelens\data\noto_crops\all\bldg_000885.png,20230303-49281-13461-s-7595,survived,0,136.89670547069488,37.39406972756193,"MULTIPOLYGON (((136.896636222 37.394110833, 136.89677975 37.3940915, 136.896765639 37.394024889, 136.896674889 37.394037139, 136.896678194 37.394052806, 136.896624194 37.394060111, 136.896636222 37.394110833)))",525.1258267879487,1280.8172479758648,43.496610201729595,43.496610201729595,石川県、輪島市、鳳至町稲荷東三，四,0,0,0,8.4,multi
C:\Users\admin\Documents\GitHub\SensingRisk\sitelens\data\noto_crops\all\bldg_000886.png,20230303-49281-13461-s-7608,survived,0,136.89654061316008,37.39411302248429,"MULTIPOLYGON (((136.896488917 37.394152222, 136.89660775 37.394136417, 136.896590028 37.394074389, 136.896476472 37.394087917, 136.896488917 37.394152222)))",498.7198869016436,1273.5482906483116,36.707989369498364,36.707989369498364,石川県、輪島市、鳳至町稲荷東三，四,0,0,0,8.4,multi
C:\Users\admin\Documents\GitHub\SensingRisk\sitelens\data\noto_crops\all\bldg_000887.png,20230303-49281-13461-s-7621,survived,0,136.89678002042712,37.394150099775466,"MULTIPOLYGON (((136.896825056 37.394178306, 136.896810639 37.394112417, 136.896734806 37.394122972, 136.896748778 37.394186806, 136.896825056 37.394178306)))",547.3851364360727,1269.361703100238,28.04321273436608,28.04321273436608,石川県、輪島市、鳳至町稲荷東三，四,0,0,0,8.4,multi
C:\Users\admin\Documents\GitHub\SensingRisk\sitelens\data\noto_crops\all\bldg_000888.png,20230303-49281-13461-s-7622,survived,0,136.89667841541478,37.3941576184296,"MULTIPOLYGON (((136.896643417 37.394193111, 136.896733111 37.394176611, 136.896722306 37.394139139, 136.896702389 37.394142806, 136.896696139 37.394121083, 136.896631139 37.394133028, 136.896643417 37.394193111)))",528.7421500085629,1267.1946507777361,28.864465848835835,28.864465848835835,石川県、輪島市、鳳至町稲荷東三，四,0,0,0,8.4,multi
C:\Users\admin\Documents\GitHub\SensingRisk\sitelens\data\noto_crops\all\bldg_000889.png,20230303-49281-13461-s-7630,survived,0,136.89652635233037,37.39418219216439,"MULTIPOLYGON (((136.896489444 37.39420825, 136.896571667 37.394198917, 136.896564028 37.394156167, 136.896480306 37.394165694, 136.896489444 37.39420825)))",501.29486334058976,1262.9614336719892,25.546387174394397,25.546387174394397,石川県、輪島市、鳳至町稲荷東三，四,0,0,0,8.4,multi
C:\Users\admin\Documents\GitHub\SensingRisk\sitelens\data\noto_crops\all\bldg_000890.png,20230303-49281-13461-s-7640,survived,0,136.8967947267671,37.39425467586507,"MULTIPOLYGON (((136.896758028 37.394310194, 136.896852222 37.394293722, 136.896835306 37.394232139, 136.896821861 37.3942345, 136.896809556 37.394189778, 136.896760806 37.394198306, 136.896764889 37.394213167, 136.8967515 37.3942155, 136.896758972 37.394257139, 136.896746944 37.394258528, 136.896758028 37.394310194)))",543.8789950752425,1238.6399146750719,42.382292093667274,42.382292093667274,石川県、輪島市、鳳至町稲荷東三，四,0,0,0,8.4,multi
C:\Users\admin\Documents\GitHub\SensingRisk\sitelens\data\noto_crops\all\bldg_000891.png,20230303-49281-13461-s-7642,survived,0,136.89638406087877,37.394271359482836,"MULTIPOLYGON (((136.896337083 37.394198361, 136.896358972 37.394349222, 136.896430694 37.394344611, 136.896409583 37.394193778, 136.896337083 37.394198361)))",460.22359791273163,1227.4274632424058,54.71094382721276,54.71094382721276,石川県、輪島市、鳳至町稲荷東三，四,0,0,0,8.4,multi
C:\Users\admin\Documents\GitHub\SensingRisk\sitelens\data\noto_crops\all\bldg_000892.png,20230303-49281-13461-s-7649,survived,0,136.8965585483621,37.39425039278402,"MULTIPOLYGON (((136.896504861 37.394284583, 136.896636417 37.394267611, 136.896628639 37.394229194, 136.896572028 37.3942365, 136.896567583 37.394214528, 136.896493556 37.394224083, 136.896504861 37.394284583)))",501.36476840443083,1239.9586593975573,39.94683091375566,39.94683091375566,石川県、輪島市、鳳至町稲荷東三，四,0,0,0,8.4,multi
C:\Users\admin\Documents\GitHub\SensingRisk\sitelens\data\noto_crops\all\bldg_000893.png,20230303-49281-13461-s-7665,survived,0,136.89659492182096,37.394309567869776,"MULTIPOLYGON (((136.896515861 37.394341222, 136.896686278 37.394319583, 136.896678194 37.394279028, 136.896503333 37.394298278, 136.896515861 37.394341222)))",501.31928350660536,1220.1422555992663,51.155129686991415,51.155129686991415,石川県、輪島市、鳳至町稲荷東三，四,0,0,0,8.4,multi
C:\Users\admin\Documents\GitHub\SensingRisk\sitelens\data\noto_crops\all\bldg_000894.png,20230303-49281-13461-s-7687,survived,0,136.89684345173555,37.394425521949536,"MULTIPOLYGON (((136.896871694 37.394388806, 136.89682075 37.394392972, 136.896822444 37.394406278, 136.896793194 37.394408639, 136.896797194 37.394439917, 136.896825278 37.394437611, 136.896828444 37.394462333, 136.89688525 37.394457694, 136.896871694 37.394388806)))",558.4329697238252,1204.6050738707374,28.052833127940175,28.052833127940175,石川県、輪島市、鳳至町稲荷東三，四,0,0,0,8.4,multi
C:\Users\admin\Documents\GitHub\SensingRisk\sitelens\data\noto_crops\all\bldg_000895.png,20230303-49281-13461-s-7691,survived,0,136.8962357464502,37.39443908109239,"MULTIPOLYGON (((136.896262444 37.394479444, 136.896276472 37.394408028, 136.896208611 37.394399528, 136.896194917 37.39446925, 136.896262444 37.394479444)))",445.79371844533614,1201.2060832178818,28.319975034325807,28.319975034325807,石川県、輪島市、鳳至町稲荷東三，四,0,0,0,8.4,multi
C:\Users\admin\Documents\GitHub\SensingRisk\sitelens\data\noto_crops\all\bldg_000896.png,20230303-49281-13461-s-7695,survived,0,136.8963673117392,37.394501415148284,"MULTIPOLYGON (((136.896444889 37.394552083, 136.896424222 37.394478722, 136.896408694 37.394483389, 136.896380167 37.394423083, 136.896314833 37.394442722, 136.896326861 37.394468139, 136.896274889 37.394483778, 136.896295333 37.394527, 136.8963395 37.394513722, 136.896362611 37.394578111, 136.896444889 37.394552083)))",454.9447041605705,1172.8662221262593,56.32106921643799,56.32106921643799,石川県、輪島市、鳳至町稲荷東三，四,0,0,0,8.4,multi
C:\Users\admin\Documents\GitHub\SensingRisk\sitelens\data\noto_crops\all\bldg_000897.png,20230303-49281-13461-s-7708,survived,0,136.89677218378384,37.39447079000301,"MULTIPOLYGON (((136.896738833 37.394462778, 136.89674175 37.394484833, 136.896805 37.394479528, 136.896801917 37.394456139, 136.896738833 37.394462778)))",550.6619146241082,1198.8412974972475,18.50163418451939,18.50163418451939,石川県、輪島市、鳳至町稲荷東三，四,0,0,0,8.4,multi
C:\Users\admin\Documents\GitHub\SensingRisk\sitelens\data\noto_crops\all\bldg_000898.png,20230303-49281-13461-s-7716,survived,0,136.89701229892458,37.39452401578307,"MULTIPOLYGON (((136.89699425 37.394576444, 136.897049972 37.394568944, 136.897029389 37.39447175, 136.896975583 37.394477583, 136.89699425 37.394576444)))",586.388132108435,1177.0882843817294,36.84868861333871,36.84868861333871,石川県、輪島市、新橋通,0,0,0,8.4,multi
C:\Users\admin\Documents\GitHub\SensingRisk\sitelens\data\noto_crops\all\bldg_000899.png,20230303-49281-13461-s-7719,survived,0,136.8962160560827,37.39454843003636,"MULTIPOLYGON (((136.896171306 37.394595556, 136.896255 37.394592167, 136.896255333 37.394493222, 136.8962195 37.39449075, 136.896220917 37.394512222, 136.896174611 37.394512583, 136.896171306 37.394595556)))",437.33864926997234,1172.5972030714127,36.88810876269986,36.88810876269986,石川県、輪島市、鳳至町稲荷東三，四,0,0,0,8.4,multi
C:\Users\admin\Documents\GitHub\SensingRisk\sitelens\data\noto_crops\all\bldg_000900.png,20230303-49281-13461-s-7734,survived,0,136.8963097277504,37.394568751323405,"MULTIPOLYGON (((136.896278889 37.394594611, 136.896345389 37.39459, 136.89634025 37.394542833, 136.896274361 37.394547417, 136.896278889 37.394594611)))",463.5406924563637,1174.8003905288838,20.482521931729707,20.482521931729707,石川県、輪島市、鳳至町稲荷東三，四,0,0,0,8.4,multi
C:\Users\admin\Documents\GitHub\SensingRisk\sitelens\data\noto_crops\all\bldg_000901.png,20230303-49281-13461-s-7738,survived,0,136.8960777720335,37.394581432128255,"MULTIPOLYGON (((136.896148917 37.39460725, 136.8961535 37.394563333, 136.896001861 37.394555222, 136.896008417 37.394601139, 136.896148917 37.39460725)))",409.29709260728623,1160.904650840723,42.401337618298044,42.401337618298044,石川県、輪島市、鳳至町稲荷東三，四,0,0,0,8.4,multi
C:\Users\admin\Documents\GitHub\SensingRisk\sitelens\data\noto_crops\all\bldg_000902.png,20230303-49281-13461-s-8384,survived,0,136.89754537268064,37.39753456443732,"MULTIPOLYGON (((136.8975045 37.397609833, 136.897645917 37.397551722, 136.89758625 37.397459306, 136.897444833 37.397517389, 136.8975045 37.397609833)))",674.6399609906011,459.6681967483929,58.91177082143895,58.91177082143895,石川県、輪島市、鳳至町上町,0,0,0,8.4,multi
C:\Users\admin\Documents\GitHub\SensingRisk\sitelens\data\noto_crops\all\bldg_000903.png,20230303-49281-13461-s-8406,survived,0,136.89766372684971,37.39758455386642,"MULTIPOLYGON (((136.897695361 37.397596083, 136.897666833 37.397556917, 136.897632083 37.397573028, 136.897660639 37.397612194, 136.897695361 37.397596083)))",715.9601782572752,467.19803189954564,20.394295880698223,20.394295880698223,石川県、輪島市、鳳至町上町,0,0,0,8.4,multi
C:\Users\admin\Documents\GitHub\SensingRisk\sitelens\data\noto_crops\all\bldg_000904.png,20230303-49281-13461-s-8411,survived,0,136.89760619300444,37.39761395319829,"MULTIPOLYGON (((136.897593278 37.397648778, 136.897646361 37.397631, 136.897619111 37.397579139, 136.897566028 37.397596889, 136.897593278 37.397648778)))",702.5508359791354,457.61336279804084,25.765173919694462,25.765173919694462,石川県、輪島市、鳳至町上町,0,0,0,8.4,multi
C:\Users\admin\Documents\GitHub\SensingRisk\sitelens\data\noto_crops\all\bldg_000905.png,20230303-49281-13461-s-8415,survived,0,136.89831395443673,37.39765124919502,"MULTIPOLYGON (((136.89828925 37.397695639, 136.898373222 37.397652333, 136.898336028 37.397606944, 136.898256111 37.397649917, 136.89828925 37.397695639)))",830.2264714762002,444.46029025793354,34.55140901318589,34.55140901318589,石川県、輪島市、鳳至町下町,0,0,0,8.4,multi
C:\Users\admin\Documents\GitHub\SensingRisk\sitelens\data\noto_crops\all\bldg_000906.png,20230303-49281-13461-s-8417,survived,0,136.89754042476835,37.39764483745958,"MULTIPOLYGON (((136.897520722 37.397674222, 136.897581306 37.397651722, 136.897560139 37.397615444, 136.897499528 37.397637972, 136.897520722 37.397674222)))",691.4784890644457,451.5583222542583,23.386238295626697,23.386238295626697,石川県、輪島市、鳳至町上町,0,0,0,8.4,multi
C:\Users\admin\Documents\GitHub\SensingRisk\sitelens\data\noto_crops\all\bldg_000907.png,20230303-49281-13461-s-8969,destroyed,1,136.8978928151764,37.39765073193711,"MULTIPOLYGON (((136.897864333 37.397682167, 136.897941417 37.397649556, 136.897921306 37.397619306, 136.897844222 37.397651889, 136.897864333 37.397682167)))",755.2753496540918,448.27737613652744,27.1776918146345,27.1776918146345,石川県、輪島市、鳳至町鳳至丁南鳳至本町,0,0,0,8.4,multi
C:\Users\admin\Documents\GitHub\SensingRisk\sitelens\data\noto_crops\all\bldg_000908.png,20230303-49281-13461-s-8496,survived,0,136.89755531678597,37.39817664431506,"MULTIPOLYGON (((136.897720583 37.398242444, 136.897599278 37.3980535, 136.897365889 37.398148833, 136.897419917 37.398233, 136.897508028 37.398197, 136.897575278 37.398301806, 136.897720583 37.398242444)))",653.7587005597317,288.29015298130696,99.87681468156376,99.87681468156376,石川県、輪島市、鳳至町鳳至丁南鳳至本町,0,0,0,8.4,multi
C:\Users\admin\Documents\GitHub\SensingRisk\sitelens\data\noto_crops\all\bldg_000909.png,20230303-49281-13461-s-8542,survived,0,136.8978780555,37.39838968050001,"MULTIPOLYGON (((136.897949528 37.3984065, 136.897908694 37.398335472, 136.897806583 37.398372861, 136.897847417 37.398443889, 136.897949528 37.3984065)))",745.0070133540876,267.3726602043246,42.20994625876074,42.20994625876074,石川県、輪島市、鳳至町鳳至丁南鳳至本町,0,0,0,8.4,multi
C:\Users\admin\Documents\GitHub\SensingRisk\sitelens\data\noto_crops\all\bldg_000910.png,20230303-49281-13461-s-8543,survived,0,136.89767772188247,37.398433018306235,"MULTIPOLYGON (((136.897602361 37.398372778, 136.897682528 37.398518028, 136.897753083 37.398493278, 136.897672917 37.398348, 136.897602361 37.398372778)))",698.8451101396652,248.38769332443798,59.84401042974571,59.84401042974571,石川県、輪島市、鳳至町鳳至丁南鳳至本町,0,0,0,8.4,multi
C:\Users\admin\Documents\GitHub\SensingRisk\sitelens\data\noto_crops\all\bldg_000911.png,20230303-49281-13461-s-8546,survived,0,136.89821827292891,37.398408827207035,"MULTIPOLYGON (((136.898277056 37.398434111, 136.8982325 37.398358917, 136.898162944 37.398382, 136.898198528 37.398457778, 136.898277056 37.398434111)))",811.5625868132113,265.8050639929018,36.584949043645,36.584949043645,石川県、輪島市、鳳至町鳳至丁南鳳至本町,0,0,0,8.4,multi
C:\Users\admin\Documents\GitHub\SensingRisk\sitelens\data\noto_crops\all\bldg_000912.png,20230303-49281-13461-s-8547,survived,0,136.8981099340925,37.39843111075626,"MULTIPOLYGON (((136.898066917 37.3984855, 136.898181389 37.398444028, 136.898138667 37.398368972, 136.898087417 37.398387528, 136.898100833 37.398411111, 136.898032 37.398436056, 136.898066917 37.3984855)))",786.2988033302472,257.23088818692685,44.869163840112606,44.869163840112606,石川県、輪島市、鳳至町鳳至丁南鳳至本町,0,0,0,8.4,multi
C:\Users\admin\Documents\GitHub\SensingRisk\sitelens\data\noto_crops\all\bldg_000913.png,20230303-49281-13461-s-8553,survived,0,136.89777013883514,37.398438666788756,"MULTIPOLYGON (((136.897720306 37.398402556, 136.897767944 37.398492333, 136.897819972 37.398474778, 136.897772333 37.398385, 136.897720306 37.398402556)))",727.1061298692983,258.0946118188827,37.77752588495372,37.77752588495372,石川県、輪島市、鳳至町鳳至丁南鳳至本町,0,0,0,8.4,multi
C:\Users\admin\Documents\GitHub\SensingRisk\sitelens\data\noto_crops\all\bldg_000914.png,20230303-49281-13461-s-8556,survived,0,136.89792229149998,37.3984703335,"MULTIPOLYGON (((136.897993444 37.39848725, 136.897948889 37.398415028, 136.897851139 37.398453417, 136.897895694 37.398525639, 136.897993444 37.39848725)))",753.0333402426289,248.22807691654864,42.6496686396508,42.6496686396508,石川県、輪島市、鳳至町鳳至丁南鳳至本町,0,0,0,8.4,multi
C:\Users\admin\Documents\GitHub\SensingRisk\sitelens\data\noto_crops\all\bldg_000915.png,20230303-49281-13461-s-8562,survived,0,136.8985350303731,37.39851415190941,"MULTIPOLYGON (((136.898431139 37.39858825, 136.898662194 37.398530972, 136.898617833 37.398433889, 136.89847125 37.398476556, 136.898482111 37.398500306, 136.898397778 37.398520222, 136.898431139 37.39858825)))",850.6726037767198,223.02642736115402,73.93607242372309,73.93607242372309,石川県、輪島市、鳳至町鳳至丁南鳳至本町,0,0,0,8.4,multi
C:\Users\admin\Documents\GitHub\SensingRisk\sitelens\data\noto_crops\all\bldg_000916.png,20230303-49281-13461-s-8563,survived,0,136.89749544052555,37.3985369766491,"MULTIPOLYGON (((136.897563861 37.398559444, 136.897495556 37.3984395, 136.8974195 37.398467056, 136.897484667 37.398581528, 136.897492528 37.398661222, 136.897531861 37.39865875, 136.8975235 37.398573861, 136.897563861 37.398559444)))",655.0672055372895,211.7556982102858,78.03852118466273,78.03852118466273,石川県、輪島市、鳳至町鳳至丁南鳳至本町,0,0,0,8.4,multi
C:\Users\admin\Documents\GitHub\SensingRisk\sitelens\data\noto_crops\all\bldg_000917.png,20230303-49281-13461-s-8570,survived,0,136.89761569733398,37.39853354434831,"MULTIPOLYGON (((136.897693 37.398593139, 136.89761575 37.398464222, 136.897540667 37.398492833, 136.897592056 37.398578611, 136.897626889 37.398565333, 136.897652194 37.398607583, 136.897693 37.398593139)))",691.6612987377114,228.41217786830182,51.510755090342656,51.510755090342656,石川県、輪島市、鳳至町鳳至丁南鳳至本町,0,0,0,8.4,multi
C:\Users\admin\Documents\GitHub\SensingRisk\sitelens\data\noto_crops\all\bldg_000918.png,20230303-49281-13461-s-8571,survived,0,136.89776475963606,37.398535888514644,"MULTIPOLYGON (((136.897713167 37.398590194, 136.897850111 37.398533278, 136.897816333 37.398481583, 136.897679417 37.3985385, 136.897713167 37.398590194)))",721.1281692928738,230.30608952963797,47.72950179311965,47.72950179311965,石川県、輪島市、鳳至町鳳至丁南鳳至本町,0,0,0,8.4,multi
C:\Users\admin\Documents\GitHub\SensingRisk\sitelens\data\noto_crops\all\bldg_000919.png,20230303-49281-13461-s-8574,survived,0,136.8983382191105,37.39856274344196,"MULTIPOLYGON (((136.898374833 37.398626167, 136.898369444 37.398497861, 136.898301472 37.39849975, 136.898307 37.398627306, 136.898374833 37.398626167)))",829.1001888685951,225.12693077249227,45.56018967359685,45.56018967359685,石川県、輪島市、鳳至町鳳至丁南鳳至本町,0,0,0,8.4,multi
C:\Users\admin\Documents\GitHub\SensingRisk\sitelens\data\noto_crops\all\bldg_000920.png,20230303-49281-13461-s-8577,survived,0,136.8981994225056,37.39854954043278,"MULTIPOLYGON (((136.898253417 37.398587556, 136.898250583 37.398514333, 136.898133361 37.39851725, 136.898134833 37.398555, 136.898164556 37.398554278, 136.898165917 37.398589444, 136.898253417 37.398587556)))",808.1093660195669,233.63149511010997,33.57009073893232,33.57009073893232,石川県、輪島市、鳳至町鳳至丁南鳳至本町,0,0,0,8.4,multi
C:\Users\admin\Documents\GitHub\SensingRisk\sitelens\data\noto_crops\all\bldg_000921.png,20230303-49281-13461-s-8580,survived,0,136.89798841054434,37.39858445121061,"MULTIPOLYGON (((136.897896694 37.398612444, 136.898080472 37.398611667, 136.898080111 37.398556444, 136.897896333 37.39855725, 136.897896694 37.398612444)))",760.9376600530413,217.03309784477534,51.48899628321328,51.48899628321328,石川県、輪島市、鳳至町鳳至丁南鳳至本町,0,0,0,8.4,multi
C:\Users\admin\Documents\GitHub\SensingRisk\sitelens\data\noto_crops\all\bldg_000922.png,20230303-49281-13461-s-8581,survived,0,136.89774333586533,37.39861748717672,"MULTIPOLYGON (((136.897662528 37.398665917, 136.89773975 37.398636556, 136.897748944 37.398651917, 136.897834861 37.398617306, 136.897801417 37.398563583, 136.897639806 37.39863175, 136.897662528 37.398665917)))",712.6088388125102,208.39581704031391,54.54133112165664,54.54133112165664,石川県、輪島市、鳳至町鳳至丁南鳳至本町,0,0,0,8.4,multi
C:\Users\admin\Documents\GitHub\SensingRisk\sitelens\data\noto_crops\all\bldg_000923.png,20230303-49281-13461-s-8598,survived,0,136.89759144303616,37.39870720299869,"MULTIPOLYGON (((136.897652361 37.398728056, 136.897610028 37.398656444, 136.897530528 37.398686333, 136.897572861 37.398757972, 136.897652361 37.398728056)))",693.625530601214,194.9134980251995,38.11658610104729,38.11658610104729,石川県、輪島市、鳳至町鳳至丁南鳳至本町,0,0,0,8.4,multi
C:\Users\admin\Documents\GitHub\SensingRisk\sitelens\data\noto_crops\all\bldg_000924.png,20230303-49281-13461-s-8428,survived,0,136.8984172995519,37.39773950442223,"MULTIPOLYGON (((136.898497139 37.397681222, 136.898391306 37.397734389, 136.898373056 37.397710472, 136.898311194 37.397740528, 136.898350278 37.397798917, 136.898537333 37.397720667, 136.898497139 37.397681222)))",836.3160138183171,409.28826848295415,63.23304748535156,63.23304748535156,石川県、輪島市、鳳至町下町,0,0,0,8.4,multi
C:\Users\admin\Documents\GitHub\SensingRisk\sitelens\data\noto_crops\all\bldg_000925.png,20230303-49281-13461-s-8430,destroyed,1,136.8976957081764,37.397722374972126,"MULTIPOLYGON (((136.897685528 37.3977515, 136.897732694 37.397728944, 136.897705889 37.39769325, 136.897658722 37.397715806, 136.897685528 37.3977515)))",720.9466828380621,433.8834300729832,22.346531855809133,22.346531855809133,石川県、輪島市、鳳至町鳳至丁南鳳至本町,0,0,0,8.4,multi
C:\Users\admin\Documents\GitHub\SensingRisk\sitelens\data\noto_crops\all\bldg_000926.png,20230303-49281-13461-s-8946,destroyed,1,136.89749824160376,37.39788430533703,"MULTIPOLYGON (((136.897373528 37.397882528, 136.897426278 37.397964889, 136.897488444 37.397939556, 136.897504472 37.397964611, 136.897610778 37.397921278, 136.897585833 37.397882361, 136.89760775 37.397873417, 136.897568028 37.397811361, 136.897543611 37.397821333, 136.897524944 37.397792167, 136.897417917 37.397835778, 136.897432528 37.397858611, 136.897373528 37.397882528)))",659.993170686992,374.23499520848173,68.36275164995209,68.36275164995209,石川県、輪島市、鳳至町鳳至丁南鳳至本町,0,0,0,8.4,multi
C:\Users\admin\Documents\GitHub\SensingRisk\sitelens\data\noto_crops\all\bldg_000927.png,20230303-49281-13461-s-8457,survived,0,136.8985020238264,37.39788789939936,"MULTIPOLYGON (((136.898598083 37.397839139, 136.898556111 37.397856417, 136.898538361 37.397828972, 136.898393361 37.397888694, 136.898435639 37.397954083, 136.898624194 37.397876417, 136.898598083 37.397839139)))",851.4142965263791,373.093327137403,64.54558502303234,64.54558502303234,石川県、輪島市、鳳至町下町,0,0,0,8.4,multi
C:\Users\admin\Documents\GitHub\SensingRisk\sitelens\data\noto_crops\all\bldg_000928.png,20230303-49281-13461-s-8461,survived,0,136.89873619422116,37.39788404183692,"MULTIPOLYGON (((136.898715944 37.397914778, 136.898779556 37.397886889, 136.898756444 37.397853306, 136.898692833 37.397881194, 136.898715944 37.397914778)))",913.7814278901988,394.8232828092117,24.598525209948832,24.598525209948832,石川県、輪島市、鳳至町下町,0,0,0,8.4,multi
C:\Users\admin\Documents\GitHub\SensingRisk\sitelens\data\noto_crops\all\bldg_000929.png,20230303-49281-13461-s-8467,survived,0,136.89909215299997,37.3979409165,"MULTIPOLYGON (((136.899150056 37.397979444, 136.899108556 37.397882194, 136.89903425 37.397902389, 136.89907575 37.397999639, 136.899150056 37.397979444)))",971.7678631716017,373.1089985297446,41.33660223489795,41.33660223489795,石川県、輪島市、鳳至町下町,0,0,0,8.4,multi
C:\Users\admin\Documents\GitHub\SensingRisk\sitelens\data\noto_crops\all\bldg_000930.png,20230303-49281-13461-s-8484,survived,0,136.89893389824553,37.39801248066472,"MULTIPOLYGON (((136.898957139 37.398031083, 136.898931139 37.397986306, 136.898910667 37.397993889, 136.898936639 37.398038639, 136.898957139 37.398031083)))",953.7265177609812,367.7774233178097,18.41941679008329,18.41941679008329,石川県、輪島市、鳳至町下町,0,0,0,8.4,multi
C:\Users\admin\Documents\GitHub\SensingRisk\sitelens\data\noto_crops\all\bldg_000931.png,20230303-49281-13461-s-8501,survived,0,136.8977556077804,37.398141161130795,"MULTIPOLYGON (((136.897842361 37.398191139, 136.897765111 37.398066389, 136.897664778 37.398105944, 136.897707778 37.398175389, 136.897737278 37.39816375, 136.897771306 37.398218694, 136.897842361 37.398191139)))",714.6202211097307,318.18136120334515,56.57178605753313,56.57178605753313,石川県、輪島市、鳳至町鳳至丁南鳳至本町,0,0,0,8.4,multi
C:\Users\admin\Documents\GitHub\SensingRisk\sitelens\data\noto_crops\all\bldg_000932.png,20230303-49281-13461-s-8502,survived,0,136.89839242942355,37.39812426893708,"MULTIPOLYGON (((136.898435139 37.398075917, 136.898318444 37.398120361, 136.898349694 37.398172611, 136.898466417 37.398128194, 136.898435139 37.398075917)))",841.3103114022149,330.06783045064583,41.37624972131516,41.37624972131516,石川県、輪島市、鳳至町鳳至丁南鳳至本町,0,0,0,8.4,multi
C:\Users\admin\Documents\GitHub\SensingRisk\sitelens\data\noto_crops\all\bldg_000933.png,20230303-49281-13461-s-8505,destroyed,1,136.89879235440114,37.39814630946913,"MULTIPOLYGON (((136.898846194 37.398137028, 136.898832694 37.398142611, 136.8988095 37.398106833, 136.898738056 37.398136361, 136.898770111 37.39818575, 136.898853917 37.398151111, 136.898846194 37.398137028)))",921.0281852934096,329.38879832350483,32.39708371692234,32.39708371692234,石川県、輪島市、鳳至町下町,0,0,0,8.4,multi
C:\Users\admin\Documents\GitHub\SensingRisk\sitelens\data\noto_crops\all\bldg_000934.png,20230303-49281-13461-s-8508,survived,0,136.8986775,37.3981868055,"MULTIPOLYGON (((136.898624417 37.398233444, 136.898756083 37.398180694, 136.898730583 37.398140167, 136.898598917 37.398192917, 136.898624417 37.398233444)))",893.1658432483673,314.10758401472947,43.946798833211346,43.946798833211346,石川県、輪島市、鳳至町下町,0,0,0,8.4,multi
C:\Users\admin\Documents\GitHub\SensingRisk\sitelens\data\noto_crops\all\bldg_000935.png,20230303-49281-13461-s-8509,survived,0,136.8981955098649,37.398226060273075,"MULTIPOLYGON (((136.898267917 37.398269583, 136.898196639 37.39814725, 136.898152667 37.398163528, 136.898158056 37.39817275, 136.898125333 37.398184889, 136.898175694 37.398271333, 136.898167889 37.398274222, 136.898184306 37.398302389, 136.898267917 37.398269583)))",798.1958483549012,299.859438890968,54.60359431133281,54.60359431133281,石川県、輪島市、鳳至町鳳至丁南鳳至本町,0,0,0,8.4,multi
C:\Users\admin\Documents\GitHub\SensingRisk\sitelens\data\noto_crops\all\bldg_000936.png,20230303-49281-13461-s-8511,survived,0,136.89911155563834,37.39820137728676,"MULTIPOLYGON (((136.899171639 37.398151944, 136.899120806 37.398173111, 136.899108722 37.398154639, 136.899024667 37.398189639, 136.899070361 37.3982595, 136.899202778 37.398204361, 136.899171639 37.398151944)))",971.555287859175,306.7406223417887,49.803445312711915,49.803445312711915,石川県、輪島市、鳳至町下町,0,0,0,8.4,multi
C:\Users\admin\Documents\GitHub\SensingRisk\sitelens\data\noto_crops\all\bldg_000937.png,20230303-49281-13461-s-8521,survived,0,136.89882500455568,37.39826328872126,"MULTIPOLYGON (((136.898853056 37.398280833, 136.898825583 37.398234861, 136.898796944 37.39824575, 136.898824444 37.398291722, 136.898853056 37.398280833)))",932.6286769981241,308.1274632684121,20.013117115685247,20.013117115685247,石川県、輪島市、鳳至町下町,0,0,0,8.4,multi
C:\Users\admin\Documents\GitHub\SensingRisk\sitelens\data\noto_crops\all\bldg_000938.png,20230303-49281-13461-s-8524,survived,0,136.89872832386337,37.39829852796457,"MULTIPOLYGON (((136.898678556 37.398347417, 136.898807222 37.398296444, 136.898778111 37.398249639, 136.898649417 37.398300611, 136.898678556 37.398347417)))",902.5499460061392,287.8032593613684,44.1254761748844,44.1254761748844,石川県、輪島市、鳳至町下町,0,0,0,8.4,multi
C:\Users\admin\Documents\GitHub\SensingRisk\sitelens\data\noto_crops\all\bldg_000939.png,20230303-49281-13461-s-8528,survived,0,136.89904122075114,37.398336950857505,"MULTIPOLYGON (((136.899103583 37.398365056, 136.899045639 37.398273139, 136.898996083 37.398293028, 136.899013361 37.398320444, 136.898985444 37.398331639, 136.899025278 37.398394861, 136.899103583 37.398365056)))",962.1345382302211,280.1217348712953,42.841959193837624,42.841959193837624,石川県、輪島市、鳳至町下町,0,0,0,8.4,multi
C:\Users\admin\Documents\GitHub\SensingRisk\sitelens\data\noto_crops\all\bldg_000940.png,20230303-49281-13461-s-8530,survived,0,136.89851213917882,37.398327847165994,"MULTIPOLYGON (((136.898562472 37.39828075, 136.898434556 37.398328139, 136.898461806 37.398374944, 136.898589722 37.398327556, 136.898562472 37.39828075)))",862.6199389086829,281.2926982934887,43.38755829599177,43.38755829599177,石川県、輪島市、鳳至町鳳至丁南鳳至本町,0,0,0,8.4,multi
C:\Users\admin\Documents\GitHub\SensingRisk\sitelens\data\noto_crops\all\bldg_000941.png,20230303-49281-13461-s-8535,survived,0,136.89807391521495,37.398348776691016,"MULTIPOLYGON (((136.898168917 37.398309028, 136.898091028 37.398336611, 136.898072306 37.398302944, 136.897981194 37.398335222, 136.898018667 37.398402556, 136.898189222 37.398342139, 136.898168917 37.398309028)))",775.6435889297062,268.0587218021618,58.168844832314335,58.168844832314335,石川県、輪島市、鳳至町鳳至丁南鳳至本町,0,0,0,8.4,multi
C:\Users\admin\Documents\GitHub\SensingRisk\sitelens\data\noto_crops\all\bldg_000942.png,20230303-49281-13461-s-8538,survived,0,136.8983211496802,37.398373952511,"MULTIPOLYGON (((136.898350806 37.398408972, 136.898342583 37.398394417, 136.898412389 37.398369278, 136.898393944 37.398336639, 136.898318194 37.398363889, 136.898296667 37.398325806, 136.898246 37.398344056, 136.89829425 37.398429389, 136.898350806 37.398408972)))",826.9475231965383,268.04996544916935,46.52573654916546,46.52573654916546,石川県、輪島市、鳳至町鳳至丁南鳳至本町,0,0,0,8.4,multi
C:\Users\admin\Documents\GitHub\SensingRisk\sitelens\data\noto_crops\all\bldg_000943.png,20230303-49281-13461-s-8539,survived,0,136.89854104685958,37.39837150528484,"MULTIPOLYGON (((136.898614972 37.398369917, 136.898591194 37.398330528, 136.898464444 37.398379194, 136.898483028 37.39841, 136.898614972 37.398369917)))",868.4076123979357,271.9882538939693,42.090679491890796,42.090679491890796,石川県、輪島市、鳳至町鳳至丁南鳳至本町,0,0,0,8.4,multi
C:\Users\admin\Documents\GitHub\SensingRisk\sitelens\data\noto_crops\all\bldg_000944.png,20230303-49281-13461-s-8550,survived,0,136.8984214306137,37.39840315276942,"MULTIPOLYGON (((136.898451361 37.398411861, 136.898433556 37.398379639, 136.8983915 37.398394444, 136.898409306 37.398426667, 136.898451361 37.398411861)))",858.3755126959659,276.287480068271,18.0578307774511,18.0578307774511,石川県、輪島市、鳳至町鳳至丁南鳳至本町,0,0,0,8.4,multi
C:\Users\admin\Documents\GitHub\SensingRisk\sitelens\data\noto_crops\all\bldg_000945.png,20230303-49281-13461-s-8514,survived,0,136.8984095707534,37.398264296024955,"MULTIPOLYGON (((136.898509361 37.398192694, 136.898293306 37.398275, 136.898333417 37.398343056, 136.898394 37.39832175, 136.898377528 37.398298694, 136.898538472 37.398241583, 136.898509361 37.398192694)))",832.0947264618344,282.7818410627003,68.55338230133054,68.55338230133054,石川県、輪島市、鳳至町鳳至丁南鳳至本町,0,0,0,8.4,multi
C:\Users\admin\Documents\GitHub\SensingRisk\sitelens\data\noto_crops\all\bldg_000946.png,20230303-49281-13461-s-8474,survived,0,136.8986299526709,37.39799246875159,"MULTIPOLYGON (((136.89855675 37.398059472, 136.898642944 37.398021833, 136.898634889 37.398010111, 136.898670111 37.39799475, 136.898676917 37.398004667, 136.898754667 37.397970722, 136.898722222 37.397923417, 136.898695611 37.397935028, 136.898700889 37.397942722, 136.898617861 37.397978972, 136.898605972 37.397961611, 136.898517667 37.398000139, 136.89855675 37.398059472)))",874.299211412006,348.7862188183186,66.2700031969282,66.2700031969282,石川県、輪島市、鳳至町下町,0,0,0,8.4,multi
C:\Users\admin\Documents\GitHub\SensingRisk\sitelens\data\noto_crops\all\bldg_000947.png,20230303-49281-13461-s-8438,survived,0,136.89881851383564,37.39780827758607,"MULTIPOLYGON (((136.898890278 37.397844833, 136.898816694 37.397740361, 136.89874675 37.397771722, 136.898820333 37.397876194, 136.898890278 37.397844833)))",917.0704885859349,400.5445426203863,48.71133787253336,48.71133787253336,石川県、輪島市、鳳至町下町,0,0,0,8.4,multi
C:\Users\admin\Documents\GitHub\SensingRisk\sitelens\data\noto_crops\all\bldg_000948.png,20230303-49281-13461-s-8487,survived,0,136.8979433549543,37.39805557334154,"MULTIPOLYGON (((136.897941222 37.398087111, 136.897953778 37.398106944, 136.898019694 37.398080389, 136.897970556 37.398002806, 136.897915778 37.398024861, 136.897908694 37.398013667, 136.897864583 37.398031444, 136.897907667 37.3980995, 136.897941222 37.398087111)))",756.371833923128,345.3515606537962,43.372179185019604,43.372179185019604,石川県、輪島市、鳳至町鳳至丁南鳳至本町,0,0,0,8.4,multi
C:\Users\admin\Documents\GitHub\SensingRisk\sitelens\data\noto_crops\all\bldg_000949.png,20230303-49281-13461-s-8516,survived,0,136.89800026880567,37.398267512008225,"MULTIPOLYGON (((136.898069444 37.398296, 136.898021222 37.398207694, 136.897931083 37.398239028, 136.897979333 37.398327333, 136.898069444 37.398296)))",766.740551390862,294.99069847129545,44.30531491448704,44.30531491448704,石川県、輪島市、鳳至町鳳至丁南鳳至本町,0,0,0,8.4,multi
C:\Users\admin\Documents\GitHub\SensingRisk\sitelens\data\noto_crops\all\bldg_000950.png,20230303-49281-13461-s-8486,survived,0,136.89868714735056,37.39802939281118,"MULTIPOLYGON (((136.898669972 37.398064306, 136.89869425 37.398053444, 136.898685083 37.398040417, 136.898732389 37.398019222, 136.898717444 37.397997972, 136.898645917 37.39803, 136.898669972 37.398064306)))",904.456561653754,359.75219655706593,25.709915318209255,25.709915318209255,石川県、輪島市、鳳至町下町,0,0,0,8.4,multi
C:\Users\admin\Documents\GitHub\SensingRisk\sitelens\data\noto_crops\all\bldg_000951.png,20230303-49281-13461-s-8443,survived,0,136.89906085791182,37.3977766737363,"MULTIPOLYGON (((136.899029417 37.397796278, 136.899092167 37.397796417, 136.899092306 37.397757083, 136.899029556 37.397756917, 136.899029417 37.397796278)))",977.8104864332412,423.5248982344106,17.585038948059037,17.585038948059037,石川県、輪島市、鳳至町下町,0,0,0,8.4,multi
C:\Users\admin\Documents\GitHub\SensingRisk\sitelens\data\noto_crops\all\bldg_000952.png,20230303-49281-13461-s-8462,survived,0,136.8978677058973,37.39793732498913,"MULTIPOLYGON (((136.897764639 37.398000306, 136.89789675 37.397950333, 136.897925167 37.397998139, 136.897994861 37.397971778, 136.897929444 37.397861722, 136.897727444 37.397938167, 136.897764639 37.398000306)))",725.5734324773154,358.7132529200717,74.77521285480918,74.77521285480918,石川県、輪島市、鳳至町鳳至丁南鳳至本町,0,0,0,8.4,multi
C:\Users\admin\Documents\GitHub\SensingRisk\sitelens\data\noto_crops\all\bldg_000953.png,20230303-49281-13461-s-8445,survived,0,136.8987162177255,37.397792112960204,"MULTIPOLYGON (((136.898744389 37.397804222, 136.898717611 37.397766611, 136.898688056 37.39778, 136.898714806 37.397817611, 136.898744389 37.397804222)))",913.0696777665785,419.4056176018043,18.57592416786406,18.57592416786406,石川県、輪島市、鳳至町下町,0,0,0,8.4,multi
C:\Users\admin\Documents\GitHub\SensingRisk\sitelens\data\noto_crops\all\bldg_000954.png,20230303-49281-13461-s-8439,survived,0,136.8981572771501,37.39783197241378,"MULTIPOLYGON (((136.898078639 37.397909, 136.898175917 37.397869722, 136.898189111 37.3978905, 136.898283694 37.397852278, 136.8982175 37.397747944, 136.898026694 37.397825, 136.898078639 37.397909)))",781.8431430657705,384.2304941459639,71.86240853733489,71.86240853733489,石川県、輪島市、鳳至町鳳至丁南鳳至本町,0,0,0,8.4,multi
C:\Users\admin\Documents\GitHub\SensingRisk\sitelens\data\noto_crops\all\bldg_000955.png,20230303-49281-13461-s-8468,survived,0,136.8982109871544,37.39795868946988,"MULTIPOLYGON (((136.898173139 37.39803275, 136.898292111 37.397979972, 136.898238667 37.397886861, 136.898175444 37.397904, 136.898183194 37.397916889, 136.898134611 37.3979355, 136.898166167 37.397987917, 136.898149528 37.397994278, 136.898173139 37.39803275)))",802.2623937318637,362.99004561713605,52.710136598365864,52.710136598365864,石川県、輪島市、鳳至町鳳至丁南鳳至本町,0,0,0,8.4,multi
C:\Users\admin\Documents\GitHub\SensingRisk\sitelens\data\noto_crops\all\bldg_000956.png,20230303-49281-13461-s-8483,survived,0,136.89827843049997,37.39804205550001,"MULTIPOLYGON (((136.89821025 37.398100194, 136.898377111 37.398030222, 136.898346611 37.397983917, 136.89817975 37.398053889, 136.89821025 37.398100194)))",813.1542282687293,342.4525980307915,55.18613545099902,55.18613545099902,石川県、輪島市、鳳至町鳳至丁南鳳至本町,0,0,0,8.4,multi
C:\Users\admin\Documents\GitHub\SensingRisk\sitelens\data\noto_crops\all\bldg_000957.png,20230303-49281-13461-s-8489,survived,0,136.8978220606698,37.39804672081152,"MULTIPOLYGON (((136.897806889 37.398082583, 136.897866722 37.398059472, 136.89783725 37.398010861, 136.897777389 37.398033972, 136.897806889 37.398082583)))",742.017913009097,355.2957838604732,27.30983370402822,27.30983370402822,石川県、輪島市、鳳至町鳳至丁南鳳至本町,0,0,0,8.4,multi
C:\Users\admin\Documents\GitHub\SensingRisk\sitelens\data\noto_crops\all\bldg_000958.png,20230303-49281-13461-s-8458,survived,0,136.8979948897079,37.397885060489855,"MULTIPOLYGON (((136.898049861 37.397910167, 136.898003056 37.397834944, 136.897939917 37.397859972, 136.897986722 37.397935167, 136.898049861 37.397910167)))",769.683561305234,388.6769658479401,36.415536257898,36.415536257898,石川県、輪島市、鳳至町鳳至丁南鳳至本町,0,0,0,8.4,multi
C:\Users\admin\Documents\GitHub\SensingRisk\sitelens\data\noto_crops\all\bldg_000959.png,20230303-49281-13461-s-8497,survived,0,136.89815251381987,37.39809240303563,"MULTIPOLYGON (((136.898196056 37.398102528, 136.898165583 37.39805775, 136.898108972 37.398082278, 136.898139444 37.398127056, 136.898196056 37.398102528)))",804.0352203604357,344.9924009627579,26.479077519951375,26.479077519951375,石川県、輪島市、鳳至町鳳至丁南鳳至本町,0,0,0,8.4,multi
C:\Users\admin\Documents\GitHub\SensingRisk\sitelens\data\noto_crops\all\bldg_000960.png,20230303-49281-13461-s-8523,survived,0,136.89850937515982,37.39827666666894,"MULTIPOLYGON (((136.898476972 37.39831, 136.89856225 37.398277417, 136.898541778 37.398243333, 136.8984565 37.398275917, 136.898476972 37.39831)))",869.0135495132871,300.2107401162173,29.569843196868874,29.569843196868874,石川県、輪島市、鳳至町鳳至丁南鳳至本町,0,0,0,8.4,multi
C:\Users\admin\Documents\GitHub\SensingRisk\sitelens\data\noto_crops\all\bldg_000961.png,20230303-49281-13461-s-8498,survived,0,136.89787362734322,37.39813149073747,"MULTIPOLYGON (((136.897886472 37.398182, 136.897898333 37.398200722, 136.897930083 37.398187917, 136.897919278 37.398170917, 136.897937194 37.398163694, 136.897873778 37.398063611, 136.897804611 37.398091528, 136.89786625 37.398188806, 136.897886472 37.398182)))",740.6493915795401,324.7725040447091,48.25835811844496,48.25835811844496,石川県、輪島市、鳳至町鳳至丁南鳳至本町,0,0,0,8.4,multi
C:\Users\admin\Documents\GitHub\SensingRisk\sitelens\data\noto_crops\all\bldg_000962.png,20230303-49281-13461-s-8472,survived,0,136.89878583733105,37.39793733776345,"MULTIPOLYGON (((136.898771028 37.397970333, 136.898829389 37.397946611, 136.898795167 37.397906, 136.898746667 37.397922861, 136.898771028 37.397970333)))",923.3429371462631,382.0223518707785,24.800436157709896,24.800436157709896,石川県、輪島市、鳳至町下町,0,0,0,8.4,multi
C:\Users\admin\Documents\GitHub\SensingRisk\sitelens\data\noto_crops\all\bldg_000963.png,20230303-49281-13461-s-8494,destroyed,1,136.89858937845636,37.39807577841648,"MULTIPOLYGON (((136.898540417 37.398112861, 136.898655639 37.398065444, 136.898638361 37.398038694, 136.898523111 37.398086111, 136.898540417 37.398112861)))",880.1827946503957,343.6042519824456,37.0575146993001,37.0575146993001,石川県、輪島市、鳳至町下町,0,0,0,8.4,multi
C:\Users\admin\Documents\GitHub\SensingRisk\sitelens\data\noto_crops\all\bldg_000964.png,20230303-49281-13461-s-8459,survived,0,136.89917261801443,37.39785947018028,"MULTIPOLYGON (((136.899189111 37.397846694, 136.899156222 37.397846611, 136.899156139 37.39787225, 136.899189 37.397872333, 136.899189111 37.397846694)))",1002.4853107281177,407.9358206406103,9.903843256967207,9.903843256967207,石川県、輪島市、鳳至町下町,0,0,0,8.4,multi
C:\Users\admin\Documents\GitHub\SensingRisk\sitelens\data\noto_crops\all\bldg_000965.png,20230303-49281-13461-s-8537,survived,0,136.89895736592197,37.39836967175528,"MULTIPOLYGON (((136.898997806 37.398405694, 136.89896375 37.398321583, 136.898916917 37.398333639, 136.898951 37.398417778, 136.898997806 37.398405694)))",950.3805411025108,276.24184186036007,33.85733281157667,33.85733281157667,石川県、輪島市、鳳至町下町,0,0,0,8.4,multi
C:\Users\admin\Documents\GitHub\SensingRisk\sitelens\data\noto_crops\all\bldg_000966.png,20230303-49281-13461-s-8532,survived,0,136.89914230226108,37.39832974255384,"MULTIPOLYGON (((136.899190556 37.398345111, 136.899157861 37.398290194, 136.899094056 37.398314389, 136.899126722 37.398369278, 136.899190556 37.398345111)))",986.8462976950934,287.6041719867086,29.878126834790464,29.878126834790464,石川県、輪島市、鳳至町下町,0,0,0,8.4,multi
C:\Users\admin\Documents\GitHub\SensingRisk\sitelens\data\noto_crops\all\bldg_000967.png,20230303-49281-13461-s-8544,survived,0,136.89876784667482,37.39838700979151,"MULTIPOLYGON (((136.898730167 37.398423333, 136.898826667 37.398382417, 136.898805556 37.398350694, 136.898709028 37.398391583, 136.898730167 37.398423333)))",915.5341130892436,272.6563039314922,32.89424854914341,32.89424854914341,石川県、輪島市、鳳至町下町,0,0,0,8.4,multi
C:\Users\admin\Documents\GitHub\SensingRisk\sitelens\data\noto_crops\all\bldg_000968.png,20230303-49281-13461-s-8522,survived,0,136.8975099072272,37.398290372615904,"MULTIPOLYGON (((136.897563972 37.398318361, 136.897511222 37.398238972, 136.897455833 37.398262389, 136.897508611 37.398341778, 136.897563972 37.398318361)))",679.0783655911089,293.3741203772536,36.8098550738095,36.8098550738095,石川県、輪島市、鳳至町鳳至丁南鳳至本町,0,0,0,8.4,multi
C:\Users\admin\Documents\GitHub\SensingRisk\sitelens\data\noto_crops\all\bldg_000969.png,20230303-49281-13461-s-8478,survived,0,136.89898445173367,37.397982038263606,"MULTIPOLYGON (((136.89903775 37.398008194, 136.898998917 37.397940806, 136.898977472 37.397948667, 136.898970194 37.397936056, 136.898930972 37.397950417, 136.89897775 37.398031583, 136.89903775 37.398008194)))",954.8711750110489,366.23927489860887,34.94220817344035,34.94220817344035,石川県、輪島市、鳳至町下町,0,0,0,8.4,multi
C:\Users\admin\Documents\GitHub\SensingRisk\sitelens\data\noto_crops\all\bldg_000970.png,manual,survived,0,136.89753501495773,37.39708280226371,"MULTIPOLYGON (((136.89760528028083 37.39700449198972, 136.89765487345883 37.39709477208281, 136.8974583885089 37.397157611560786, 136.89741427306723 37.39707681918534, 136.89760528028083 37.39700449198972)))",668.4438838534885,561.9008074254398,67.2767456637489,67.2767456637489,石川県、輪島市、鳳至町上町,0,0,0,8.4,multi
C:\Users\admin\Documents\GitHub\SensingRisk\sitelens\data\noto_crops\all\bldg_000971.png,20230303-49281-13461-s-8259,survived,0,136.8975747400834,37.396937595139526,"MULTIPOLYGON (((136.897499972 37.396994694, 136.89768175 37.396928333, 136.897653694 37.396879389, 136.897464 37.396948639, 136.897499972 37.396994694)))",678.77856142256,598.8866342614845,60.88731306923762,60.88731306923762,石川県、輪島市、鳳至町上町,0,0,0,8.4,multi
C:\Users\admin\Documents\GitHub\SensingRisk\sitelens\data\noto_crops\all\bldg_000972.png,20230303-49281-13461-s-8242,survived,0,136.89754720285617,37.39682054539209,"MULTIPOLYGON (((136.897487306 37.396822889, 136.897504222 37.396852722, 136.89760625 37.396819333, 136.897589611 37.396787833, 136.897487306 37.396822889)))",687.7278080516392,640.0986567251236,33.25915300581187,33.25915300581187,石川県、輪島市、鳳至町住吉区，末広北,0,0,0,8.4,multi
C:\Users\admin\Documents\GitHub\SensingRisk\sitelens\data\noto_crops\all\bldg_000973.png,20230303-49281-13461-s-8155,survived,0,136.89768521844027,37.39649260895569,"MULTIPOLYGON (((136.897624833 37.396547333, 136.897792389 37.396489917, 136.897774583 37.396455889, 136.89773475 37.396469278, 136.897718694 37.396442056, 136.897589944 37.396487056, 136.897624833 37.396547333)))",702.9694893625048,704.8203857451766,56.607724883821334,56.607724883821334,石川県、輪島市、鳳至町住吉区，末広北,0,0,0,8.4,multi
C:\Users\admin\Documents\GitHub\SensingRisk\sitelens\data\noto_crops\all\bldg_000974.png,20230303-49281-13461-s-8311,survived,0,136.8976419166721,37.39718241649549,"MULTIPOLYGON (((136.897616528 37.397203583, 136.897678611 37.397183444, 136.897667306 37.39716125, 136.897605222 37.397181389, 136.897616528 37.397203583)))",711.8319605085585,561.4940555903675,20.521051751242794,20.521051751242794,石川県、輪島市、鳳至町上町,0,0,0,8.4,multi
C:\Users\admin\Documents\GitHub\SensingRisk\sitelens\data\noto_crops\all\bldg_000975.png,20230303-49281-13461-s-8379,survived,0,136.8976736635145,37.39749559326193,"MULTIPOLYGON (((136.897734139 37.397517722, 136.897695417 37.397452528, 136.897662694 37.397464917, 136.897654361 37.397450917, 136.897613333 37.397466417, 136.897660556 37.397545917, 136.897734139 37.397517722)))",709.7919000219061,479.3748691306313,36.46434215623378,36.46434215623378,石川県、輪島市、鳳至町上町,0,0,0,8.4,multi
C:\Users\admin\Documents\GitHub\SensingRisk\sitelens\data\noto_crops\all\bldg_000976.png,20230303-49281-13461-s-8289,survived,0,136.89774032055013,37.397114929591616,"MULTIPOLYGON (((136.897700306 37.397173972, 136.897826722 37.397131333, 136.897776944 37.397053722, 136.89765425 37.39710175, 136.897700306 37.397173972)))",716.2418486314325,563.6186615179913,48.45064866596283,48.45064866596283,石川県、輪島市、鳳至町上町,0,0,0,8.4,multi
C:\Users\admin\Documents\GitHub\SensingRisk\sitelens\data\noto_crops\all\bldg_000977.png,20230303-49281-13461-s-8347,survived,0,136.89771834541364,37.39736314905466,"MULTIPOLYGON (((136.897671361 37.397343306, 136.897713472 37.397404639, 136.897764556 37.397384528, 136.897724417 37.39732125, 136.897671361 37.397343306)))",721.0174829076038,514.1445554882162,30.500519372958593,30.500519372958593,石川県、輪島市、鳳至町上町,0,0,0,8.4,multi
C:\Users\admin\Documents\GitHub\SensingRisk\sitelens\data\noto_crops\all\bldg_000978.png,20230303-49281-13461-s-8403,survived,0,136.8977266945,37.39757011099999,"MULTIPOLYGON (((136.897762056 37.397588028, 136.897726083 37.397536694, 136.897691333 37.397552194, 136.897727306 37.397603528, 136.897762056 37.397588028)))",725.9064835260359,468.79472393462356,23.97953500680518,23.97953500680518,石川県、輪島市、鳳至町上町,0,0,0,8.4,multi
C:\Users\admin\Documents\GitHub\SensingRisk\sitelens\data\noto_crops\all\bldg_000979.png,20230303-49281-13461-s-8312,survived,0,136.897813327637,37.39722008982149,"MULTIPOLYGON (((136.897745194 37.397202778, 136.897787361 37.397274306, 136.897881611 37.397238139, 136.897838556 37.397165333, 136.897745194 37.397202778)))",733.2725282536145,542.1909359146742,41.574530993661256,41.574530993661256,石川県、輪島市、鳳至町上町,0,0,0,8.4,multi
C:\Users\admin\Documents\GitHub\SensingRisk\sitelens\data\noto_crops\all\bldg_000980.png,20230303-49281-13461-s-8404,survived,0,136.8977908750323,37.397560361180936,"MULTIPOLYGON (((136.897785944 37.397583639, 136.897816778 37.397571806, 136.897795806 37.397537083, 136.897764972 37.397548917, 136.897785944 37.397583639)))",741.3593377603447,474.5712423506178,17.00205123424081,17.00205123424081,石川県、輪島市、鳳至町上町,0,0,0,8.4,multi
C:\Users\admin\Documents\GitHub\SensingRisk\sitelens\data\noto_crops\all\bldg_000981.png,20230303-49281-13461-s-8244,survived,0,136.8978469203675,37.396833468729106,"MULTIPOLYGON (((136.897809694 37.396873222, 136.897911444 37.396835278, 136.897888 37.39679525, 136.897832583 37.396815889, 136.897829528 37.396810639, 136.897784528 37.396827417, 136.897809694 37.396873222)))",742.7624825265673,635.7088156081636,35.488285764058446,35.488285764058446,石川県、輪島市、鳳至町横町，住吉区,0,0,0,8.4,multi
C:\Users\admin\Documents\GitHub\SensingRisk\sitelens\data\noto_crops\all\bldg_000982.png,20230303-49281-13461-s-8353,survived,0,136.89790393084036,37.39741997109273,"MULTIPOLYGON (((136.897834889 37.397480306, 136.897870722 37.397466028, 136.897853556 37.397438611, 136.897892306 37.397423194, 136.89794325 37.397504556, 136.897998444 37.397482556, 136.8979815 37.397455528, 136.898004667 37.397446306, 136.897937722 37.397339361, 136.897783 37.397401, 136.897834889 37.397480306)))",736.669038153844,483.1633684017776,64.76836141780302,64.76836141780302,石川県、輪島市、鳳至町上町,0,0,0,8.4,multi
C:\Users\admin\Documents\GitHub\SensingRisk\sitelens\data\noto_crops\all\bldg_000983.png,20230303-49281-13461-s-8398,survived,0,136.8978383334478,37.39754745831339,"MULTIPOLYGON (((136.897829917 37.397571111, 136.897866139 37.397558083, 136.89784675 37.397523806, 136.897810528 37.397536833, 136.897829917 37.397571111)))",749.8951644309707,477.2876543438994,17.624209129476526,17.624209129476526,石川県、輪島市、鳳至町上町,0,0,0,8.4,multi
C:\Users\admin\Documents\GitHub\SensingRisk\sitelens\data\noto_crops\all\bldg_000984.png,20230303-49281-13461-s-8393,survived,0,136.897897736,37.3975195555,"MULTIPOLYGON (((136.897884694 37.397546917, 136.897932889 37.397527944, 136.897910778 37.397492194, 136.897862583 37.397511167, 136.897884694 37.397546917)))",759.236276903697,482.10260268499945,21.08884137150676,21.08884137150676,石川県、輪島市、鳳至町上町,0,0,0,8.4,multi
C:\Users\admin\Documents\GitHub\SensingRisk\sitelens\data\noto_crops\all\bldg_000985.png,20230303-49281-13461-s-8247,survived,0,136.89800533397468,37.39686609553927,"MULTIPOLYGON (((136.898101083 37.396867306, 136.898060972 37.396802833, 136.89792 37.396853528, 136.897937528 37.39688025, 136.897920972 37.396887167, 136.897946194 37.396933111, 136.898101083 37.396867306)))",764.9022095115126,619.630059648574,51.813914809397716,51.813914809397716,石川県、輪島市、鳳至町横町，住吉区,0,0,0,8.4,multi
C:\Users\admin\Documents\GitHub\SensingRisk\sitelens\data\noto_crops\all\bldg_000986.png,20230303-49281-13461-s-8292,destroyed,1,136.89806997087467,37.397156497130005,"MULTIPOLYGON (((136.898013056 37.39725275, 136.898115556 37.3972065, 136.898088111 37.39716775, 136.898201028 37.397123833, 136.898168389 37.39706475, 136.897950639 37.397154861, 136.898013056 37.39725275)))",766.2359124290638,540.5632122438293,73.48913090473582,73.48913090473582,石川県、輪島市、鳳至町横町，住吉区,0,0,0,8.4,multi
C:\Users\admin\Documents\GitHub\SensingRisk\sitelens\data\noto_crops\all\bldg_000987.png,20230303-49281-13461-s-8359,survived,0,136.8981203178854,37.39739874904913,"MULTIPOLYGON (((136.898167111 37.397420583, 136.898131444 37.397368056, 136.898076806 37.397390583, 136.898090167 37.397416833, 136.898167111 37.397420583)))",798.9532469961379,509.40731353696657,25.25110817485381,25.25110817485381,石川県、輪島市、鳳至町横町，住吉区,0,0,0,8.4,multi
C:\Users\admin\Documents\GitHub\SensingRisk\sitelens\data\noto_crops\all\bldg_000988.png,20230303-49281-13461-s-8233,survived,0,136.89815655437576,37.39680268905509,"MULTIPOLYGON (((136.898121278 37.396859028, 136.898225278 37.396818111, 136.89819425 37.396767917, 136.898173722 37.396776, 136.898158222 37.396750917, 136.898093722 37.396776306, 136.89813 37.396835028, 136.898114 37.396841333, 136.898121278 37.396859028)))",798.1760606820313,639.9184725396393,40.801966460229096,40.801966460229096,石川県、輪島市、鳳至町横町，住吉区,0,0,0,8.4,multi
C:\Users\admin\Documents\GitHub\SensingRisk\sitelens\data\noto_crops\all\bldg_000989.png,20230303-49281-13461-s-8336,survived,0,136.89819754224396,37.39735961756958,"MULTIPOLYGON (((136.898181278 37.397422417, 136.898256861 37.397390389, 136.898187722 37.397286528, 136.898148194 37.397303278, 136.898187861 37.397362889, 136.898152111 37.397378028, 136.898181278 37.397422417)))",802.6838231938224,507.4685889308453,47.82825612946198,47.82825612946198,石川県、輪島市、鳳至町横町，住吉区,0,0,0,8.4,multi
C:\Users\admin\Documents\GitHub\SensingRisk\sitelens\data\noto_crops\all\bldg_000990.png,20230303-49281-13461-s-8174,survived,0,136.89812345775076,37.39657449265464,"MULTIPOLYGON (((136.898106417 37.396630111, 136.89817975 37.396601056, 136.898125056 37.396513194, 136.898077472 37.396532056, 136.898104667 37.39657575, 136.898077444 37.396586528, 136.898106417 37.396630111)))",792.2409249837201,694.4911525408394,41.15076438552774,41.15076438552774,石川県、輪島市、鳳至町横町，住吉区,0,0,0,8.4,multi
C:\Users\admin\Documents\GitHub\SensingRisk\sitelens\data\noto_crops\all\bldg_000991.png,20230303-49281-13461-s-8329,survived,0,136.89762752657913,37.39728937379889,"MULTIPOLYGON (((136.897601722 37.397343111, 136.897700583 37.397306278, 136.897651528 37.397234639, 136.897555 37.397273778, 136.897601722 37.397343111)))",698.1932221559539,525.5085867837442,42.532346764964245,42.532346764964245,石川県、輪島市、鳳至町上町,0,0,0,8.4,multi
C:\Users\admin\Documents\GitHub\SensingRisk\sitelens\data\noto_crops\all\bldg_000992.png,20230303-49281-13461-s-8223,survived,0,136.89809043323268,37.39673596214654,"MULTIPOLYGON (((136.898054333 37.396779583, 136.898162083 37.396735139, 136.898121889 37.396692111, 136.89802075 37.396737361, 136.898054333 37.396779583)))",786.1255740536584,656.7795365051342,39.51957114537561,39.51957114537561,石川県、輪島市、鳳至町横町，住吉区,0,0,0,8.4,multi
C:\Users\admin\Documents\GitHub\SensingRisk\sitelens\data\noto_crops\all\bldg_000993.png,20230303-49281-13461-s-8360,survived,0,136.89757638223765,37.397415248854,"MULTIPOLYGON (((136.897509417 37.397405722, 136.897543139 37.397462083, 136.897644417 37.397423139, 136.897609222 37.39736925, 136.897509417 37.397405722)))",691.1013333691491,498.1495595648984,37.74873600006106,37.74873600006106,石川県、輪島市、鳳至町上町,0,0,0,8.4,multi
C:\Users\admin\Documents\GitHub\SensingRisk\sitelens\data\noto_crops\all\bldg_000994.png,20230303-49281-13461-s-8207,survived,0,136.89776542255467,37.39667852586712,"MULTIPOLYGON (((136.897708639 37.396726944, 136.897846167 37.396671583, 136.897820278 37.396630639, 136.897686361 37.396684583, 136.897708639 37.396726944)))",722.9300422880385,667.5845401931293,44.68499634000989,44.68499634000989,石川県、輪島市、鳳至町横町，住吉区,0,0,0,8.4,multi
C:\Users\admin\Documents\GitHub\SensingRisk\sitelens\data\noto_crops\all\bldg_000995.png,20230303-49281-13461-s-8232,survived,0,136.89796081125692,37.396790824567375,"MULTIPOLYGON (((136.897935361 37.396831167, 136.898018417 37.396799167, 136.897982722 37.396749028, 136.897904167 37.396784611, 136.897935361 37.396831167)))",765.2896813365958,647.4710681352649,32.677426730299885,32.677426730299885,石川県、輪島市、鳳至町横町，住吉区,0,0,0,8.4,multi
C:\Users\admin\Documents\GitHub\SensingRisk\sitelens\data\noto_crops\all\bldg_000996.png,20230303-49281-13461-s-8272,survived,0,136.8981253136676,37.396963698830916,"MULTIPOLYGON (((136.898098389 37.396999611, 136.898176917 37.396971194, 136.89815225 37.396927778, 136.898073694 37.396956222, 136.898098389 37.396999611)))",797.7199871156165,608.5935910271043,28.965479980531768,28.965479980531768,石川県、輪島市、鳳至町横町，住吉区,0,0,0,8.4,multi
C:\Users\admin\Documents\GitHub\SensingRisk\sitelens\data\noto_crops\all\bldg_000997.png,20230303-49281-13461-s-8279,survived,0,136.89797926832992,37.39702595464687,"MULTIPOLYGON (((136.897912806 37.397079083, 136.898081889 37.3970145, 136.898057806 37.396974389, 136.897960694 37.3970115, 136.897954306 37.397000861, 136.897883806 37.397027806, 136.897912806 37.397079083)))",757.9526205009885,580.5900266243582,55.3880212783813,55.3880212783813,石川県、輪島市、鳳至町横町，住吉区,0,0,0,8.4,multi
C:\Users\admin\Documents\GitHub\SensingRisk\sitelens\data\noto_crops\all\bldg_000998.png,20230303-49281-13461-s-8331,survived,0,136.89785326401264,37.39731604241724,"MULTIPOLYGON (((136.897808583 37.397373083, 136.897843333 37.397358944, 136.897851444 37.397371694, 136.897939944 37.397335778, 136.897886056 37.397251278, 136.897766333 37.397299889, 136.897808583 37.397373083)))",736.9925463725863,516.8316956752266,48.94914930732955,48.94914930732955,石川県、輪島市、鳳至町上町,0,0,0,8.4,multi
C:\Users\admin\Documents\GitHub\SensingRisk\sitelens\data\noto_crops\all\bldg_000999.png,20230303-49281-13461-s-8330,survived,0,136.89809908330608,37.397304587452226,"MULTIPOLYGON (((136.898074639 37.397372694, 136.898147944 37.397345444, 136.898115 37.397289056, 136.898180639 37.397264667, 136.898164417 37.397236861, 136.898026417 37.397288139, 136.898074639 37.397372694)))",783.1601178783447,518.0603489945228,49.96597798037453,49.96597798037453,石川県、輪島市、鳳至町横町，住吉区,0,0,0,8.4,multi
C:\Users\admin\Documents\GitHub\SensingRisk\sitelens\data\noto_crops\all\bldg_001000.png,20230303-49281-13461-s-8256,survived,0,136.89812387829772,37.39690048064184,"MULTIPOLYGON (((136.898094139 37.396934639, 136.898174944 37.396902056, 136.898152444 37.396866583, 136.898073778 37.396898333, 136.898094139 37.396934639)))",797.8826275931465,623.7344478565356,28.28806390232512,28.28806390232512,石川県、輪島市、鳳至町横町，住吉区,0,0,0,8.4,multi
C:\Users\admin\Documents\GitHub\SensingRisk\sitelens\data\noto_crops\all\bldg_001001.png,20230303-49281-13461-s-8388,survived,0,136.8977948473866,37.39749772231662,"MULTIPOLYGON (((136.897769389 37.397531389, 136.897843306 37.397504861, 136.897820306 37.397464056, 136.897746389 37.397490583, 136.897769389 37.397531389)))",737.0160153547677,484.1851245964104,27.169751389870612,27.169751389870612,石川県、輪島市、鳳至町上町,0,0,0,8.4,multi
C:\Users\admin\Documents\GitHub\SensingRisk\sitelens\data\noto_crops\all\bldg_001002.png,20230303-49281-13461-s-8262,survived,0,136.89822082805955,37.396931759957475,"MULTIPOLYGON (((136.898201028 37.396972028, 136.898273444 37.396942472, 136.898240722 37.396891472, 136.898168139 37.396921111, 136.898201028 37.396972028)))",814.3743368671333,614.9436374192801,31.25654152380207,31.25654152380207,石川県、輪島市、鳳至町横町，住吉区,0,0,0,8.4,multi
C:\Users\admin\Documents\GitHub\SensingRisk\sitelens\data\noto_crops\all\bldg_001003.png,20230303-49281-13461-s-8239,survived,0,136.89759497619195,37.396836629880546,"MULTIPOLYGON (((136.897669389 37.396834139, 136.897639694 37.396778056, 136.897605306 37.396789889, 136.897620111 37.396822111, 136.897500444 37.39686, 136.897512306 37.396885056, 136.897669389 37.396834139)))",687.8466932720609,630.4615807542041,47.240445952945265,47.240445952945265,石川県、輪島市、鳳至町住吉区，末広北,0,0,0,8.4,multi
C:\Users\admin\Documents\GitHub\SensingRisk\sitelens\data\noto_crops\all\bldg_001004.png,20230303-49281-13461-s-8251,survived,0,136.89821674854008,37.396861139580146,"MULTIPOLYGON (((136.8981845 37.396903028, 136.898277528 37.396866472, 136.898248444 37.396819361, 136.898156417 37.396855528, 136.8981845 37.396903028)))",812.3581493695577,630.1947699892523,33.86509011586509,33.86509011586509,石川県、輪島市、鳳至町横町，住吉区,0,0,0,8.4,multi
C:\Users\admin\Documents\GitHub\SensingRisk\sitelens\data\noto_crops\all\bldg_001005.png,20230303-49281-13461-s-8943,survived,0,136.89798952241333,37.3970816987218,"MULTIPOLYGON (((136.897970972 37.397114972, 136.898033056 37.3970865, 136.898005972 37.397048889, 136.897947583 37.397075639, 136.897970972 37.397114972)))",774.2726052998648,582.5660853969778,25.533815188047697,25.533815188047697,石川県、輪島市、鳳至町横町，住吉区,0,0,0,8.4,multi
C:\Users\admin\Documents\GitHub\SensingRisk\sitelens\data\noto_crops\all\bldg_001006.png,20230303-49281-13461-s-8368,survived,0,136.89773727681478,37.39743775864291,"MULTIPOLYGON (((136.897776278 37.3974495, 136.897746556 37.397405333, 136.897698278 37.397426, 136.897728 37.397470194, 136.897776278 37.3974495)))",727.6839913399081,499.6538376107384,24.370334168726913,24.370334168726913,石川県、輪島市、鳳至町上町,0,0,0,8.4,multi
C:\Users\admin\Documents\GitHub\SensingRisk\sitelens\data\noto_crops\all\bldg_001007.png,20230303-49281-13461-s-8235,survived,0,136.89747843172364,37.396781536067884,"MULTIPOLYGON (((136.897449833 37.396809806, 136.897523111 37.3967885, 136.897507056 37.396753278, 136.89743375 37.396774556, 136.897449833 37.396809806)))",679.1229137844509,653.3237027541072,24.98714664247302,24.98714664247302,石川県、輪島市、鳳至町住吉区，末広北,0,0,0,8.4,multi
C:\Users\admin\Documents\GitHub\SensingRisk\sitelens\data\noto_crops\all\bldg_001008.png,20230303-49281-13461-s-8378,survived,0,136.89746056456133,37.397483625434056,"MULTIPOLYGON (((136.897414583 37.397479083, 136.897439833 37.397516694, 136.897506556 37.397488167, 136.897481278 37.397450556, 136.897414583 37.397479083)))",675.1322989994364,487.9232341256758,26.309312767304846,26.309312767304846,石川県、輪島市、鳳至町上町,0,0,0,8.4,multi
C:\Users\admin\Documents\GitHub\SensingRisk\sitelens\data\noto_crops\all\bldg_001009.png,20230303-49281-13461-s-8335,survived,0,136.8975200008609,37.39732340756973,"MULTIPOLYGON (((136.897477222 37.397303389, 136.897512111 37.397362472, 136.897562778 37.397343444, 136.897527889 37.397284333, 136.897477222 37.397303389)))",685.1793945994305,524.4868892477605,28.372417912285755,28.372417912285755,石川県、輪島市、鳳至町上町,0,0,0,8.4,multi
C:\Users\admin\Documents\GitHub\SensingRisk\sitelens\data\noto_crops\all\bldg_001010.png,20230303-49281-13461-s-8226,survived,0,136.89756799036326,37.396753847411865,"MULTIPOLYGON (((136.897510833 37.39675475, 136.897527833 37.396786306, 136.897625139 37.396752944, 136.897608167 37.396721389, 136.897510833 37.39675475)))",692.329705201255,656.3344802151341,31.96227420171101,31.96227420171101,石川県、輪島市、鳳至町住吉区，末広北,0,0,0,8.4,multi
C:\Users\admin\Documents\GitHub\SensingRisk\sitelens\data\noto_crops\all\bldg_001011.png,20230303-49281-13461-s-8316,survived,0,136.89820328418114,37.397199862780006,"MULTIPOLYGON (((136.898196972 37.397216222, 136.898224667 37.397204972, 136.898210833 37.397183333, 136.898181028 37.397195444, 136.898196972 37.397216222)))",820.2390998795197,561.2624276764128,12.837007409751664,12.837007409751664,石川県、輪島市、鳳至町横町，住吉区,0,0,0,8.4,multi
C:\Users\admin\Documents\GitHub\SensingRisk\sitelens\data\noto_crops\all\bldg_001012.png,20230303-49281-13461-s-7694,survived,0,136.8975904526696,37.39447708250077,"MULTIPOLYGON (((136.897587667 37.39440925, 136.897523361 37.394426972, 136.897574556 37.394521861, 136.897607472 37.394510028, 136.897641639 37.394562556, 136.897663333 37.394555444, 136.897587667 37.39440925)))",686.0592546901665,1177.495391283307,53.95844132869206,53.95844132869206,石川県、輪島市、新橋通,0,0,0,8.4,multi
C:\Users\admin\Documents\GitHub\SensingRisk\sitelens\data\noto_crops\all\bldg_001013.png,20230303-49281-13461-s-7669,destroyed,1,136.89767079664264,37.394378308783025,"MULTIPOLYGON (((136.89768925 37.39440425, 136.897762056 37.394370139, 136.897713722 37.394304444, 136.897580333 37.394366917, 136.897648 37.394458861, 136.897707861 37.394432167, 136.89768925 37.39440425)))",698.7737680588478,1200.159806752615,57.55306620710803,57.55306620710803,石川県、輪島市、新橋通,0,0,0,8.4,multi
C:\Users\admin\Documents\GitHub\SensingRisk\sitelens\data\noto_crops\all\bldg_001014.png,20230303-49281-13461-s-7715,survived,0,136.89770785128096,37.39451301811634,"MULTIPOLYGON (((136.8977525 37.394534056, 136.897717639 37.394471139, 136.897662833 37.394490472, 136.897699194 37.394556111, 136.8977525 37.394534056)))",719.1201503110278,1182.7407935769552,30.458048853805167,30.458048853805167,石川県、輪島市、新橋通,0,0,0,8.4,multi
C:\Users\admin\Documents\GitHub\SensingRisk\sitelens\data\noto_crops\all\bldg_001015.png,20230303-49281-13461-s-7618,survived,0,136.89775305246093,37.39415011549844,"MULTIPOLYGON (((136.897685111 37.394196083, 136.897831861 37.394181389, 136.897821028 37.3941125, 136.897787306 37.394115861, 136.897784917 37.394100639, 136.897708778 37.39410825, 136.897711528 37.39412575, 136.897674889 37.394129417, 136.897685111 37.394196083)))",720.9235804610782,1261.7304552242767,43.89255249765188,43.89255249765188,石川県、輪島市、新橋通,0,0,0,8.4,multi
C:\Users\admin\Documents\GitHub\SensingRisk\sitelens\data\noto_crops\all\bldg_001016.png,20230303-49281-13461-s-7345,survived,0,136.8977407154515,37.39319853272034,"MULTIPOLYGON (((136.897777722 37.393279556, 136.89778875 37.39312225, 136.897698806 37.393117528, 136.897698528 37.393281778, 136.897777722 37.393279556)))",712.1497582272304,1477.379954512454,57.81035307865409,57.81035307865409,石川県、輪島市、新橋通,0,0,0,8.4,multi
C:\Users\admin\Documents\GitHub\SensingRisk\sitelens\data\noto_crops\all\bldg_001017.png,20230303-49281-13461-s-7432,survived,0,136.89780205370934,37.3934541186265,"MULTIPOLYGON (((136.897735194 37.393476167, 136.897824722 37.393504389, 136.897868306 37.393432972, 136.897781 37.393402972, 136.897735194 37.393476167)))",732.1807032849739,1426.9722596787612,39.413814052009,39.413814052009,石川県、輪島市、新橋通,0,0,0,8.4,multi
C:\Users\admin\Documents\GitHub\SensingRisk\sitelens\data\noto_crops\all\bldg_001018.png,20230303-49281-13461-s-7731,survived,0,136.89777245852162,37.39456326367699,"MULTIPOLYGON (((136.897797139 37.394575056, 136.897775611 37.394540444, 136.897747778 37.394551472, 136.897769306 37.394586083, 136.897797139 37.394575056)))",738.1772634793699,1178.0724389151458,16.5000309422187,16.5000309422187,石川県、輪島市、新橋通,0,0,0,8.4,multi
C:\Users\admin\Documents\GitHub\SensingRisk\sitelens\data\noto_crops\all\bldg_001019.png,20230303-49281-13461-s-7354,survived,0,136.89782806694018,37.393194805747804,"MULTIPOLYGON (((136.897854 37.393255917, 136.897861028 37.393126917, 136.897820111 37.393126083, 136.897819056 37.393160417, 136.897793389 37.393159917, 136.89779425 37.393253389, 136.897854 37.393255917)))",733.7848665315544,1485.4669512414832,45.69710430066425,45.69710430066425,石川県、輪島市、新橋通,0,0,0,8.4,multi
C:\Users\admin\Documents\GitHub\SensingRisk\sitelens\data\noto_crops\all\bldg_001020.png,20230303-49281-13461-s-7658,survived,0,136.8978835225763,37.39435353198734,"MULTIPOLYGON (((136.897907111 37.394268972, 136.897841278 37.394273444, 136.89785875 37.394437278, 136.89792675 37.394432667, 136.897907111 37.394268972)))",737.6037685733229,1206.0111765224751,59.23792563123379,59.23792563123379,石川県、輪島市、新橋通,0,0,0,8.4,multi
C:\Users\admin\Documents\GitHub\SensingRisk\sitelens\data\noto_crops\all\bldg_001021.png,20230303-49281-13461-s-7414,survived,0,136.89804324327585,37.39335160505479,"MULTIPOLYGON (((136.897999306 37.393360528, 136.898082944 37.393369083, 136.898087167 37.393342667, 136.898003528 37.393334139, 136.897999306 37.393360528)))",784.6200985378689,1458.3452784768024,24.567716248830266,24.567716248830266,石川県、輪島市、新橋通,0,0,0,8.4,multi
C:\Users\admin\Documents\GitHub\SensingRisk\sitelens\data\noto_crops\all\bldg_001022.png,20230303-49281-13461-s-7661,survived,0,136.89806351535512,37.39435089548753,"MULTIPOLYGON (((136.898115806 37.394421167, 136.898099889 37.3942745, 136.898011222 37.394280639, 136.898027139 37.394427278, 136.898115806 37.394421167)))",773.797654891512,1209.268501012626,53.772603484323554,53.772603484323554,石川県、輪島市、鳳至町末広,0,0,0,8.4,multi
C:\Users\admin\Documents\GitHub\SensingRisk\sitelens\data\noto_crops\all\bldg_001023.png,20230303-49281-13461-s-7428,survived,0,136.89812080549999,37.39340612499999,"MULTIPOLYGON (((136.898098444 37.393418583, 136.898142528 37.393419278, 136.898143167 37.393393667, 136.898099083 37.393392972, 136.898098444 37.393418583)))",805.1111377133263,1451.5850388048507,12.505457184049874,12.505457184049874,石川県、輪島市、新橋通,0,0,0,8.4,multi
C:\Users\admin\Documents\GitHub\SensingRisk\sitelens\data\noto_crops\all\bldg_001024.png,20230303-49281-13461-s-7652,survived,0,136.8981551635811,37.39430724208761,"MULTIPOLYGON (((136.898172611 37.394395028, 136.8981665 37.394345611, 136.898206944 37.394342417, 136.8981935 37.394233778, 136.898107472 37.394240556, 136.898127083 37.394399139, 136.898172611 37.394395028)))",789.049090703679,1215.1330108333848,58.201386880173686,58.201386880173686,石川県、輪島市、鳳至町末広,0,0,0,8.4,multi
C:\Users\admin\Documents\GitHub\SensingRisk\sitelens\data\noto_crops\all\bldg_001025.png,20230303-49281-13461-s-7407,survived,0,136.89819748836504,37.39334446510732,"MULTIPOLYGON (((136.898139722 37.393381361, 136.8981975 37.393380722, 136.898197306 37.393367917, 136.898257194 37.39336725, 136.898256444 37.393322694, 136.898227083 37.393323, 136.89822675 37.393303028, 136.898173167 37.393303611, 136.898173667 37.393332972, 136.898140833 37.393333306, 136.898139722 37.393381361)))",809.4155654907227,1456.4148834556995,32.84755197101174,32.84755197101174,石川県、輪島市、新橋通,0,0,0,8.4,multi
C:\Users\admin\Documents\GitHub\SensingRisk\sitelens\data\noto_crops\all\bldg_001026.png,20230303-49281-13461-s-7425,survived,0,136.89826834966988,37.393413428993306,"MULTIPOLYGON (((136.89819925 37.393431917, 136.898312028 37.393440528, 136.898310694 37.393451694, 136.898335833 37.393453611, 136.898340056 37.393418333, 136.898316083 37.393416528, 136.898319472 37.393388278, 136.898208083 37.393379806, 136.89819925 37.393431917)))",819.4249457677206,1435.6683096724719,39.37221126556392,39.37221126556392,石川県、輪島市、新橋通,0,0,0,8.4,multi
C:\Users\admin\Documents\GitHub\SensingRisk\sitelens\data\noto_crops\all\bldg_001027.png,20230303-49281-13461-s-7502,survived,0,136.89830934151013,37.39372958130526,"MULTIPOLYGON (((136.898251306 37.393792528, 136.898297 37.393802417, 136.898314472 37.393750944, 136.898344667 37.3937575, 136.898370222 37.39368225, 136.898296639 37.393666361, 136.898251306 37.393792528)))",822.8311800619525,1356.8691553585986,47.88703438827156,47.88703438827156,石川県、輪島市、新橋通,0,0,0,8.4,multi
C:\Users\admin\Documents\GitHub\SensingRisk\sitelens\data\noto_crops\all\bldg_001028.png,20230303-49281-13461-s-7562,survived,0,136.89834623094728,37.393907968630174,"MULTIPOLYGON (((136.898390306 37.393897306, 136.898303028 37.393893583, 136.898301361 37.393918528, 136.89839025 37.393922306, 136.898390306 37.393897306)))",840.8767135726081,1327.653547473176,24.87082462310798,24.87082462310798,石川県、輪島市、新橋通,0,0,0,8.4,multi
C:\Users\admin\Documents\GitHub\SensingRisk\sitelens\data\noto_crops\all\bldg_001029.png,20230303-49281-13461-s-7534,survived,0,136.89835865187953,37.39382481417072,"MULTIPOLYGON (((136.898380944 37.393810167, 136.898340611 37.393806556, 136.898336 37.393839333, 136.898377083 37.393843, 136.898380944 37.393810167)))",848.7559775561011,1352.6913234517776,13.824270974944056,13.824270974944056,石川県、輪島市、新橋通,0,0,0,8.4,multi
C:\Users\admin\Documents\GitHub\SensingRisk\sitelens\data\noto_crops\all\bldg_001030.png,20230303-49281-13461-s-7504,survived,0,136.89843285283987,37.39373548280333,"MULTIPOLYGON (((136.898462361 37.393689778, 136.898376611 37.393683139, 136.898369639 37.393707917, 136.89839025 37.393712028, 136.8983895 37.393714806, 136.898374194 37.393719333, 136.898389139 37.393751417, 136.898358861 37.393760389, 136.898369083 37.393782306, 136.898448056 37.393758889, 136.898466472 37.393790639, 136.898512833 37.393777167, 136.898462361 37.393689778)))",848.4476153440779,1358.5818200644158,43.28848624477678,43.28848624477678,石川県、輪島市、新橋通,0,0,0,8.4,multi
C:\Users\admin\Documents\GitHub\SensingRisk\sitelens\data\noto_crops\all\bldg_001031.png,20230303-49281-13461-s-7487,survived,0,136.89916203517186,37.393623354636645,"MULTIPOLYGON (((136.899235611 37.393588056, 136.899099667 37.393582389, 136.899094444 37.393662167, 136.899198778 37.393666528, 136.899234722 37.393628, 136.899235611 37.393588056)))",986.284378613366,1386.8705998500743,39.47315418455332,39.47315418455332,石川県、輪島市、新橋通,0,0,0,8.4,multi
C:\Users\admin\Documents\GitHub\SensingRisk\sitelens\data\noto_crops\all\bldg_001032.png,20230303-49281-13461-s-7536,survived,0,136.8989470198919,37.39392157567329,"MULTIPOLYGON (((136.898926417 37.393983139, 136.898933944 37.393965861, 136.899064028 37.393990722, 136.899081222 37.393942944, 136.898934889 37.393909833, 136.8989645 37.39382275, 136.898908056 37.393810944, 136.898848333 37.393967444, 136.898926417 37.393983139)))",933.9382714857604,1307.0042501702364,69.50675723752465,69.50675723752465,石川県、輪島市、新橋通,0,0,0,8.4,multi
C:\Users\admin\Documents\GitHub\SensingRisk\sitelens\data\noto_crops\all\bldg_001033.png,20230303-49281-13461-s-7594,survived,0,136.8977796970146,37.39406011160361,"MULTIPOLYGON (((136.897640306 37.394103, 136.897809944 37.394090278, 136.897808778 37.394080333, 136.897940472 37.394070444, 136.897934778 37.394022278, 136.897637556 37.394039806, 136.897640306 37.394103)))",707.1627214855619,1261.4401363738182,84.7014526949988,84.7014526949988,石川県、輪島市、新橋通,0,0,0,8.4,multi
C:\Users\admin\Documents\GitHub\SensingRisk\sitelens\data\noto_crops\all\bldg_001034.png,20230303-49281-13461-s-7521,survived,0,136.8990264755027,37.39379511860163,"MULTIPOLYGON (((136.899140611 37.393835806, 136.899151194 37.393796472, 136.898914528 37.393754222, 136.898901639 37.393794222, 136.899140611 37.393835806)))",945.2916746934255,1331.697077589978,69.78063564830359,69.78063564830359,石川県、輪島市、新橋通,0,0,0,8.4,multi
C:\Users\admin\Documents\GitHub\SensingRisk\sitelens\data\noto_crops\all\bldg_001035.png,20230303-49281-13461-s-7588,survived,0,136.89858768775113,37.39405509577698,"MULTIPOLYGON (((136.898642972 37.394070694, 136.898624111 37.394001278, 136.898532639 37.394007278, 136.898548694 37.394111028, 136.898635389 37.394101667, 136.898642972 37.394070694)))",879.0706632731411,1285.964449341665,38.69662544236189,38.69662544236189,石川県、輪島市、新橋通,0,0,0,8.4,multi
C:\Users\admin\Documents\GitHub\SensingRisk\sitelens\data\noto_crops\all\bldg_001036.png,20230303-49281-13461-s-7650,survived,0,136.89832470513883,37.39428478950935,"MULTIPOLYGON (((136.898376056 37.394338389, 136.898350972 37.394219222, 136.898273361 37.394229611, 136.898299083 37.394351833, 136.898376056 37.394338389)))",826.0368840474448,1228.1542135869781,46.67451282768229,46.67451282768229,石川県、輪島市、鳳至町末広,0,0,0,8.4,multi
C:\Users\admin\Documents\GitHub\SensingRisk\sitelens\data\noto_crops\all\bldg_001037.png,20230303-49281-13461-s-7363,survived,0,136.89763984297792,37.39319596598137,"MULTIPOLYGON (((136.897591472 37.3932435, 136.897689028 37.3932445, 136.897690528 37.393149306, 136.897588444 37.393148, 136.897591472 37.3932435)))",704.3295045119078,1489.7737198889931,34.61980766556985,34.61980766556985,石川県、輪島市、新橋通,0,0,0,8.4,multi
C:\Users\admin\Documents\GitHub\SensingRisk\sitelens\data\noto_crops\all\bldg_001038.png,20230303-49281-13461-s-7351,survived,0,136.89791289342807,37.39318888994232,"MULTIPOLYGON (((136.897865528 37.393255083, 136.8979535 37.393256361, 136.89796325 37.393123583, 136.897868833 37.393123611, 136.897865528 37.393255083)))",749.518396248126,1485.1900716208909,46.733291084824714,46.733291084824714,石川県、輪島市、新橋通,0,0,0,8.4,multi
C:\Users\admin\Documents\GitHub\SensingRisk\sitelens\data\noto_crops\all\bldg_001039.png,20230303-49281-13461-s-7641,survived,0,136.89859749914334,37.39428081118496,"MULTIPOLYGON (((136.898640444 37.394363944, 136.898621667 37.394191833, 136.898554361 37.39419925, 136.898573194 37.394368556, 136.898640444 37.394363944)))",869.107776332988,1221.6426149731337,62.20042025560747,62.20042025560747,石川県、輪島市、鳳至町末広,0,0,0,8.4,multi
C:\Users\admin\Documents\GitHub\SensingRisk\sitelens\data\noto_crops\all\bldg_001040.png,20230303-49281-13461-s-7338,survived,0,136.89868753812672,37.39314007819548,"MULTIPOLYGON (((136.898614556 37.393160611, 136.898742139 37.393178194, 136.898755722 37.393115444, 136.898666444 37.393103139, 136.898663556 37.393116472, 136.898623972 37.393111028, 136.898614556 37.393160611)))",896.826818201277,1500.3895071343245,39.47287455664741,39.47287455664741,石川県、輪島市、新橋通,0,0,0,8.4,multi
C:\Users\admin\Documents\GitHub\SensingRisk\sitelens\data\noto_crops\all\bldg_001041.png,20230303-49281-13461-s-7570,survived,0,136.89849807675466,37.39395765105051,"MULTIPOLYGON (((136.898408917 37.393925917, 136.89840425 37.393978361, 136.898590972 37.393987139, 136.898594139 37.393939444, 136.898408917 37.393925917)))",855.3522819519043,1302.1407389109152,53.09681282043459,53.09681282043459,石川県、輪島市、新橋通,0,0,0,8.4,multi
C:\Users\admin\Documents\GitHub\SensingRisk\sitelens\data\noto_crops\all\bldg_001042.png,20230303-49281-13461-s-7587,survived,0,136.89848407102846,37.39403378076253,"MULTIPOLYGON (((136.898524944 37.394071639, 136.898514944 37.393992472, 136.898443028 37.393993944, 136.898454694 37.394077417, 136.898524944 37.394071639)))",864.1167586851755,1295.3403441700452,29.897719585503864,29.897719585503864,石川県、輪島市、新橋通,0,0,0,8.4,multi
C:\Users\admin\Documents\GitHub\SensingRisk\sitelens\data\noto_crops\all\bldg_001043.png,20230303-49281-13461-s-7591,survived,0,136.89877328837372,37.3940504444321,"MULTIPOLYGON (((136.898818528 37.394069917, 136.898792583 37.394015611, 136.898729028 37.394030361, 136.89875275 37.39408525, 136.898818528 37.394069917)))",919.6664309207697,1293.2351791347942,26.84066353425078,26.84066353425078,石川県、輪島市、新橋通,0,0,0,8.4,multi
C:\Users\admin\Documents\GitHub\SensingRisk\sitelens\data\noto_crops\all\bldg_001044.png,20230303-49281-13461-s-7391,survived,0,136.89786667166825,37.39328085518018,"MULTIPOLYGON (((136.897794139 37.39328675, 136.897933 37.393304972, 136.897939194 37.393274944, 136.897800306 37.39325675, 136.897794139 37.39328675)))",743.7087641186184,1466.9500227871629,40.5603177759383,40.5603177759383,石川県、輪島市、新橋通,0,0,0,8.4,multi
C:\Users\admin\Documents\GitHub\SensingRisk\sitelens\data\noto_crops\all\bldg_001046.png,20230303-49281-13461-s-7653,survived,0,136.8982393040912,37.39429581454766,"MULTIPOLYGON (((136.898257 37.394356556, 136.898253278 37.394334028, 136.898264667 37.394332833, 136.898248972 37.394237583, 136.898212806 37.394241389, 136.898232556 37.39436125, 136.898257 37.394356556)))",811.5845319239602,1226.4692368422197,43.52653232250509,43.52653232250509,石川県、輪島市、鳳至町末広,0,0,0,8.4,multi
C:\Users\admin\Documents\GitHub\SensingRisk\sitelens\data\noto_crops\all\bldg_001047.png,20230303-49281-13461-s-7420,survived,0,136.89922936509376,37.39337701685169,"MULTIPOLYGON (((136.899215417 37.393365306, 136.899175972 37.393364444, 136.899174944 37.393394639, 136.899275361 37.393396833, 136.899276778 37.393355694, 136.899216278 37.393354361, 136.899215417 37.393365306)))",1003.1237169159783,1450.7635465768205,28.474850236045086,28.474850236045086,石川県、輪島市、新橋通,0,0,0,8.4,multi
C:\Users\admin\Documents\GitHub\SensingRisk\sitelens\data\noto_crops\all\bldg_001048.png,20230303-49281-13461-s-7750,survived,0,136.89757850689068,37.39464565941452,"MULTIPOLYGON (((136.897627139 37.394649556, 136.897603361 37.394613139, 136.897527806 37.394644556, 136.897554583 37.394676778, 136.897627139 37.394649556)))",696.1914940992991,1153.2654735312776,27.775519948535475,27.775519948535475,石川県、輪島市、鳳至町末広,0,0,0,8.4,multi
C:\Users\admin\Documents\GitHub\SensingRisk\sitelens\data\noto_crops\all\bldg_001049.png,20230303-49281-13461-s-7759,survived,0,136.89829975443595,37.394675054324885,"MULTIPOLYGON (((136.898255278 37.3946915, 136.898332917 37.394703611, 136.898343972 37.3946585, 136.898266861 37.3946465, 136.898255278 37.3946915)))",832.2979171858893,1147.6908406949115,24.80063993665908,24.80063993665908,石川県、輪島市、鳳至町末広,0,0,0,8.4,multi
C:\Users\admin\Documents\GitHub\SensingRisk\sitelens\data\noto_crops\all\bldg_001050.png,20230303-49281-13461-s-7761,survived,0,136.89842975938757,37.39468789385835,"MULTIPOLYGON (((136.898376222 37.394712056, 136.898475556 37.394719417, 136.898482111 37.394663417, 136.898385222 37.394656222, 136.898376222 37.394712056)))",854.042167796029,1142.2918126729421,29.608710416158033,29.608710416158033,石川県、輪島市、鳳至町末広,0,0,0,8.4,multi
C:\Users\admin\Documents\GitHub\SensingRisk\sitelens\data\noto_crops\all\bldg_001051.png,20230303-49281-13461-s-7766,survived,0,136.8980677239871,37.39472626460291,"MULTIPOLYGON (((136.898092167 37.394762639, 136.898110333 37.394700694, 136.898043139 37.394689222, 136.898025722 37.394752972, 136.898092167 37.394762639)))",787.9485535310585,1134.5768795680913,27.15356097084714,27.15356097084714,石川県、輪島市、鳳至町末広,0,0,0,8.4,multi
C:\Users\admin\Documents\GitHub\SensingRisk\sitelens\data\noto_crops\all\bldg_001052.png,20230303-49281-13461-s-7771,survived,0,136.8981732647376,37.39474441321832,"MULTIPOLYGON (((136.898114722 37.394740417, 136.898156222 37.394747139, 136.898148583 37.394777167, 136.898207167 37.394786639, 136.898223056 37.394724222, 136.89812225 37.394707889, 136.898114722 37.394740417)))",804.7332089320362,1127.5538162479324,31.188142871418222,31.188142871418222,石川県、輪島市、鳳至町末広,0,0,0,8.4,multi
C:\Users\admin\Documents\GitHub\SensingRisk\sitelens\data\noto_crops\all\bldg_001053.png,20230303-49281-13461-s-7776,survived,0,136.89752784194877,37.39476221927371,"MULTIPOLYGON (((136.897544611 37.394803417, 136.897582611 37.394781167, 136.897511111 37.394720194, 136.897473639 37.394745139, 136.897544611 37.394803417)))",684.7239354805383,1123.5795377910667,32.31255570327585,32.31255570327585,石川県、輪島市、鳳至町末広,0,0,0,8.4,multi
C:\Users\admin\Documents\GitHub\SensingRisk\sitelens\data\noto_crops\all\bldg_001054.png,20230303-49281-13461-s-7780,survived,0,136.89828336628827,37.39475635616587,"MULTIPOLYGON (((136.8982415 37.394779667, 136.898326694 37.394779861, 136.898326833 37.394735778, 136.898241694 37.394730222, 136.8982415 37.394779667)))",829.8861457877689,1129.3925278372799,23.86083621448938,23.86083621448938,石川県、輪島市、鳳至町末広,0,0,0,8.4,multi
C:\Users\admin\Documents\GitHub\SensingRisk\sitelens\data\noto_crops\all\bldg_001055.png,20230303-49281-13461-s-7791,survived,0,136.8983583902037,37.39478202936124,"MULTIPOLYGON (((136.898330278 37.394804667, 136.89837125 37.394811778, 136.898385333 37.394759944, 136.898347694 37.394750722, 136.898330278 37.394804667)))",844.799061993119,1124.4284788665952,21.48961289056774,21.48961289056774,石川県、輪島市、鳳至町末広,0,0,0,8.4,multi
C:\Users\admin\Documents\GitHub\SensingRisk\sitelens\data\noto_crops\all\bldg_001056.png,20230303-49281-13461-s-7828,survived,0,136.8982921397323,37.39497854115372,"MULTIPOLYGON (((136.898301194 37.395088, 136.898353556 37.3948805, 136.898283028 37.394869194, 136.89823075 37.3950765, 136.898301194 37.395088)))",804.799260682005,1050.3609511260736,77.01218943700883,77.01218943700883,石川県、輪島市、鳳至町末広,0,0,0,8.4,multi
C:\Users\admin\Documents\GitHub\SensingRisk\sitelens\data\noto_crops\all\bldg_001057.png,20230303-49281-13461-s-7827,survived,0,136.8982316169255,37.39491275413919,"MULTIPOLYGON (((136.898245361 37.394957917, 136.898263583 37.394873917, 136.898217889 37.394867583, 136.898199639 37.394951583, 136.898245361 37.394957917)))",816.1222774552335,1088.42040147384,31.79446231119573,31.79446231119573,石川県、輪島市、鳳至町末広,0,0,0,8.4,multi
C:\Users\admin\Documents\GitHub\SensingRisk\sitelens\data\noto_crops\all\bldg_001058.png,20230303-49281-13461-s-7847,survived,0,136.8977960365517,37.3949610324616,"MULTIPOLYGON (((136.897801444 37.395001, 136.897846417 37.394960583, 136.897790611 37.394921056, 136.897745667 37.3949615, 136.897801444 37.395001)))",735.5342927829611,1077.7002326206566,30.57853841724932,30.57853841724932,石川県、輪島市、鳳至町末広,0,0,0,8.4,multi
C:\Users\admin\Documents\GitHub\SensingRisk\sitelens\data\noto_crops\all\bldg_001059.png,20230303-49281-13461-s-7852,survived,0,136.89767922236894,37.39497834720517,"MULTIPOLYGON (((136.897671861 37.395004833, 136.897712278 37.394984639, 136.897686583 37.394951861, 136.897646167 37.394972056, 136.897671861 37.395004833)))",718.9539213726728,1078.8327993248429,20.185814912489604,20.185814912489604,石川県、輪島市、鳳至町末広,0,0,0,8.4,multi
C:\Users\admin\Documents\GitHub\SensingRisk\sitelens\data\noto_crops\all\bldg_001060.png,20230303-49281-13461-s-7853,survived,0,136.8981741938293,37.39501674489664,"MULTIPOLYGON (((136.898200111 37.395077611, 136.898230361 37.394969889, 136.8981475 37.394955889, 136.898118722 37.395064306, 136.898200111 37.395077611)))",799.9600031436531,1058.4937033853137,42.841959188835744,42.841959188835744,石川県、輪島市、鳳至町末広,0,0,0,8.4,multi
C:\Users\admin\Documents\GitHub\SensingRisk\sitelens\data\noto_crops\all\bldg_001061.png,20230303-49281-13461-s-7855,survived,0,136.89784421066074,37.395005879427046,"MULTIPOLYGON (((136.897831222 37.39503325, 136.897880639 37.395002389, 136.897857194 37.3949785, 136.897807778 37.395009389, 136.897831222 37.39503325)))",749.104981300861,1071.76896665471,21.394934139721272,21.394934139721272,石川県、輪島市、鳳至町末広,0,0,0,8.4,multi
C:\Users\admin\Documents\GitHub\SensingRisk\sitelens\data\noto_crops\all\bldg_001062.png,20230303-49281-13461-s-7870,survived,0,136.8977691540026,37.39511750703997,"MULTIPOLYGON (((136.897684139 37.395129444, 136.897720889 37.395173667, 136.897856361 37.395101278, 136.897819167 37.395063028, 136.897684139 37.395129444)))",721.9372039265103,1031.9970841448019,48.156761572096116,48.156761572096116,石川県、輪島市、鳳至町末広,0,0,0,8.4,multi
C:\Users\admin\Documents\GitHub\SensingRisk\sitelens\data\noto_crops\all\bldg_001063.png,20230303-49281-13461-s-7889,survived,0,136.89791161190539,37.395223334722004,"MULTIPOLYGON (((136.897896083 37.395280778, 136.897988889 37.395227333, 136.897941 37.395174361, 136.89791 37.395192167, 136.897896083 37.395176778, 136.897836111 37.395211306, 136.897896083 37.395280778)))",751.0857642943099,1009.0000632634741,42.89428474616318,42.89428474616318,石川県、輪島市、鳳至町末広南,0,0,0,8.4,multi
C:\Users\admin\Documents\GitHub\SensingRisk\sitelens\data\noto_crops\all\bldg_001064.png,20230303-49281-13461-s-7894,survived,0,136.89811953477502,37.39525007941903,"MULTIPOLYGON (((136.898167 37.395277694, 136.898102778 37.395204806, 136.898071861 37.395222167, 136.898136583 37.395295611, 136.898167 37.395277694)))",794.8731921694748,1008.9007502976231,32.468711117491694,32.468711117491694,石川県、輪島市、鳳至町末広南,0,0,0,8.4,multi
C:\Users\admin\Documents\GitHub\SensingRisk\sitelens\data\noto_crops\all\bldg_001065.png,20230303-49281-13461-s-7896,survived,0,136.89779404601336,37.395269907061916,"MULTIPOLYGON (((136.89777725 37.395290028, 136.897802556 37.3953205, 136.897876639 37.3952825, 136.897814889 37.395214417, 136.897705611 37.395268417, 136.897742083 37.395309611, 136.89777725 37.395290028)))",725.9955192671882,997.1760537400955,47.82289497587419,47.82289497587419,石川県、輪島市、鳳至町末広南,0,0,0,8.4,multi
C:\Users\admin\Documents\GitHub\SensingRisk\sitelens\data\noto_crops\all\bldg_001066.png,20230303-49281-13461-s-7898,survived,0,136.89744563588954,37.39526497350745,"MULTIPOLYGON (((136.897424611 37.395300556, 136.897499417 37.395269139, 136.897464472 37.395227917, 136.897391861 37.395263528, 136.897424611 37.395300556)))",670.4662897533841,1006.8061046769624,30.074837403827246,30.074837403827246,石川県、輪島市、鳳至町末広南,0,0,0,8.4,multi
C:\Users\admin\Documents\GitHub\SensingRisk\sitelens\data\noto_crops\all\bldg_001067.png,20230303-49281-13461-s-7903,survived,0,136.897962186991,37.39530455635091,"MULTIPOLYGON (((136.897882528 37.39530875, 136.897931639 37.395363694, 136.898041694 37.395296611, 136.897996306 37.395247028, 136.897882528 37.39530875)))",758.7567670499752,989.1696163050669,46.04860063219007,46.04860063219007,石川県、輪島市、鳳至町末広南,0,0,0,8.4,multi
C:\Users\admin\Documents\GitHub\SensingRisk\sitelens\data\noto_crops\all\bldg_001068.png,20230303-49281-13461-s-7912,survived,0,136.89817527759786,37.395293861157306,"MULTIPOLYGON (((136.898160083 37.395321194, 136.898212472 37.395290306, 136.898190472 37.395266528, 136.898138083 37.395297417, 136.898160083 37.395321194)))",810.7409371385236,1004.1150737627944,21.554491888961707,21.554491888961707,石川県、輪島市、鳳至町末広南,0,0,0,8.4,multi
C:\Users\admin\Documents\GitHub\SensingRisk\sitelens\data\noto_crops\all\bldg_001069.png,20230303-49281-13461-s-7913,survived,0,136.89767835239027,37.39531069283188,"MULTIPOLYGON (((136.897619333 37.3953095, 136.8976575 37.39535175, 136.897736833 37.395310806, 136.897701139 37.395270194, 136.897619333 37.3953095)))",712.3734478740578,994.4163677993276,32.92192551784683,32.92192551784683,石川県、輪島市、鳳至町末広南,0,0,0,8.4,multi
C:\Users\admin\Documents\GitHub\SensingRisk\sitelens\data\noto_crops\all\bldg_001070.png,20230303-49281-13461-s-7916,survived,0,136.89748114578984,37.395326186058014,"MULTIPOLYGON (((136.897568667 37.395332472, 136.897519583 37.395273944, 136.897390472 37.395328, 136.897412833 37.395366194, 136.897452806 37.395351278, 136.897464694 37.395371583, 136.897568667 37.395332472)))",666.9153453879886,983.1970621118887,49.826933415730764,49.826933415730764,石川県、輪島市、鳳至町末広南,0,0,0,8.4,multi
C:\Users\admin\Documents\GitHub\SensingRisk\sitelens\data\noto_crops\all\bldg_001071.png,20230303-49281-13461-s-7922,survived,0,136.89822731115473,37.3953525254885,"MULTIPOLYGON (((136.898163333 37.395334417, 136.898225833 37.3954055, 136.898290611 37.395369222, 136.898230222 37.395300556, 136.898163333 37.395334417)))",811.3762629654439,981.2306797815754,39.55694673595872,39.55694673595872,石川県、輪島市、鳳至町末広南,0,0,0,8.4,multi
C:\Users\admin\Documents\GitHub\SensingRisk\sitelens\data\noto_crops\all\bldg_001072.png,20230303-49281-13461-s-7925,survived,0,136.8977204006128,37.395359604297525,"MULTIPOLYGON (((136.897670611 37.395355861, 136.897706639 37.395398361, 136.897770278 37.39535975, 136.897736056 37.395322722, 136.897670611 37.395355861)))",722.0104978336083,984.5254886106429,29.44133749805826,29.44133749805826,石川県、輪島市、鳳至町末広南,0,0,0,8.4,multi
C:\Users\admin\Documents\GitHub\SensingRisk\sitelens\data\noto_crops\all\bldg_001073.png,20230303-49281-13461-s-7927,survived,0,136.89806791948135,37.395364120744844,"MULTIPOLYGON (((136.898053278 37.395400333, 136.898115417 37.395364722, 136.898088667 37.395327111, 136.898016806 37.395365083, 136.898053278 37.395400333)))",786.7930098948268,984.1247170899147,28.750311667908477,28.750311667908477,石川県、輪島市、鳳至町末広南,0,0,0,8.4,multi
C:\Users\admin\Documents\GitHub\SensingRisk\sitelens\data\noto_crops\all\bldg_001074.png,20230303-49281-13461-s-7933,survived,0,136.89788690300838,37.395370680620545,"MULTIPOLYGON (((136.897852639 37.395375306, 136.897867833 37.395393861, 136.897921167 37.395366056, 136.897905972 37.3953475, 136.897852639 37.395375306)))",758.1803712103102,987.2861956000539,19.161817624833816,19.161817624833816,石川県、輪島市、鳳至町末広南,0,0,0,8.4,multi
C:\Users\admin\Documents\GitHub\SensingRisk\sitelens\data\noto_crops\all\bldg_001075.png,20230303-49281-13461-s-7859,survived,0,136.89769402923523,37.39504169950934,"MULTIPOLYGON (((136.897679222 37.395087361, 136.897751056 37.395054167, 136.897708833 37.394996028, 136.897637 37.39502925, 136.897679222 37.395087361)))",714.4007836208177,1056.6556215944645,34.811980894122144,34.811980894122144,石川県、輪島市、鳳至町末広,0,0,0,8.4,multi
C:\Users\admin\Documents\GitHub\SensingRisk\sitelens\data\noto_crops\all\bldg_001076.png,20230303-49281-13461-s-8614,survived,0,136.89771529890922,37.398820713816285,"MULTIPOLYGON (((136.897749389 37.398886778, 136.897740139 37.398752056, 136.897681222 37.398754639, 136.897690444 37.398889361, 136.897749389 37.398886778)))",711.6098678256445,163.1762887862501,48.32663944852891,48.32663944852891,石川県、輪島市、鳳至町鳳至丁南鳳至本町,0,0,0,8.4,multi
C:\Users\admin\Documents\GitHub\SensingRisk\sitelens\data\noto_crops\all\bldg_001077.png,20230303-49281-13461-s-8691,survived,0,136.89775254149998,37.399128180499986,"MULTIPOLYGON (((136.897680889 37.399161667, 136.897830361 37.399151278, 136.897824194 37.399094694, 136.897674722 37.399105083, 136.897680889 37.399161667)))",720.9545717080434,93.43331710544916,43.519818682140794,43.519818682140794,石川県、輪島市、鳳至町下町鳳至丁北,0,0,0,8.4,multi
C:\Users\admin\Documents\GitHub\SensingRisk\sitelens\data\noto_crops\all\bldg_001078.png,20230303-49281-13461-s-8750,survived,0,136.8977537174148,37.399346618332366,"MULTIPOLYGON (((136.897695417 37.399379333, 136.897817222 37.399372444, 136.897812028 37.399313917, 136.897690222 37.399320778, 136.897695417 37.399379333)))",725.1786552641128,46.180703602092294,35.511773867077295,35.511773867077295,石川県、輪島市、鳳至町下町鳳至丁北,0,0,0,8.4,multi
C:\Users\admin\Documents\GitHub\SensingRisk\sitelens\data\noto_crops\all\bldg_001079.png,20230303-49281-13461-s-8654,survived,0,136.89778916866877,37.399014541370036,"MULTIPOLYGON (((136.897827306 37.399069722, 136.897825056 37.399031583, 136.897807194 37.39903225, 136.89780225 37.398948778, 136.897761194 37.398950306, 136.89776825 37.399069556, 136.897827306 37.399069722)))",729.2054440086742,121.81545958563407,42.568129939703,42.568129939703,石川県、輪島市、鳳至町下町鳳至丁北,0,0,0,8.4,multi
C:\Users\admin\Documents\GitHub\SensingRisk\sitelens\data\noto_crops\all\bldg_001080.png,20230303-49281-13461-s-8615,survived,0,136.89780757047697,37.39882714751393,"MULTIPOLYGON (((136.897846611 37.398882556, 136.897842583 37.398753806, 136.897796972 37.398754722, 136.897798472 37.3988025, 136.897760194 37.39880325, 136.897762722 37.398884111, 136.897846611 37.398882556)))",729.2642185853488,164.8187950135223,45.862880106786974,45.862880106786974,石川県、輪島市、鳳至町鳳至丁南鳳至本町,0,0,0,8.4,multi
C:\Users\admin\Documents\GitHub\SensingRisk\sitelens\data\noto_crops\all\bldg_001081.png,20230303-49281-13461-s-8671,survived,0,136.89794611125987,37.39904038902033,"MULTIPOLYGON (((136.897844444 37.399068528, 136.898049917 37.399063028, 136.898047778 37.39901225, 136.897842306 37.39901775, 136.897844444 37.399068528)))",749.7724228011238,106.76683133379788,58.05224319034153,58.05224319034153,石川県、輪島市、鳳至町下町鳳至丁北,0,0,0,8.4,multi
C:\Users\admin\Documents\GitHub\SensingRisk\sitelens\data\noto_crops\all\bldg_001082.png,20230303-49281-13461-s-8715,survived,0,136.89786483160339,37.39920010406347,"MULTIPOLYGON (((136.897881139 37.399219611, 136.897880528 37.399180278, 136.897848528 37.399180583, 136.897849139 37.399219944, 136.897881139 37.399219611)))",756.6666928984218,91.33465028902336,13.961068279711384,13.961068279711384,石川県、輪島市、鳳至町下町鳳至丁北,0,0,0,8.4,multi
C:\Users\admin\Documents\GitHub\SensingRisk\sitelens\data\noto_crops\all\bldg_001083.png,20230303-49281-13461-s-8684,survived,0,136.89786185412888,37.399102633708885,"MULTIPOLYGON (((136.897875528 37.399133167, 136.897874278 37.399071778, 136.897848167 37.399072111, 136.897849444 37.3991335, 136.897875528 37.399133167)))",752.2285852975662,110.32436870454713,21.72402199367393,21.72402199367393,石川県、輪島市、鳳至町下町鳳至丁北,0,0,0,8.4,multi
C:\Users\admin\Documents\GitHub\SensingRisk\sitelens\data\noto_crops\all\bldg_001084.png,20230303-49281-13461-s-8619,survived,0,136.89789349989917,37.398799847254544,"MULTIPOLYGON (((136.897930278 37.398828583, 136.89792825 37.398769556, 136.897856722 37.398771111, 136.89785875 37.398830139, 136.897930278 37.398828583)))",757.5684750473893,180.81193680244743,22.845149814473984,22.845149814473984,石川県、輪島市、鳳至町鳳至丁南鳳至本町,0,0,0,8.4,multi
C:\Users\admin\Documents\GitHub\SensingRisk\sitelens\data\noto_crops\all\bldg_001085.png,20230303-49281-13461-s-8765,survived,0,136.89789801931116,37.39937854417205,"MULTIPOLYGON (((136.897844028 37.39939875, 136.897950111 37.399400167, 136.89795175 37.39935725, 136.897844167 37.399358194, 136.897844028 37.39939875)))",754.7485916773478,41.34777071033123,30.12125435935127,30.12125435935127,石川県、輪島市、鳳至町下町鳳至丁北,0,0,0,8.4,multi
C:\Users\admin\Documents\GitHub\SensingRisk\sitelens\data\noto_crops\all\bldg_001086.png,20230303-49281-13461-s-8728,survived,0,136.89794105261828,37.399259471004385,"MULTIPOLYGON (((136.897848889 37.399286694, 136.898035694 37.399284722, 136.898030944 37.399232778, 136.897850583 37.399233056, 136.897848889 37.399286694)))",751.969212823444,58.20731908002906,52.23446391423545,52.23446391423545,石川県、輪島市、鳳至町下町鳳至丁北,0,0,0,8.4,multi
C:\Users\admin\Documents\GitHub\SensingRisk\sitelens\data\noto_crops\all\bldg_001087.png,20230303-49281-13461-s-8743,survived,0,136.89795978166126,37.39931716906123,"MULTIPOLYGON (((136.897862167 37.399337972, 136.898057917 37.399339611, 136.898057278 37.399296083, 136.897860833 37.399295056, 136.897862167 37.399337972)))",753.7166996849908,43.25531752494246,55.108680629730316,55.108680629730316,石川県、輪島市、鳳至町下町鳳至丁北,0,0,0,8.4,multi
C:\Users\admin\Documents\GitHub\SensingRisk\sitelens\data\noto_crops\all\bldg_001088.png,20230303-49281-13461-s-8708,survived,0,136.89800925,37.399191625,"MULTIPOLYGON (((136.898067556 37.399220889, 136.898064056 37.399158306, 136.897950944 37.399162361, 136.897954444 37.399224944, 136.898067556 37.399220889)))",774.264874596066,84.00283199332696,32.607078541649685,32.607078541649685,石川県、輪島市、鳳至町下町鳳至丁北,0,0,0,8.4,multi
C:\Users\admin\Documents\GitHub\SensingRisk\sitelens\data\noto_crops\all\bldg_001089.png,20230303-49281-13461-s-8618,survived,0,136.89800099664535,37.39879794988052,"MULTIPOLYGON (((136.898044611 37.398769111, 136.897954194 37.3987725, 136.897957389 37.398826778, 136.898047778 37.398823417, 136.898044611 37.398769111)))",775.943901093801,179.59704724199517,26.167983033921928,26.167983033921928,石川県、輪島市、鳳至町鳳至丁南鳳至本町,0,0,0,8.4,multi
C:\Users\admin\Documents\GitHub\SensingRisk\sitelens\data\noto_crops\all\bldg_001090.png,20230303-49281-13461-s-8763,survived,0,136.8980090348202,37.39937732081902,"MULTIPOLYGON (((136.897967278 37.399402583, 136.898051722 37.399401583, 136.898050778 37.399352056, 136.897966361 37.399353056, 136.897967278 37.399402583)))",778.5952138582866,44.79998526588675,23.86866557863027,23.86866557863027,石川県、輪島市、鳳至町下町鳳至丁北,0,0,0,8.4,multi
C:\Users\admin\Documents\GitHub\SensingRisk\sitelens\data\noto_crops\all\bldg_001091.png,20230303-49281-13461-s-8642,survived,0,136.8980297705099,37.398938929475484,"MULTIPOLYGON (((136.897992694 37.398957833, 136.898068889 37.398955028, 136.898066861 37.398920028, 136.897990639 37.398922833, 136.897992694 37.398957833)))",783.452357700136,148.65941256334307,21.88028586705525,21.88028586705525,石川県、輪島市、鳳至町下町鳳至丁北,0,0,0,8.4,multi
C:\Users\admin\Documents\GitHub\SensingRisk\sitelens\data\noto_crops\all\bldg_001092.png,20230303-49281-13461-s-8766,survived,0,136.8981812523525,37.39938864458238,"MULTIPOLYGON (((136.898129361 37.399416667, 136.898233944 37.399415694, 136.898233167 37.399360639, 136.898128556 37.399361583, 136.898129361 37.399416667)))",807.8972274462383,39.34067282209893,29.468620660569854,29.468620660569854,石川県、輪島市、鳳至町下町鳳至丁北,0,0,0,8.4,multi
C:\Users\admin\Documents\GitHub\SensingRisk\sitelens\data\noto_crops\all\bldg_001093.png,20230303-49281-13461-s-8721,survived,0,136.89819183309672,37.39924779179652,"MULTIPOLYGON (((136.898132833 37.399280167, 136.898251611 37.39927925, 136.898250833 37.399215417, 136.898132056 37.399216333, 136.898132833 37.399280167)))",807.8894446849823,70.41213545719148,33.430000978045996,33.430000978045996,石川県、輪島市、鳳至町下町鳳至丁北,0,0,0,8.4,multi
C:\Users\admin\Documents\GitHub\SensingRisk\sitelens\data\noto_crops\all\bldg_001094.png,20230303-49281-13461-s-8612,survived,0,136.89817496494265,37.39875352647701,"MULTIPOLYGON (((136.898136139 37.398772361, 136.898216083 37.398768972, 136.898213806 37.398734694, 136.898133833 37.398738083, 136.898136139 37.398772361)))",809.9592405001323,191.6038265879879,22.998766930898,22.998766930898,石川県、輪島市、鳳至町鳳至丁南鳳至本町,0,0,0,8.4,multi
C:\Users\admin\Documents\GitHub\SensingRisk\sitelens\data\noto_crops\all\bldg_001095.png,20230303-49281-13461-s-8703,survived,0,136.89819613181078,37.39916736010662,"MULTIPOLYGON (((136.898139111 37.399195556, 136.898253417 37.399195222, 136.898253167 37.399139167, 136.898138833 37.3991395, 136.898139111 37.399195556)))",809.3844344351027,89.97964548920686,32.04000864028933,32.04000864028933,石川県、輪島市、鳳至町下町鳳至丁北,0,0,0,8.4,multi
C:\Users\admin\Documents\GitHub\SensingRisk\sitelens\data\noto_crops\all\bldg_001096.png,20230303-49281-13461-s-8742,survived,0,136.89818852775073,37.39931754153459,"MULTIPOLYGON (((136.898132611 37.399340972, 136.898244667 37.399340639, 136.898244444 37.399294111, 136.898132389 37.399294444, 136.898132611 37.399340972)))",808.2906531651815,55.06324979311206,31.395204295052395,31.395204295052395,石川県、輪島市、鳳至町下町鳳至丁北,0,0,0,8.4,multi
C:\Users\admin\Documents\GitHub\SensingRisk\sitelens\data\noto_crops\all\bldg_001097.png,20230303-49281-13461-s-8633,survived,0,136.8982003751289,37.39887568074238,"MULTIPOLYGON (((136.898162556 37.398902361, 136.898241028 37.398899556, 136.898238194 37.398849, 136.898159722 37.398851806, 136.898162556 37.398902361)))",814.8292934788599,163.07336977206896,22.734805398517096,22.734805398517096,石川県、輪島市、鳳至町鳳至丁南鳳至本町,0,0,0,8.4,multi
C:\Users\admin\Documents\GitHub\SensingRisk\sitelens\data\noto_crops\all\bldg_001098.png,20230303-49281-13461-s-8588,survived,0,136.89821118759656,37.39862690395863,"MULTIPOLYGON (((136.898267472 37.398602778, 136.898153917 37.398604306, 136.898154889 37.398651028, 136.898268472 37.3986495, 136.898267472 37.398602778)))",812.1976473384434,216.79890732418423,32.03189964824253,32.03189964824253,石川県、輪島市、鳳至町鳳至丁南鳳至本町,0,0,0,8.4,multi
C:\Users\admin\Documents\GitHub\SensingRisk\sitelens\data\noto_crops\all\bldg_001099.png,20230303-49281-13461-s-8643,survived,0,136.89822665697486,37.39895114654932,"MULTIPOLYGON (((136.898280528 37.398924083, 136.898173444 37.398923222, 136.89817425 37.398979278, 136.898279583 37.398978306, 136.898280528 37.398924083)))",816.1859178066254,141.73743354506024,29.942856629689572,29.942856629689572,石川県、輪島市、鳳至町下町鳳至丁北,0,0,0,8.4,multi
C:\Users\admin\Documents\GitHub\SensingRisk\sitelens\data\noto_crops\all\bldg_001100.png,20230303-49281-13461-s-8609,survived,0,136.89828865274194,37.398750249968,"MULTIPOLYGON (((136.89823475 37.398773167, 136.898344583 37.398769833, 136.898342556 37.398727333, 136.898232722 37.398730667, 136.89823475 37.398773167)))",827.0135135756599,188.23295360369028,31.278602658377736,31.278602658377736,石川県、輪島市、鳳至町鳳至丁南鳳至本町,0,0,0,8.4,multi
C:\Users\admin\Documents\GitHub\SensingRisk\sitelens\data\noto_crops\all\bldg_001101.png,20230303-49281-13461-s-8745,survived,0,136.89830322907883,37.399362420170206,"MULTIPOLYGON (((136.898329472 37.399426722, 136.898328972 37.3993695, 136.898346972 37.399369389, 136.898346417 37.399305083, 136.898266472 37.3993055, 136.898267528 37.399427694, 136.898329472 37.399426722)))",824.4437855305378,37.721780534889014,43.15485662709941,43.15485662709941,石川県、輪島市、鳳至町下町鳳至丁北,0,0,0,8.4,multi
C:\Users\admin\Documents\GitHub\SensingRisk\sitelens\data\noto_crops\all\bldg_001102.png,20230303-49281-13461-s-8635,survived,0,136.89831444464716,37.39887079174831,"MULTIPOLYGON (((136.898285139 37.398887722, 136.898344167 37.398887278, 136.89834375 37.398853861, 136.898284722 37.398854306, 136.898285139 37.398887722)))",839.1497788058388,167.27693237045403,16.62202675607466,16.62202675607466,石川県、輪島市、鳳至町鳳至丁南鳳至本町,0,0,0,8.4,multi
C:\Users\admin\Documents\GitHub\SensingRisk\sitelens\data\noto_crops\all\bldg_001103.png,20230303-49281-13461-s-8629,survived,0,136.89802783068237,37.39886547975483,"MULTIPOLYGON (((136.897951139 37.3988995, 136.898084139 37.398895611, 136.898080917 37.398824944, 136.897993361 37.3988275, 136.897995306 37.398870306, 136.897951361 37.398871583, 136.897951139 37.3988995)))",773.537489080429,159.00397760389052,37.18949546284148,37.18949546284148,石川県、輪島市、鳳至町鳳至丁南鳳至本町,0,0,0,8.4,multi
C:\Users\admin\Documents\GitHub\SensingRisk\sitelens\data\noto_crops\all\bldg_001104.png,20230303-49281-13461-s-8804,survived,0,136.89800106244843,37.399504234906466,"MULTIPOLYGON (((136.897970611 37.399518833, 136.898031861 37.399518361, 136.898031528 37.399489639, 136.89797025 37.399490111, 136.897970611 37.399518833)))",780.4270062234667,18.34031286040693,17.227684248818264,17.227684248818264,石川県、輪島市、鳳至町下町鳳至丁北,0,0,0,8.4,multi
C:\Users\admin\Documents\GitHub\SensingRisk\sitelens\data\noto_crops\all\bldg_001105.png,20230303-49281-13461-s-8818,survived,0,136.89799360426517,37.39956269353228,"MULTIPOLYGON (((136.897955444 37.399579, 136.898031639 37.399579167, 136.898031778 37.399546389, 136.897955556 37.399546222, 136.897955444 37.399579)))",776.9808262454139,2.5649668041750084,21.344533438152666,21.344533438152666,石川県、輪島市、鳳至町下町鳳至丁北,0,0,0,8.4,multi
C:\Users\admin\Documents\GitHub\SensingRisk\sitelens\data\noto_crops\all\bldg_001106.png,20230303-49281-13461-s-8827,survived,0,136.898613667,37.39957993050001,"MULTIPOLYGON (((136.898600167 37.399590583, 136.898626306 37.39959125, 136.898627167 37.399569278, 136.898601028 37.399568611, 136.898600167 37.399590583)))",899.0000138339237,4.953018726783722,8.479790358377347,8.479790358377347,石川県、輪島市、鳳至町下町鳳至丁北,0,0,0,8.4,multi
C:\Users\admin\Documents\GitHub\SensingRisk\sitelens\data\noto_crops\all\bldg_001109.png,20230303-49281-13461-s-8812,survived,0,136.89774703418868,37.39954977076502,"MULTIPOLYGON (((136.897690972 37.399572417, 136.897805306 37.399568528, 136.897803083 37.399527111, 136.89768875 37.399531028, 136.897690972 37.399572417)))",725.3909802542793,-0.024415412619367416,32.591419802771725,32.591419802771725,石川県、輪島市、鳳至町下町鳳至丁北,0,0,0,8.4,multi
C:\Users\admin\Documents\GitHub\SensingRisk\sitelens\data\noto_crops\all\bldg_001110.png,20230303-49281-13461-s-8813,survived,0,136.89827161798485,37.39953708475382,"MULTIPOLYGON (((136.898254389 37.399546278, 136.898288778 37.399546361, 136.898288833 37.399527889, 136.898254472 37.399527806, 136.898254389 37.399546278)))",834.660428820716,14.431074283494427,9.63124046855512,9.63124046855512,石川県、輪島市、鳳至町下町鳳至丁北,0,0,0,8.4,multi
C:\Users\admin\Documents\GitHub\SensingRisk\sitelens\data\noto_crops\all\bldg_001111.png,20230303-49281-13461-s-8824,survived,0,136.89824116307406,37.39959036798626,"MULTIPOLYGON (((136.898274333 37.399613083, 136.8982745 37.399567806, 136.898208 37.399567639, 136.898207833 37.399612944, 136.898274333 37.399613083)))",824.4800607522329,-2.575259856826969,18.6414443280961,18.6414443280961,石川県、輪島市、鳳至町下町鳳至丁北,0,0,0,8.4,multi
C:\Users\admin\Documents\GitHub\SensingRisk\sitelens\data\noto_crops\all\bldg_001112.png,20230303-49281-13461-s-8807,survived,0,136.89817901948675,37.39953329859825,"MULTIPOLYGON (((136.898127361 37.399554333, 136.898229722 37.399555778, 136.898230667 37.39951225, 136.898128306 37.399510833, 136.898127361 37.399554333)))",807.7714915328556,5.689952957110789,28.886451270845214,28.886451270845214,石川県、輪島市、鳳至町下町鳳至丁北,0,0,0,8.4,multi
C:\Users\admin\Documents\GitHub\SensingRisk\sitelens\data\noto_crops\all\bldg_001113.png,20230303-49281-13461-s-8118,destroyed,1,136.89795888223125,37.39636067975321,"MULTIPOLYGON (((136.897907639 37.396432944, 136.898064861 37.396345083, 136.898014917 37.396288194, 136.897851083 37.396375611, 136.897907639 37.396432944)))",751.1211711618636,734.7076273438947,59.7766613642375,59.7766613642375,石川県、輪島市、鳳至町住吉区，末広北,0,0,0,8.4,multi
C:\Users\admin\Documents\GitHub\SensingRisk\sitelens\data\noto_crops\all\bldg_001114.png,manual,survived,0,136.8979365340076,37.39609145478137,"MULTIPOLYGON (((136.89795689667343 37.396041455869785, 136.8980015780567 37.39609621913714, 136.89792130968348 37.396138207505324, 136.89786708307517 37.39609330977491, 136.89795689667343 37.396041455869785)))",757.3617343917797,808.882090651112,38.48136943936811,38.48136943936811,石川県、輪島市、鳳至町住吉区，末広北,0,0,0,8.4,multi
C:\Users\admin\Documents\GitHub\SensingRisk\sitelens\data\noto_crops\all\bldg_001115.png,20230303-49281-13461-s-8083,survived,0,136.89800562222348,37.39615549329476,"MULTIPOLYGON (((136.897954694 37.396230389, 136.898107389 37.396146111, 136.898044722 37.396073833, 136.897998472 37.396099361, 136.898015167 37.396118611, 136.897960722 37.396148667, 136.897952083 37.396138694, 136.897899222 37.396167889, 136.897954694 37.396230389)))",758.8815643504342,782.9306097612397,61.15742879806362,61.15742879806362,石川県、輪島市、鳳至町住吉区，末広北,0,0,0,8.4,multi
C:\Users\admin\Documents\GitHub\SensingRisk\sitelens\data\noto_crops\all\bldg_001116.png,20230303-49281-13461-s-8146,survived,0,136.89801393755218,37.39646749626038,"MULTIPOLYGON (((136.897965556 37.396538, 136.89809125 37.396486417, 136.898031944 37.396394417, 136.897977417 37.396416806, 136.897989639 37.396435806, 136.897945333 37.396453972, 136.897976944 37.396503056, 136.897949083 37.3965145, 136.897965556 37.396538)))",766.8488171963493,714.4032555231614,50.81010885994965,50.81010885994965,石川県、輪島市、鳳至町住吉区，末広北,0,0,0,8.4,multi
C:\Users\admin\Documents\GitHub\SensingRisk\sitelens\data\noto_crops\all\bldg_001117.png,20230303-49281-13461-s-8184,survived,0,136.8980326674055,37.39657301962647,"MULTIPOLYGON (((136.898013889 37.3965995, 136.89807375 37.396577583, 136.898055444 37.396545806, 136.897988417 37.396570333, 136.898013889 37.3965995)))",782.7080551518335,702.9013555553711,23.86083621978753,23.86083621978753,石川県、輪島市、鳳至町横町，住吉区,0,0,0,8.4,multi
C:\Users\admin\Documents\GitHub\SensingRisk\sitelens\data\noto_crops\all\bldg_001118.png,20230303-49281-13461-s-8054,survived,0,136.89805863547758,37.39601275323398,"MULTIPOLYGON (((136.89802275 37.396075583, 136.8981295 37.396025167, 136.898092306 37.395977389, 136.898105778 37.395970278, 136.898081972 37.395942194, 136.898026722 37.395971167, 136.898044556 37.395996944, 136.897984139 37.396023778, 136.89802275 37.396075583)))",775.2595516089392,822.9391283886906,48.35291954865875,48.35291954865875,石川県、輪島市、鳳至町住吉区，末広北,0,0,0,8.4,multi
C:\Users\admin\Documents\GitHub\SensingRisk\sitelens\data\noto_crops\all\bldg_001119.png,20230303-49281-13461-s-8088,survived,0,136.8981333555341,37.396192396945,"MULTIPOLYGON (((136.898093417 37.396296278, 136.898129333 37.3962755, 136.898103333 37.396239083, 136.898167694 37.39620525, 136.898142417 37.396174194, 136.898179833 37.396152222, 136.898209056 37.396182028, 136.898275083 37.396146083, 136.898242306 37.39610775, 136.89820525 37.396127944, 136.898193417 37.396114111, 136.898016778 37.396210278, 136.898093417 37.396296278)))",778.7766343953631,764.5290258973758,74.54174275085234,74.54174275085234,石川県、輪島市、鳳至町住吉区，末広北,0,0,0,8.4,multi
C:\Users\admin\Documents\GitHub\SensingRisk\sitelens\data\noto_crops\all\bldg_001120.png,20230303-49281-13461-s-8141,survived,0,136.89810119248415,37.396421499522646,"MULTIPOLYGON (((136.898160833 37.396454389, 136.898096167 37.396363639, 136.898041472 37.396388444, 136.898106361 37.3964795, 136.898160833 37.396454389)))",787.1054239451807,729.6877145349989,41.18971524902406,41.18971524902406,石川県、輪島市、鳳至町住吉区，末広北,0,0,0,8.4,multi
C:\Users\admin\Documents\GitHub\SensingRisk\sitelens\data\noto_crops\all\bldg_001121.png,20230303-49281-13461-s-8125,destroyed,1,136.89818399412295,37.39638676059536,"MULTIPOLYGON (((136.898167583 37.396450833, 136.898261861 37.396407528, 136.898200889 37.39632275, 136.898105861 37.396366056, 136.898167583 37.396450833)))",798.9402198378484,734.2649687602681,48.35608723741632,48.35608723741632,石川県、輪島市、鳳至町住吉区，末広北,0,0,0,8.4,multi
C:\Users\admin\Documents\GitHub\SensingRisk\sitelens\data\noto_crops\all\bldg_001122.png,20230303-49281-13461-s-8199,survived,0,136.8982036280043,37.39665623164194,"MULTIPOLYGON (((136.89814 37.396642083, 136.898190583 37.396706, 136.898255944 37.396681583, 136.898237583 37.396656556, 136.898256528 37.396647722, 136.898226611 37.396606944, 136.89814 37.396642083)))",807.3461001469393,676.7070923572066,36.914154218230124,36.914154218230124,石川県、輪島市、鳳至町横町，住吉区,0,0,0,8.4,multi
C:\Users\admin\Documents\GitHub\SensingRisk\sitelens\data\noto_crops\all\bldg_001123.png,20230303-49281-13461-s-8042,survived,0,136.89825752088825,37.3959344042017,"MULTIPOLYGON (((136.898248306 37.396021861, 136.898299944 37.395993361, 136.898277833 37.395967861, 136.898347361 37.3959295, 136.898290056 37.395863361, 136.898243528 37.395889028, 136.898232417 37.395876222, 136.8981615 37.395915306, 136.898184361 37.395941694, 136.898199861 37.395933139, 136.898227556 37.395965083, 136.898209444 37.395975056, 136.898248306 37.396021861)))",806.7750744568893,833.1688918108528,58.99659453744596,58.99659453744596,石川県、輪島市、鳳至町住吉区，末広北,0,0,0,8.4,multi
C:\Users\admin\Documents\GitHub\SensingRisk\sitelens\data\noto_crops\all\bldg_001124.png,20230303-49281-13461-s-8120,destroyed,1,136.89823489408798,37.39632286536477,"MULTIPOLYGON (((136.898234417 37.396353222, 136.898268083 37.396337806, 136.8982355 37.3962925, 136.898201639 37.396308028, 136.898234417 37.396353222)))",821.6036664563521,762.4222183565961,22.043372133419666,22.043372133419666,石川県、輪島市、鳳至町住吉区，末広北,0,0,0,8.4,multi
C:\Users\admin\Documents\GitHub\SensingRisk\sitelens\data\noto_crops\all\bldg_001125.png,20230303-49281-13461-s-8221,survived,0,136.89830934753823,37.39674112747442,"MULTIPOLYGON (((136.898372861 37.39669775, 136.898328944 37.396714556, 136.898310472 37.396683833, 136.8982205 37.396718278, 136.898271667 37.396803333, 136.898406306 37.396751778, 136.898372861 37.39669775)))",821.2890808794234,648.7465564209533,51.955123265584234,51.955123265584234,石川県、輪島市、鳳至町横町，住吉区,0,0,0,8.4,multi
C:\Users\admin\Documents\GitHub\SensingRisk\sitelens\data\noto_crops\all\bldg_001126.png,20230303-49281-13461-s-8196,survived,0,136.89830152303742,37.39664026452257,"MULTIPOLYGON (((136.898281056 37.396676389, 136.898350667 37.396646139, 136.898321972 37.396604139, 136.898252389 37.396634389, 136.898281056 37.396676389)))",830.8113971854849,684.7256904321848,28.48316975985574,28.48316975985574,石川県、輪島市、鳳至町横町，住吉区,0,0,0,8.4,multi
C:\Users\admin\Documents\GitHub\SensingRisk\sitelens\data\noto_crops\all\bldg_001127.png,20230303-49281-13461-s-8116,survived,0,136.89832854609907,37.39632387951818,"MULTIPOLYGON (((136.898266694 37.396308, 136.898314278 37.396375472, 136.898392917 37.396338111, 136.898338528 37.396272389, 136.898266694 37.396308)))",830.8260400528783,753.6947028615978,38.996500148692235,38.996500148692235,石川県、輪島市、鳳至町住吉区，末広北,0,0,0,8.4,multi
C:\Users\admin\Documents\GitHub\SensingRisk\sitelens\data\noto_crops\all\bldg_001128.png,20230303-49281-13461-s-8059,survived,0,136.89836797547594,37.39603382803815,"MULTIPOLYGON (((136.898366861 37.396087694, 136.89844075 37.396049111, 136.898430056 37.396034806, 136.89845225 37.396020528, 136.898404611 37.395969167, 136.898270611 37.396045167, 136.898302611 37.396083972, 136.898343778 37.396064389, 136.898366861 37.396087694)))",830.8246446079678,817.1352072597488,50.7899456130134,50.7899456130134,石川県、輪島市、鳳至町住吉区，末広北,0,0,0,8.4,multi
C:\Users\admin\Documents\GitHub\SensingRisk\sitelens\data\noto_crops\all\bldg_001129.png,20230303-49281-13461-s-8055,survived,0,136.89833195817553,37.395961969562286,"MULTIPOLYGON (((136.898320917 37.395976139, 136.898352361 37.395958306, 136.898343028 37.395947806, 136.898311556 37.395965611, 136.898320917 37.395976139)))",845.0078982623763,852.4063940233137,11.435480312702225,11.435480312702225,石川県、輪島市、鳳至町住吉区，末広北,0,0,0,8.4,multi
C:\Users\admin\Documents\GitHub\SensingRisk\sitelens\data\noto_crops\all\bldg_001130.png,20230303-49281-13461-s-8191,survived,0,136.89838530148043,37.39661444005694,"MULTIPOLYGON (((136.898381306 37.39664025, 136.898415722 37.396625444, 136.89839075 37.396588528, 136.898354 37.396604333, 136.898381306 37.39664025)))",850.8985869273477,695.3498899925584,19.377584526618534,19.377584526618534,石川県、輪島市、鳳至町横町，住吉区,0,0,0,8.4,multi
C:\Users\admin\Documents\GitHub\SensingRisk\sitelens\data\noto_crops\all\bldg_001131.png,20230303-49281-13461-s-8169,survived,0,136.8984276821214,37.39652658850724,"MULTIPOLYGON (((136.898400306 37.39655625, 136.898472139 37.396523639, 136.898453417 37.396497417, 136.898384611 37.396528667, 136.898400306 37.39655625)))",856.4616753631168,713.3457314640582,24.474602699279785,24.474602699279785,石川県、輪島市、鳳至町横町，住吉区,0,0,0,8.4,multi
C:\Users\admin\Documents\GitHub\SensingRisk\sitelens\data\noto_crops\all\bldg_001132.png,20230303-49281-13461-s-8144,survived,0,136.898408023035,37.39641197326047,"MULTIPOLYGON (((136.898402222 37.396436444, 136.898437389 37.396420444, 136.898413806 37.3963875, 136.898378667 37.3964035, 136.898402222 37.396436444)))",855.7191317113513,743.3476762267326,18.37377858050513,18.37377858050513,石川県、輪島市、鳳至町横町，住吉区,0,0,0,8.4,multi
C:\Users\admin\Documents\GitHub\SensingRisk\sitelens\data\noto_crops\all\bldg_001133.png,20230303-49281-13461-s-8161,survived,0,136.8984065642576,37.39648547484133,"MULTIPOLYGON (((136.898422917 37.396494917, 136.898406861 37.396469139, 136.898390111 37.396475778, 136.898406472 37.396502028, 136.898422917 37.396494917)))",858.8358923067165,729.4741887245699,11.575797276461344,11.575797276461344,石川県、輪島市、鳳至町横町，住吉区,0,0,0,8.4,multi
C:\Users\admin\Documents\GitHub\SensingRisk\sitelens\data\noto_crops\all\bldg_001134.png,20230303-49281-13461-s-8149,survived,0,136.8984387444746,37.39645492419863,"MULTIPOLYGON (((136.898405917 37.396443028, 136.898437167 37.396483639, 136.898471583 37.396466417, 136.898440333 37.396426417, 136.898405917 37.396443028)))",860.0675955859028,731.8663230598524,21.13084260479536,21.13084260479536,石川県、輪島市、鳳至町横町，住吉区,0,0,0,8.4,multi
C:\Users\admin\Documents\GitHub\SensingRisk\sitelens\data\noto_crops\all\bldg_001135.png,20230303-49281-13461-s-8048,survived,0,136.89844420637536,37.39595148185313,"MULTIPOLYGON (((136.898431444 37.395988306, 136.898492083 37.395950889, 136.898456972 37.395914667, 136.898396333 37.395952056, 136.898431444 37.395988306)))",857.3942117177934,846.328358392126,28.512500229777856,28.512500229777856,石川県、輪島市、鳳至町住吉区，末広北,0,0,0,8.4,multi
C:\Users\admin\Documents\GitHub\SensingRisk\sitelens\data\noto_crops\all\bldg_001136.png,20230303-49281-13461-s-8181,survived,0,136.8984673849915,37.39656788357638,"MULTIPOLYGON (((136.898446472 37.3965975, 136.898511556 37.396569028, 136.898490111 37.396537806, 136.898421778 37.396567694, 136.898446472 37.3965975)))",863.2852487299177,703.4531182512712,25.10374829504235,25.10374829504235,石川県、輪島市、鳳至町横町，住吉区,0,0,0,8.4,multi
C:\Users\admin\Documents\GitHub\SensingRisk\sitelens\data\noto_crops\all\bldg_001137.png,20230303-49281-13461-s-8142,survived,0,136.89849044291324,37.39641402596981,"MULTIPOLYGON (((136.898496222 37.396467083, 136.898550111 37.396439778, 136.898491028 37.3963655, 136.8984675 37.396377417, 136.898460417 37.396368556, 136.898429139 37.396384417, 136.898496222 37.396467083)))",861.1025655806518,732.5067831688398,38.028477370648375,38.028477370648375,石川県、輪島市、鳳至町横町，住吉区,0,0,0,8.4,multi
C:\Users\admin\Documents\GitHub\SensingRisk\sitelens\data\noto_crops\all\bldg_001138.png,20230303-49281-13461-s-8069,survived,0,136.89852268642775,37.396075383208654,"MULTIPOLYGON (((136.898514583 37.3961375, 136.898601417 37.396091194, 136.898534444 37.396011778, 136.898441639 37.396063417, 136.898514583 37.3961375)))",861.9412868173551,807.5649768045763,48.24533538984633,48.24533538984633,石川県、輪島市、鳳至町住吉区，末広北,0,0,0,8.4,multi
C:\Users\admin\Documents\GitHub\SensingRisk\sitelens\data\noto_crops\all\bldg_001139.png,20230303-49281-13461-s-8039,survived,0,136.89854705643862,37.39590475610699,"MULTIPOLYGON (((136.898528694 37.395953361, 136.898612556 37.39590525, 136.898569667 37.395857694, 136.898480333 37.395901389, 136.898528694 37.395953361)))",871.7285700804778,852.3884437781289,37.96031336119711,37.96031336119711,石川県、輪島市、鳳至町住吉区，末広北,0,0,0,8.4,multi
C:\Users\admin\Documents\GitHub\SensingRisk\sitelens\data\noto_crops\all\bldg_001140.png,20230303-49281-13461-s-8097,survived,0,136.8985466388968,37.39622033333989,"MULTIPOLYGON (((136.898523889 37.396258528, 136.898599472 37.396216972, 136.898569389 37.396182139, 136.898493806 37.396223694, 136.898523889 37.396258528)))",875.5844170763005,782.3407740437348,30.321134226737854,30.321134226737854,石川県、輪島市、鳳至町住吉区，末広北,0,0,0,8.4,multi
C:\Users\admin\Documents\GitHub\SensingRisk\sitelens\data\noto_crops\all\bldg_001141.png,20230303-49281-13461-s-8050,survived,0,136.8986039435585,37.39599095336291,"MULTIPOLYGON (((136.898681167 37.396022694, 136.898595639 37.395921472, 136.898526444 37.395958694, 136.898612722 37.396060833, 136.898681167 37.396022694)))",875.9753024821316,825.8509399629331,50.852579380770294,50.852579380770294,石川県、輪島市、鳳至町住吉区，末広北,0,0,0,8.4,multi
C:\Users\admin\Documents\GitHub\SensingRisk\sitelens\data\noto_crops\all\bldg_001142.png,20230303-49281-13461-s-8115,survived,0,136.89789378056767,37.39629857451262,"MULTIPOLYGON (((136.897867639 37.3963375, 136.897948444 37.3963055, 136.897919917 37.396259639, 136.897839111 37.396291667, 136.897867639 37.3963375)))",753.4944051386112,763.5953784281402,31.096749133296612,31.096749133296612,石川県、輪島市、鳳至町住吉区，末広北,0,0,0,8.4,multi
C:\Users\admin\Documents\GitHub\SensingRisk\sitelens\data\noto_crops\all\bldg_001143.png,20230303-49281-13461-s-8220,survived,0,136.8984490526223,37.396711056032,"MULTIPOLYGON (((136.898441639 37.396745778, 136.898491778 37.396721583, 136.898457389 37.396676194, 136.89840575 37.396701111, 136.898441639 37.396745778)))",859.2895534963295,669.1625919702592,26.420416583441693,26.420416583441693,石川県、輪島市、鳳至町横町，住吉区,0,0,0,8.4,multi
C:\Users\admin\Documents\GitHub\SensingRisk\sitelens\data\noto_crops\all\bldg_001144.png,20230303-49281-13461-s-8167,survived,0,136.89819893162795,37.39653331224512,"MULTIPOLYGON (((136.898185083 37.396568889, 136.8982195 37.396554056, 136.898238722 37.3965825, 136.898258667 37.396573889, 136.898199833 37.396486917, 136.898143667 37.396511111, 136.898185083 37.396568889)))",808.3843513450433,705.7752289766303,35.91996866569082,35.91996866569082,石川県、輪島市、鳳至町横町，住吉区,0,0,0,8.4,multi
C:\Users\admin\Documents\GitHub\SensingRisk\sitelens\data\noto_crops\all\bldg_001145.png,20230303-49281-13461-s-8187,survived,0,136.89792528291864,37.39661102262863,"MULTIPOLYGON (((136.897889722 37.3966505, 136.897986917 37.396613167, 136.897961694 37.396571361, 136.897862944 37.396609278, 136.897889722 37.3966505)))",757.5174381573995,688.5175159950968,34.66536331706584,34.66536331706584,石川県、輪島市、鳳至町横町，住吉区,0,0,0,8.4,multi
C:\Users\admin\Documents\GitHub\SensingRisk\sitelens\data\noto_crops\all\bldg_001146.png,20230303-49281-13461-s-8228,survived,0,136.89850784917337,37.39675807732271,"MULTIPOLYGON (((136.898498806 37.396790139, 136.898549722 37.396764028, 136.89851875 37.396725583, 136.89846475 37.396753306, 136.898498806 37.396790139)))",870.8413646462492,658.8155066750777,25.116735929330616,25.116735929330616,石川県、輪島市、鳳至町横町，住吉区,0,0,0,8.4,multi
C:\Users\admin\Documents\GitHub\SensingRisk\sitelens\data\noto_crops\all\bldg_001147.png,20230303-49281-13461-s-8197,survived,0,136.89802293412353,37.39664083609264,"MULTIPOLYGON (((136.898075 37.396643722, 136.89804825 37.396604333, 136.897971917 37.396636361, 136.897997167 37.396678139, 136.898075 37.396643722)))",778.5110667247093,684.0331980741207,29.412007031470694,29.412007031470694,石川県、輪島市、鳳至町横町，住吉区,0,0,0,8.4,multi
C:\Users\admin\Documents\GitHub\SensingRisk\sitelens\data\noto_crops\all\bldg_001148.png,20230303-49281-13461-s-8080,survived,0,136.89840945416583,37.396108762665705,"MULTIPOLYGON (((136.898396778 37.396148556, 136.898460139 37.396112944, 136.898421444 37.396069333, 136.898359306 37.396103778, 136.898396778 37.396148556)))",850.0123497001696,808.4285244539161,30.41909799197606,30.41909799197606,石川県、輪島市、鳳至町住吉区，末広北,0,0,0,8.4,multi
C:\Users\admin\Documents\GitHub\SensingRisk\sitelens\data\noto_crops\all\bldg_001149.png,20230303-49281-13461-s-8151,survived,0,136.89833658043915,37.39644980569405,"MULTIPOLYGON (((136.898330333 37.396482194, 136.898375972 37.396460833, 136.898343944 37.396417278, 136.8982965 37.396439472, 136.898330333 37.396482194)))",839.2450535225248,731.3955103828791,24.555937373497272,24.555937373497272,石川県、輪島市、鳳至町横町，住吉区,0,0,0,8.4,multi
C:\Users\admin\Documents\GitHub\SensingRisk\sitelens\data\noto_crops\all\bldg_001150.png,20230303-49281-13461-s-8109,survived,0,136.89798578406237,37.39625951792179,"MULTIPOLYGON (((136.897975389 37.396291833, 136.898027056 37.39626275, 136.897995694 37.396227333, 136.897944833 37.396255972, 136.897975389 37.396291833)))",773.8334147588905,775.9011523999148,24.781078046594303,24.781078046594303,石川県、輪島市、鳳至町住吉区，末広北,0,0,0,8.4,multi
C:\Users\admin\Documents\GitHub\SensingRisk\sitelens\data\noto_crops\all\bldg_001151.png,20230303-49281-13461-s-8304,survived,0,136.89828627361442,37.39716686695153,"MULTIPOLYGON (((136.898250056 37.397206806, 136.898347306 37.397167083, 136.898321667 37.397127139, 136.898225944 37.397166222, 136.898250056 37.397206806)))",825.3072241041396,558.4107820830711,33.93527481291028,33.93527481291028,石川県、輪島市、鳳至町横町，住吉区,0,0,0,8.4,multi
C:\Users\admin\Documents\GitHub\SensingRisk\sitelens\data\noto_crops\all\bldg_001152.png,20230303-49281-13461-s-8270,survived,0,136.89830957404945,37.39695196124589,"MULTIPOLYGON (((136.898345639 37.396968028, 136.89831325 37.396918917, 136.898273417 37.396935667, 136.898306111 37.396985194, 136.898345639 37.396968028)))",834.5319381932245,613.7949976183701,24.024703930518513,24.024703930518513,石川県、輪島市、鳳至町横町，住吉区,0,0,0,8.4,multi
C:\Users\admin\Documents\GitHub\SensingRisk\sitelens\data\noto_crops\all\bldg_001153.png,20230303-49281-13461-s-8178,survived,0,136.89833930240258,37.39656159229982,"MULTIPOLYGON (((136.898312722 37.396601361, 136.898395778 37.396562194, 136.898365889 37.396521833, 136.898282833 37.396560972, 136.898312722 37.396601361)))",836.1393850509822,701.4701614949653,31.911666865249572,31.911666865249572,石川県、輪島市、鳳至町横町，住吉区,0,0,0,8.4,multi
C:\Users\admin\Documents\GitHub\SensingRisk\sitelens\data\noto_crops\all\bldg_001154.png,20230303-49281-13461-s-8328,survived,0,136.89836403128123,37.39729650710167,"MULTIPOLYGON (((136.898355611 37.397350694, 136.898441667 37.397315111, 136.898409639 37.397265806, 136.898353472 37.397289028, 136.898317556 37.397233722, 136.898285194 37.397247111, 136.898355611 37.397350694)))",833.6902175334669,523.0904656532477,45.80445380987521,45.80445380987521,石川県、輪島市、鳳至町横町，住吉区,0,0,0,8.4,multi
C:\Users\admin\Documents\GitHub\SensingRisk\sitelens\data\noto_crops\all\bldg_001155.png,20230303-49281-13461-s-8322,survived,0,136.8983630331159,37.39723248695692,"MULTIPOLYGON (((136.898396222 37.397244611, 136.898369083 37.397204028, 136.898329944 37.397220694, 136.898356694 37.397260694, 136.898396222 37.397244611)))",845.9915749115783,549.4993260293361,21.07218166661835,21.07218166661835,石川県、輪島市、鳳至町横町，住吉区,0,0,0,8.4,multi
C:\Users\admin\Documents\GitHub\SensingRisk\sitelens\data\noto_crops\all\bldg_001156.png,20230303-49281-13461-s-8300,survived,0,136.8984187728801,37.39717088255991,"MULTIPOLYGON (((136.89841575 37.397247111, 136.898471861 37.397224, 136.898445389 37.397183083, 136.8984795 37.397169028, 136.898436222 37.397102167, 136.898349556 37.397137861, 136.89841575 37.397247111)))",840.6100564148655,548.071870797389,51.015304817100855,51.015304817100855,石川県、輪島市、鳳至町横町，住吉区,0,0,0,8.4,multi
C:\Users\admin\Documents\GitHub\SensingRisk\sitelens\data\noto_crops\all\bldg_001157.png,20230303-49281-13461-s-8364,survived,0,136.89849979166635,37.39744401392461,"MULTIPOLYGON (((136.8985635 37.397472778, 136.898499556 37.397385611, 136.898436083 37.39741525, 136.898500028 37.397502417, 136.8985635 37.397472778)))",860.8336779275114,489.1940646575422,42.356598600034886,42.356598600034886,石川県、輪島市、鳳至町下町,0,0,0,8.4,multi
C:\Users\admin\Documents\GitHub\SensingRisk\sitelens\data\noto_crops\all\bldg_001158.png,20230303-49281-13461-s-8211,survived,0,136.89855410901453,37.39667521074611,"MULTIPOLYGON (((136.898511806 37.396710889, 136.898610556 37.396672361, 136.898590611 37.396639833, 136.898517417 37.396668361, 136.898522028 37.396675889, 136.898496889 37.396685694, 136.898511806 37.396710889)))",876.1736458672418,674.8401853089108,31.7835968547397,31.7835968547397,石川県、輪島市、鳳至町横町，住吉区,0,0,0,8.4,multi
C:\Users\admin\Documents\GitHub\SensingRisk\sitelens\data\noto_crops\all\bldg_001159.png,20230303-49281-13461-s-8306,survived,0,136.8985415719279,37.397179374241766,"MULTIPOLYGON (((136.898523417 37.397221722, 136.89859675 37.3971915, 136.898561306 37.397136778, 136.89848525 37.397168167, 136.898523417 37.397221722)))",873.187314754437,555.9910972462,33.01296728906914,33.01296728906914,石川県、輪島市、鳳至町横町，住吉区,0,0,0,8.4,multi
C:\Users\admin\Documents\GitHub\SensingRisk\sitelens\data\noto_crops\all\bldg_001160.png,20230303-49281-13461-s-8394,survived,0,136.89854213216344,37.39752561514132,"MULTIPOLYGON (((136.898581306 37.397535111, 136.898556806 37.397495111, 136.898502944 37.397516139, 136.898527472 37.397556111, 136.898581306 37.397535111)))",878.1500910095722,479.4727155719024,23.506845183037967,23.506845183037967,石川県、輪島市、鳳至町下町,0,0,0,8.4,multi
C:\Users\admin\Documents\GitHub\SensingRisk\sitelens\data\noto_crops\all\bldg_001161.png,20230303-49281-13461-s-8153,survived,0,136.89861127600733,37.39648135422018,"MULTIPOLYGON (((136.898581583 37.396536472, 136.898693028 37.396471056, 136.898661667 37.396437056, 136.8986425 37.396448306, 136.898627111 37.396431611, 136.898532028 37.396487417, 136.898581583 37.396536472)))",880.51815255483,713.1144765519165,45.01886293623181,45.01886293623181,石川県、輪島市、鳳至町横町，住吉区,0,0,0,8.4,multi
C:\Users\admin\Documents\GitHub\SensingRisk\sitelens\data\noto_crops\all\bldg_001162.png,20230303-49281-13461-s-8369,survived,0,136.89860232123334,37.397460704635954,"MULTIPOLYGON (((136.898650556 37.397496944, 136.898587361 37.397409194, 136.898554083 37.397424444, 136.898617278 37.397512222, 136.898650556 37.397496944)))",882.9934247473484,488.32406430338574,36.262313894509134,36.262313894509134,石川県、輪島市、鳳至町下町,0,0,0,8.4,multi
C:\Users\admin\Documents\GitHub\SensingRisk\sitelens\data\noto_crops\all\bldg_001163.png,20230303-49281-13461-s-8175,survived,0,136.89865353119097,37.39655197460931,"MULTIPOLYGON (((136.898639972 37.396590194, 136.898705861 37.396552194, 136.898665639 37.396513944, 136.898602028 37.396551361, 136.898639972 37.396590194)))",895.7114453292086,704.6249466701915,30.07346775210044,30.07346775210044,石川県、輪島市、鳳至町横町，住吉区,0,0,0,8.4,multi
C:\Users\admin\Documents\GitHub\SensingRisk\sitelens\data\noto_crops\all\bldg_001164.png,20230303-49281-13461-s-8290,survived,0,136.89866838978514,37.39714569569353,"MULTIPOLYGON (((136.898633222 37.397224361, 136.898761917 37.397173389, 136.898727167 37.397117528, 136.898708306 37.397125, 136.898667 37.397058611, 136.898596361 37.397086583, 136.898636944 37.397151778, 136.898593528 37.397168972, 136.898633222 37.397224361)))",885.8567627067528,552.0347103725355,58.64791393111261,58.64791393111261,石川県、輪島市、鳳至町横町，住吉区,0,0,0,8.4,multi
C:\Users\admin\Documents\GitHub\SensingRisk\sitelens\data\noto_crops\all\bldg_001165.png,20230303-49281-13461-s-8225,survived,0,136.89868314620372,37.396757796743906,"MULTIPOLYGON (((136.898690056 37.396793556, 136.898734944 37.396773389, 136.898697472 37.39672025, 136.898625528 37.396752556, 136.898644444 37.396779361, 136.898668944 37.396768361, 136.898690056 37.396793556)))",900.3518044842615,656.3011977988664,30.594931099149903,30.594931099149903,石川県、輪島市、鳳至町横町，住吉区,0,0,0,8.4,multi
C:\Users\admin\Documents\GitHub\SensingRisk\sitelens\data\noto_crops\all\bldg_001166.png,20230303-49281-13461-s-8237,survived,0,136.8987244891872,37.39681754893645,"MULTIPOLYGON (((136.898690528 37.396867472, 136.898799056 37.396816444, 136.898762194 37.396766528, 136.898646972 37.396820722, 136.898690528 37.396867472)))",902.3607828934988,636.2343937899677,42.525768635008035,42.525768635008035,石川県、輪島市、鳳至町横町，住吉区,0,0,0,8.4,multi
C:\Users\admin\Documents\GitHub\SensingRisk\sitelens\data\noto_crops\all\bldg_001167.png,20230303-49281-13461-s-8271,survived,0,136.89874387100198,37.397048071070756,"MULTIPOLYGON (((136.898842861 37.397130278, 136.898700694 37.396920028, 136.8986495 37.396942056, 136.898709194 37.397030361, 136.898684694 37.397040889, 136.898764222 37.3971585, 136.898842861 37.397130278)))",885.9752431550684,563.3774477448361,83.93394532222317,83.93394532222317,石川県、輪島市、鳳至町横町，住吉区,0,0,0,8.4,multi
C:\Users\admin\Documents\GitHub\SensingRisk\sitelens\data\noto_crops\all\bldg_001168.png,20230303-49281-13461-s-8157,survived,0,136.89874050548462,37.396497286044735,"MULTIPOLYGON (((136.898710389 37.396539694, 136.898809944 37.396482083, 136.898789583 37.396459667, 136.898758944 37.396477389, 136.898747056 37.396464333, 136.898676667 37.396505056, 136.898710389 37.396539694)))",908.7728018283844,713.3208393242292,37.26695028411018,37.26695028411018,石川県、輪島市、鳳至町横町，住吉区,0,0,0,8.4,multi
C:\Users\admin\Documents\GitHub\SensingRisk\sitelens\data\noto_crops\all\bldg_001169.png,20230303-49281-13461-s-8400,destroyed,1,136.89873631868468,37.3975605643858,"MULTIPOLYGON (((136.898774056 37.397573556, 136.898742833 37.397528194, 136.898698583 37.397547556, 136.898729806 37.397592944, 136.898774056 37.397573556)))",914.0800840138915,470.9995538976234,24.04781634022362,24.04781634022362,石川県、輪島市、鳳至町下町,0,0,0,8.4,multi
C:\Users\admin\Documents\GitHub\SensingRisk\sitelens\data\noto_crops\all\bldg_001170.png,20230303-49281-13461-s-8253,survived,0,136.89878426695373,37.39689731521689,"MULTIPOLYGON (((136.898755194 37.396961778, 136.898810556 37.39693925, 136.898803 37.396927417, 136.898830222 37.396916333, 136.898842028 37.396934806, 136.898869167 37.396923778, 136.898811833 37.396834056, 136.898704389 37.396877778, 136.898755194 37.396961778)))",910.8595222080091,613.8599939373966,49.30123224702015,49.30123224702015,石川県、輪島市、鳳至町横町，住吉区,0,0,0,8.4,multi
C:\Users\admin\Documents\GitHub\SensingRisk\sitelens\data\noto_crops\all\bldg_001171.png,20230303-49281-13461-s-8165,survived,0,136.89880780941044,37.396536572838826,"MULTIPOLYGON (((136.898775972 37.3965875, 136.898878528 37.396527528, 136.898839944 37.396485528, 136.898736861 37.396545806, 136.898775972 37.3965875)))",919.1353915603331,703.0376990444045,40.54772996014253,40.54772996014253,石川県、輪島市、鳳至町横町，住吉区,0,0,0,8.4,multi
C:\Users\admin\Documents\GitHub\SensingRisk\sitelens\data\noto_crops\all\bldg_001172.png,20230303-49281-13461-s-8277,destroyed,1,136.89887369257187,37.39704891674277,"MULTIPOLYGON (((136.898856222 37.397130083, 136.898981139 37.397079111, 136.898927722 37.39699575, 136.898873722 37.397017806, 136.898842056 37.396968417, 136.898768972 37.396998222, 136.898856222 37.397130083)))",920.5533841410984,571.5883950326502,62.82574583960081,62.82574583960081,石川県、輪島市、鳳至町横町，住吉区,0,0,0,8.4,multi
C:\Users\admin\Documents\GitHub\SensingRisk\sitelens\data\noto_crops\all\bldg_001173.png,20230303-49281-13461-s-8119,survived,0,136.89881519662245,37.39633584265561,"MULTIPOLYGON (((136.898844444 37.396373278, 136.898808139 37.396292111, 136.898785944 37.396298444, 136.898822278 37.396379583, 136.898844444 37.396373278)))",925.4136963113929,755.0032523769804,30.78713670609045,30.78713670609045,石川県、輪島市、鳳至町住吉区，末広北,0,0,0,8.4,multi
C:\Users\admin\Documents\GitHub\SensingRisk\sitelens\data\noto_crops\all\bldg_001174.png,20230303-49281-13461-s-8391,survived,0,136.89884050279375,37.39754679308798,"MULTIPOLYGON (((136.898902389 37.397590333, 136.898832556 37.397480528, 136.898780167 37.397505444, 136.898845528 37.397610472, 136.898902389 37.397590333)))",922.801764433285,463.6913984292286,45.735820514559066,45.735820514559066,石川県、輪島市、鳳至町下町,0,0,0,8.4,multi
C:\Users\admin\Documents\GitHub\SensingRisk\sitelens\data\noto_crops\all\bldg_001175.png,20230303-49281-13461-s-8189,survived,0,136.8988714469797,37.39663636541537,"MULTIPOLYGON (((136.898800861 37.396643528, 136.898844889 37.396689028, 136.898942028 37.396629222, 136.898898 37.396583694, 136.898800861 37.396643528)))",930.6541472253471,679.244119207602,41.27794129505378,41.27794129505378,石川県、輪島市、鳳至町横町，住吉区,0,0,0,8.4,multi
C:\Users\admin\Documents\GitHub\SensingRisk\sitelens\data\noto_crops\all\bldg_001176.png,20230303-49281-13461-s-8215,survived,0,136.89888781505954,37.39672114671721,"MULTIPOLYGON (((136.898840111 37.396786639, 136.898979222 37.396703528, 136.898937833 37.396654639, 136.898794528 37.39674025, 136.898840111 37.396786639)))",927.8487612424769,653.7869738632323,52.64162062701678,52.64162062701678,石川県、輪島市、鳳至町横町，住吉区,0,0,0,8.4,multi
C:\Users\admin\Documents\GitHub\SensingRisk\sitelens\data\noto_crops\all\bldg_001177.png,20230303-49281-13461-s-8332,survived,0,136.89894378247462,37.397309150424775,"MULTIPOLYGON (((136.898883417 37.39727925, 136.898944389 37.397365833, 136.899004139 37.397339056, 136.898943194 37.397252472, 136.898883417 37.39727925)))",944.3956691028291,521.6353811172236,40.762780952133085,40.762780952133085,石川県、輪島市、鳳至町下町,0,0,0,8.4,multi
C:\Users\admin\Documents\GitHub\SensingRisk\sitelens\data\noto_crops\all\bldg_001178.png,20230303-49281-13461-s-8380,survived,0,136.89896647274315,37.39750030113621,"MULTIPOLYGON (((136.899010694 37.397532972, 136.898960917 37.397452417, 136.89892225 37.397467611, 136.898972028 37.397548194, 136.899010694 37.397532972)))",952.1524222068576,480.30880990144846,33.710211184437696,33.710211184437696,石川県、輪島市、鳳至町下町,0,0,0,8.4,multi
C:\Users\admin\Documents\GitHub\SensingRisk\sitelens\data\noto_crops\all\bldg_001179.png,20230303-49281-13461-s-8325,survived,0,136.89902275399604,37.397287968795354,"MULTIPOLYGON (((136.898959639 37.397244167, 136.899034722 37.397354028, 136.899085861 37.397331778, 136.899010806 37.397221917, 136.898959639 37.397244167)))",956.2492423695935,523.7372611380829,46.49853001648614,46.49853001648614,石川県、輪島市、鳳至町下町,0,0,0,8.4,multi
C:\Users\admin\Documents\GitHub\SensingRisk\sitelens\data\noto_crops\all\bldg_001180.png,20230303-49281-13461-s-8387,survived,0,136.89904577654963,37.39751085333988,"MULTIPOLYGON (((136.899094861 37.397542722, 136.899081667 37.397496556, 136.899061306 37.39750025, 136.899050222 37.397461444, 136.899002167 37.397470167, 136.899026528 37.397555472, 136.899094861 37.397542722)))",967.7539534216288,478.7036706924602,33.09462331298397,33.09462331298397,石川県、輪島市、鳳至町下町,0,0,0,8.4,multi
C:\Users\admin\Documents\GitHub\SensingRisk\sitelens\data\noto_crops\all\bldg_001181.png,manual,survived,0,136.89911826585748,37.397403354452784,"MULTIPOLYGON (((136.8990414815738 37.39737941395449, 136.89918022251504 37.39735828319911, 136.89919182649072 37.3974292266976, 136.89905853467786 37.39744766315052, 136.8990414815738 37.39737941395449)))",975.9837448543973,498.9825940592766,42.03948576715254,42.03948576715254,石川県、輪島市、鳳至町下町,0,0,0,8.4,multi
C:\Users\admin\Documents\GitHub\SensingRisk\sitelens\data\noto_crops\all\bldg_001182.png,20230303-49281-13461-s-8305,survived,0,136.8991542560108,37.397193556813896,"MULTIPOLYGON (((136.899218917 37.397235833, 136.899137139 37.397127167, 136.899091333 37.397149083, 136.899166556 37.397258361, 136.899218917 37.397235833)))",981.0871071407544,546.2387165264604,46.17577754338322,46.17577754338322,石川県、輪島市、鳳至町下町,0,0,0,8.4,multi
C:\Users\admin\Documents\GitHub\SensingRisk\sitelens\data\noto_crops\all\bldg_001183.png,20230303-49281-13461-s-8339,survived,0,136.89924149968843,37.397322242963305,"MULTIPOLYGON (((136.899190111 37.397350194, 136.89930075 37.397337333, 136.899292861 37.397294278, 136.89918225 37.397307167, 136.899190111 37.397350194)))",1003.7089621331957,522.3793093343478,33.135001601113345,33.135001601113345,石川県、輪島市、鳳至町下町,0,0,0,8.4,multi
C:\Users\admin\Documents\GitHub\SensingRisk\sitelens\data\noto_crops\all\bldg_001184.png,20230303-49281-13461-s-8427,survived,0,136.89947958350004,37.3976976665,"MULTIPOLYGON (((136.899437 37.397720722, 136.899525167 37.39771675, 136.899522167 37.397674611, 136.899434 37.397678583, 136.899437 37.397720722)))",1051.9123736805386,438.10832058711037,25.49214085472954,25.49214085472954,石川県、輪島市、鳳至町浜町上，下,0,0,0,8.4,multi
C:\Users\admin\Documents\GitHub\SensingRisk\sitelens\data\noto_crops\all\bldg_001185.png,20230303-49281-13461-s-8437,survived,0,136.89949356531528,37.39776471409039,"MULTIPOLYGON (((136.899557278 37.397750333, 136.899524417 37.397752028, 136.899522639 37.397730333, 136.899435333 37.397734889, 136.899440306 37.397796, 136.899561361 37.397789722, 136.899557278 37.397750333)))",1050.5362225426568,417.8652341306182,35.23998295995921,35.23998295995921,石川県、輪島市、鳳至町浜町上，下,0,0,0,8.4,multi
C:\Users\admin\Documents\GitHub\SensingRisk\sitelens\data\noto_crops\all\bldg_001186.png,20230303-49281-13461-s-8216,survived,0,136.8987811685252,37.39669559271648,"MULTIPOLYGON (((136.898768694 37.396734028, 136.898832083 37.396697472, 136.898795139 37.396656694, 136.89872925 37.396694694, 136.898768694 37.396734028)))",919.2656223112233,670.933858953937,30.21049969980038,30.21049969980038,石川県、輪島市、鳳至町横町，住吉区,0,0,0,8.4,multi
C:\Users\admin\Documents\GitHub\SensingRisk\sitelens\data\noto_crops\all\bldg_001187.png,20230303-49281-13461-s-8324,survived,0,136.8982655580367,37.39730358653844,"MULTIPOLYGON (((136.898265083 37.397386833, 136.898348889 37.39735425, 136.898322222 37.397310639, 136.8983125 37.397314417, 136.898252111 37.397215583, 136.898186972 37.397240917, 136.898246167 37.397337778, 136.898236222 37.397341639, 136.898265083 37.397386833)))",808.6528979195087,513.7438426311388,60.27411241539414,60.27411241539414,石川県、輪島市、鳳至町横町，住吉区,0,0,0,8.4,multi
C:\Users\admin\Documents\GitHub\SensingRisk\sitelens\data\noto_crops\all\bldg_001188.png,20230303-49281-13461-s-8321,survived,0,136.89851664339113,37.39725036586729,"MULTIPOLYGON (((136.898455889 37.397306222, 136.898621972 37.397236861, 136.898597222 37.397199111, 136.898523472 37.397229889, 136.898513 37.397213917, 136.898422278 37.397251806, 136.898455889 37.397306222)))",858.2559986114502,527.3516134996917,55.8384895324707,55.8384895324707,石川県、輪島市、鳳至町横町，住吉区,0,0,0,8.4,multi
C:\Users\admin\Documents\GitHub\SensingRisk\sitelens\data\noto_crops\all\bldg_001189.png,20230303-49281-13461-s-8293,survived,0,136.89851192435086,37.39710959352881,"MULTIPOLYGON (((136.898479639 37.397140556, 136.898564917 37.397106778, 136.898546944 37.397077889, 136.898456583 37.397113694, 136.898479639 37.397140556)))",868.9085987091065,573.7829048776904,30.29238195949131,30.29238195949131,石川県、輪島市、鳳至町横町，住吉区,0,0,0,8.4,multi
C:\Users\admin\Documents\GitHub\SensingRisk\sitelens\data\noto_crops\all\bldg_001190.png,20230303-49281-13461-s-8195,survived,0,136.89874876029876,37.39663740806746,"MULTIPOLYGON (((136.898728583 37.396673833, 136.898799722 37.396629278, 136.898765444 37.396602389, 136.898700306 37.396643361, 136.898728583 37.396673833)))",914.4430524149716,685.2586837013249,28.427559193138336,28.427559193138336,石川県、輪島市、鳳至町横町，住吉区,0,0,0,8.4,multi
C:\Users\admin\Documents\GitHub\SensingRisk\sitelens\data\noto_crops\all\bldg_001191.png,20230303-49281-13461-s-8255,survived,0,136.89905799218118,37.39692420269234,"MULTIPOLYGON (((136.898986278 37.396894361, 136.899050972 37.396987472, 136.899128778 37.3969525, 136.899067083 37.396862361, 136.898986278 37.396894361)))",962.9441561002366,609.1379058573308,46.07488073398713,46.07488073398713,石川県、輪島市、鳳至町横町，住吉区,0,0,0,8.4,multi
C:\Users\admin\Documents\GitHub\SensingRisk\sitelens\data\noto_crops\all\bldg_001192.png,20230303-49281-13461-s-8385,survived,0,136.8992355,37.39750487500001,"MULTIPOLYGON (((136.899181944 37.397549861, 136.899305278 37.39753225, 136.899289056 37.397459889, 136.899165722 37.3974775, 136.899181944 37.397549861)))",999.6466388967302,476.58036792297264,39.02268594106033,39.02268594106033,石川県、輪島市、鳳至町下町,0,0,0,8.4,multi
C:\Users\admin\Documents\GitHub\SensingRisk\sitelens\data\noto_crops\all\bldg_001193.png,20230303-49281-13461-s-8356,survived,0,136.89925910699415,37.39738239691226,"MULTIPOLYGON (((136.899215278 37.397417917, 136.899316194 37.397402639, 136.899302944 37.397346889, 136.899202028 37.397362139, 136.899215278 37.397417917)))",1007.5978275934856,508.86743614858926,31.92312736511235,31.92312736511235,石川県、輪島市、鳳至町下町,0,0,0,8.4,multi
C:\Users\admin\Documents\GitHub\SensingRisk\sitelens\data\noto_crops\all\bldg_001194.png,20230303-49281-13461-s-8944,survived,0,136.8987817668794,37.39733463335217,"MULTIPOLYGON (((136.898731611 37.39729075, 136.8988 37.397392222, 136.898831917 37.397378528, 136.898763556 37.397277056, 136.898731611 37.39729075)))",914.308224694149,515.7692874512525,40.53447258694405,40.53447258694405,石川県、輪島市、鳳至町下町,0,0,0,8.4,multi
C:\Users\admin\Documents\GitHub\SensingRisk\sitelens\data\noto_crops\all\bldg_001195.png,20230303-49281-13461-s-8389,survived,0,136.8991326110797,37.397510805723336,"MULTIPOLYGON (((136.899172694 37.397539306, 136.899159472 37.397473722, 136.899092528 37.397482306, 136.89910575 37.397547889, 136.899172694 37.397539306)))",986.5740580967747,481.2961321286242,26.808048049936872,26.808048049936872,石川県、輪島市、鳳至町下町,0,0,0,8.4,multi
C:\Users\admin\Documents\GitHub\SensingRisk\sitelens\data\noto_crops\all\bldg_001196.png,20230303-49281-13461-s-8397,survived,0,136.89828092030388,37.39756499527227,"MULTIPOLYGON (((136.898253583 37.397524667, 136.898274278 37.397550806, 136.898235583 37.397570333, 136.898265944 37.397608694, 136.898328806 37.397577, 136.898277944 37.39751275, 136.898253583 37.397524667)))",824.5644617290366,466.1030668549084,33.76898944157995,33.76898944157995,石川県、輪島市、鳳至町下町,0,0,0,8.4,multi
C:\Users\admin\Documents\GitHub\SensingRisk\sitelens\data\noto_crops\all\bldg_001197.png,20230303-49281-13461-s-8370,survived,0,136.89889160869282,37.397491492184066,"MULTIPOLYGON (((136.898957056 37.3975535, 136.898867889 37.397412639, 136.898826167 37.397429472, 136.898915306 37.397570333, 136.898957056 37.3975535)))",927.3010859168529,471.48192278195023,55.50286647009324,55.50286647009324,石川県、輪島市、鳳至町下町,0,0,0,8.4,multi
C:\Users\admin\Documents\GitHub\SensingRisk\sitelens\data\noto_crops\all\bldg_001198.png,20230303-49281-13461-s-7796,survived,0,136.8984223481013,37.3947914501748,"MULTIPOLYGON (((136.898437056 37.394821139, 136.898449389 37.394768444, 136.898407444 37.394762167, 136.898395278 37.394814, 136.898437056 37.394821139)))",857.1947012154461,1122.3542281448115,20.756116539597315,20.756116539597315,石川県、輪島市、鳳至町末広,0,0,0,8.4,multi
C:\Users\admin\Documents\GitHub\SensingRisk\sitelens\data\noto_crops\all\bldg_001199.png,20230303-49281-13461-s-7980,survived,0,136.8984742160067,37.395589970085446,"MULTIPOLYGON (((136.898402139 37.395565972, 136.898478972 37.395649861, 136.898546333 37.395616639, 136.898469694 37.395528833, 136.898402139 37.395565972)))",854.5902999621578,922.9005908053124,45.31557356875169,45.31557356875169,石川県、輪島市、鳳至町末広南,0,0,0,8.4,multi
C:\Users\admin\Documents\GitHub\SensingRisk\sitelens\data\noto_crops\all\bldg_001200.png,20230303-49281-13461-s-7805,survived,0,136.898597949771,37.39482518660502,"MULTIPOLYGON (((136.898648389 37.394859278, 136.898665028 37.394804472, 136.8985785 37.394791861, 136.898572306 37.394808639, 136.898533778 37.394803333, 136.898522194 37.394839917, 136.898648389 37.394859278)))",879.5315590487586,1104.8043511963926,39.93928117222265,39.93928117222265,石川県、輪島市、鳳至町末広,0,0,0,8.4,multi
C:\Users\admin\Documents\GitHub\SensingRisk\sitelens\data\noto_crops\all\bldg_001201.png,20230303-49281-13461-s-8007,survived,0,136.89859491423587,37.39576419226744,"MULTIPOLYGON (((136.89852025 37.395735, 136.898522611 37.395829472, 136.898659139 37.395827278, 136.898655222 37.395670528, 136.89852025 37.395735)))",870.7996993645274,879.8907440122912,55.94282350058472,55.94282350058472,石川県、輪島市、鳳至町住吉区，末広北,0,0,0,8.4,multi
C:\Users\admin\Documents\GitHub\SensingRisk\sitelens\data\noto_crops\all\bldg_001202.png,20230303-49281-13461-s-7767,destroyed,1,136.89864997034846,37.39472187409329,"MULTIPOLYGON (((136.898621889 37.394745972, 136.898700306 37.394755694, 136.89870975 37.394707194, 136.898583333 37.394691528, 136.898577944 37.394719139, 136.898625306 37.394725028, 136.898621889 37.394745972)))",890.4380543443892,1130.2701017901154,36.855628866619554,36.855628866619554,石川県、輪島市、鳳至町末広,0,0,0,8.4,multi
C:\Users\admin\Documents\GitHub\SensingRisk\sitelens\data\noto_crops\all\bldg_001203.png,20230303-49281-13461-s-7939,destroyed,1,136.89970101006696,37.39543534891554,"MULTIPOLYGON (((136.899706528 37.3954775, 136.899710556 37.395487111, 136.899767611 37.395471944, 136.899726972 37.395374667, 136.899645083 37.395396472, 136.899654833 37.395419833, 136.899638472 37.395424194, 136.899665889 37.395489806, 136.899706528 37.3954775)))",1085.230296599285,961.3396360745467,42.16747574127464,42.16747574127464,石川県、輪島市、河井町川端丁,0,0,0,8.4,multi
C:\Users\admin\Documents\GitHub\SensingRisk\sitelens\data\noto_crops\all\bldg_001204.png,20230303-49281-13461-s-8968,destroyed,1,136.89966934627748,37.39528059209195,"MULTIPOLYGON (((136.899694944 37.395300944, 136.899674194 37.395252028, 136.89964375 37.395260222, 136.8996645 37.395309167, 136.899694944 37.395300944)))",1089.9774426423166,1007.9490352609027,20.110963558623553,20.110963558623553,石川県、輪島市、河井町川端丁,0,0,0,8.4,multi
C:\Users\admin\Documents\GitHub\SensingRisk\sitelens\data\noto_crops\all\bldg_001205.png,20230303-49281-13461-s-8942,destroyed,1,136.89968333318922,37.3953486944184,"MULTIPOLYGON (((136.899692361 37.395315972, 136.899649083 37.395329306, 136.899674306 37.395381417, 136.899717583 37.395368083, 136.899692361 37.395315972)))",1090.9436996299573,990.3295776653962,23.392808321076018,23.392808321076018,石川県、輪島市、河井町川端丁,0,0,0,8.4,multi
C:\Users\admin\Documents\GitHub\SensingRisk\sitelens\data\noto_crops\all\bldg_001206.png,20230303-49281-13461-s-7787,survived,0,136.89980931644104,37.39484184712884,"MULTIPOLYGON (((136.89967211691987 37.394894494551416, 136.89985661691986 37.39490204955142, 136.89985795091988 37.39488110555142, 136.89990208991986 37.39488291155142, 136.89990475591986 37.39484141155142, 136.89986733991987 37.39483988355142, 136.89987078391988 37.39478629955142, 136.8998525619199 37.39478557755142, 136.89985633991986 37.394726938551415, 136.89981117291987 37.39472507755142, 136.8998070619199 37.394788688551415, 136.89982331191987 37.39478935555142, 136.89981864491986 37.39486188355142, 136.89967375591988 37.394855938551416, 136.89967211691987 37.394894494551416)))",1087.8232931088041,1093.1816043325055,68.81901641343075,68.81901641343075,石川県、輪島市、河井町森の下,0,0,0,8.4,multi
C:\Users\admin\Documents\GitHub\SensingRisk\sitelens\data\noto_crops\all\bldg_001207.png,20230303-49281-13461-s-8041,destroyed,1,136.89981521447046,37.39591197551919,"MULTIPOLYGON (((136.899710556 37.395957806, 136.89980625 37.395942528, 136.899805583 37.395915694, 136.899846694 37.395905083, 136.899861556 37.395931333, 136.899925139 37.395909417, 136.899902139 37.3958605, 136.899694972 37.395927389, 136.899710556 37.395957806)))",1094.083210987515,838.3382205934047,64.35935792393138,64.35935792393138,石川県、輪島市、河井町川端丁,1,0,0,8.4,multi
C:\Users\admin\Documents\GitHub\SensingRisk\sitelens\data\noto_crops\all\bldg_001208.png,20230303-49281-13461-s-8063,destroyed,1,136.89985172973022,37.396041186551216,"MULTIPOLYGON (((136.899725778 37.396046028, 136.899744333 37.396093639, 136.899981472 37.396033528, 136.899960722 37.395989972, 136.899725778 37.396046028)))",1098.6362211916182,803.6432077229741,71.49722446335682,71.49722446335682,石川県、輪島市、河井町川端丁,1,0,0,8.4,multi
C:\Users\admin\Documents\GitHub\SensingRisk\sitelens\data\noto_crops\all\bldg_001209.png,20230303-49281-13461-s-8092,destroyed,1,136.8998079701221,37.39616920584034,"MULTIPOLYGON (((136.899851028 37.396158417, 136.899845861 37.396145278, 136.899774278 37.396163278, 136.899787222 37.396196056, 136.899818556 37.396188167, 136.899812111 37.396171833, 136.899851028 37.396158417)))",1116.0166713078818,798.4248470617822,21.460855473412266,21.460855473412266,石川県、輪島市、河井町川端丁,1,0,0,8.4,multi
C:\Users\admin\Documents\GitHub\SensingRisk\sitelens\data\noto_crops\all\bldg_001210.png,20230303-49281-13461-s-8105,destroyed,1,136.89983235758206,37.39625359615326,"MULTIPOLYGON (((136.899816944 37.396296611, 136.899861806 37.396282417, 136.899852444 37.396263583, 136.899876306 37.396256028, 136.899855389 37.396213944, 136.899787167 37.396235556, 136.899816944 37.396296611)))",1115.3768967511542,774.3743255401332,29.855249068017883,29.855249068017883,石川県、輪島市、河井町川端丁,1,0,0,8.4,multi
C:\Users\admin\Documents\GitHub\SensingRisk\sitelens\data\noto_crops\all\bldg_001211.png,20230303-49281-13461-s-8893,destroyed,1,136.8999987253408,37.39558324712069,"MULTIPOLYGON (((136.899928417 37.395617972, 136.9 37.395605556, 136.900005278 37.395604639, 136.900077917 37.395592083, 136.900066139 37.39554875, 136.900005278 37.395559278, 136.9 37.395560194, 136.899922333 37.395573639, 136.899928417 37.395617972)))",1139.9421930154165,925.2107352717792,43.50443957116863,43.50443957116863,石川県、輪島市、河井町森の下,1,0,0,8.4,multi
C:\Users\admin\Documents\GitHub\SensingRisk\sitelens\data\noto_crops\all\bldg_001212.png,20230303-49284-13461-s-6591,destroyed,1,136.9001732805813,37.396077998594066,"MULTIPOLYGON (((136.9001425 37.39613225, 136.900243444 37.396102083, 136.900200417 37.396022111, 136.900104667 37.39605525, 136.9001425 37.39613225)))",1173.0549053820723,810.0287948049673,42.125005225455766,42.125005225455766,石川県、輪島市、河井町川端丁,1,0,0,8.4,multi
C:\Users\admin\Documents\GitHub\SensingRisk\sitelens\data\noto_crops\all\bldg_001213.png,20230303-49284-13461-s-6501,destroyed,1,136.9001998867782,37.39572393811625,"MULTIPOLYGON (((136.900260528 37.395738083, 136.900238972 37.395683639, 136.900138 37.395711417, 136.900161 37.395763333, 136.900260528 37.395738083)))",1181.6859569708506,896.9528440439733,34.26131203439513,34.26131203439513,石川県、輪島市、河井町森の下,1,0,0,8.4,multi
C:\Users\admin\Documents\GitHub\SensingRisk\sitelens\data\noto_crops\all\bldg_001214.png,20230303-49284-13461-s-6461,destroyed,1,136.90020160730901,37.395525974330305,"MULTIPOLYGON (((136.900165472 37.395548167, 136.900248472 37.395531667, 136.900239694 37.395503611, 136.900152944 37.395520861, 136.900165472 37.395548167)))",1185.7300116856893,947.0926180498318,26.711564826965287,26.711564826965287,石川県、輪島市、河井町森の下,1,0,0,8.4,multi
C:\Users\admin\Documents\GitHub\SensingRisk\sitelens\data\noto_crops\all\bldg_001215.png,20230303-49284-13461-s-6546,destroyed,1,136.90023767566996,37.3958737287103,"MULTIPOLYGON (((136.900224722 37.395907, 136.900268833 37.395894639, 136.900250361 37.395841028, 136.900207 37.395851639, 136.900224722 37.395907)))",1194.4120232890505,867.1531082287067,23.2198758780047,23.2198758780047,石川県、輪島市、河井町森の下,1,0,0,8.4,multi
C:\Users\admin\Documents\GitHub\SensingRisk\sitelens\data\noto_crops\all\bldg_001216.png,20230303-49284-13461-s-6448,destroyed,1,136.90031507504307,37.39549996893994,"MULTIPOLYGON (((136.900269361 37.395534694, 136.900379306 37.395499778, 136.900361972 37.395465, 136.900249778 37.395500639, 136.900269361 37.395534694)))",1202.1966627703773,948.4496659627891,36.218653901418065,36.218653901418065,石川県、輪島市、河井町森の下,0,0,0,8.4,multi
C:\Users\admin\Documents\GitHub\SensingRisk\sitelens\data\noto_crops\all\bldg_001218.png,20230303-49284-13461-s-6237,survived,0,136.90038783499253,37.39475453596618,"MULTIPOLYGON (((136.9003271609973 37.394804427378226, 136.9003935779973 37.39482303837823, 136.90045074399728 37.39471351037823, 136.9003791329973 37.39468295537823, 136.9003271609973 37.394804427378226)))",1209.5249118185438,1117.1505036891144,49.30439993744494,49.30439993744494,石川県、輪島市、河井町森の下,0,0,0,8.4,multi
C:\Users\admin\Documents\GitHub\SensingRisk\sitelens\data\noto_crops\all\bldg_001219.png,20230303-49284-13461-s-6555,destroyed,1,136.9000884215757,37.39590774899292,"MULTIPOLYGON (((136.900075778 37.395948139, 136.900121528 37.395936083, 136.900100833 37.395868694, 136.900056 37.395876944, 136.900075778 37.395948139)))",1164.236965674936,856.7097603374665,27.961908674016172,27.961908674016172,石川県、輪島市、河井町森の下,1,0,0,8.4,multi
C:\Users\admin\Documents\GitHub\SensingRisk\sitelens\data\noto_crops\all\bldg_001220.png,20230303-49284-13461-s-6604,destroyed,1,136.90031264602138,37.396125133909145,"MULTIPOLYGON (((136.900280611 37.396160556, 136.900365111 37.396138694, 136.9003465 37.396090722, 136.900259861 37.396110444, 136.900280611 37.396160556)))",1205.2077070077262,805.0057968851098,29.430033074484754,29.430033074484754,石川県、輪島市、河井町川端丁,1,0,0,8.4,multi
C:\Users\admin\Documents\GitHub\SensingRisk\sitelens\data\noto_crops\all\bldg_001221.png,20230303-49281-13461-s-8127,destroyed,1,136.89989231452486,37.39635583693028,"MULTIPOLYGON (((136.8998465 37.396386083, 136.899950417 37.396366056, 136.899938167 37.396325583, 136.899834167 37.396345639, 136.8998465 37.396386083)))",1125.3399566544426,749.4543028067978,32.50585600535078,32.50585600535078,石川県、輪島市、河井町川端丁,1,0,0,8.4,multi
C:\Users\admin\Documents\GitHub\SensingRisk\sitelens\data\noto_crops\all\bldg_001222.png,20230303-49281-13461-s-8051,destroyed,1,136.8998310059541,37.395977624946674,"MULTIPOLYGON (((136.89972525 37.396026389, 136.899951778 37.395978639, 136.899934 37.395924944, 136.899851139 37.395942417, 136.899859333 37.395967167, 136.899802833 37.395979083, 136.899794889 37.395955056, 136.899709667 37.395973028, 136.89972525 37.396026389)))",1096.2659267902375,821.0613515197732,67.6991423871782,67.6991423871782,石川県、輪島市、河井町川端丁,1,0,0,8.4,multi
C:\Users\admin\Documents\GitHub\SensingRisk\sitelens\data\noto_crops\all\bldg_001223.png,20230303-49281-13461-s-7965,destroyed,1,136.89972450759643,37.395542227026944,"MULTIPOLYGON (((136.899664806 37.395589944, 136.899796417 37.395553306, 136.899770222 37.395493417, 136.89967375 37.395520278, 136.899684944 37.395545861, 136.899648722 37.395555972, 136.899664806 37.395589944)))",1089.3050598727332,936.093766094978,41.298515288035105,41.298515288035105,石川県、輪島市、河井町川端丁,0,0,0,8.4,multi
C:\Users\admin\Documents\GitHub\SensingRisk\sitelens\data\noto_crops\all\bldg_001224.png,20230303-49284-13461-s-6523,destroyed,1,136.90009391175516,37.39581848996641,"MULTIPOLYGON (((136.900042583 37.395865, 136.900172722 37.39582475, 136.900146944 37.395771694, 136.900013611 37.395812944, 136.900042583 37.395865)))",1156.7932753668892,869.5796294847132,44.4906602541605,44.4906602541605,石川県、輪島市、河井町森の下,1,0,0,8.4,multi
C:\Users\admin\Documents\GitHub\SensingRisk\sitelens\data\noto_crops\all\bldg_001225.png,20230303-49284-13461-s-6553,destroyed,1,136.90017035033156,37.39589065219547,"MULTIPOLYGON (((136.9002055 37.395915667, 136.900185833 37.395855806, 136.900135222 37.395866389, 136.900154444 37.395924833, 136.9002055 37.395915667)))",1181.207753019715,862.7161123002113,24.441900513202654,24.441900513202654,石川県、輪島市、河井町森の下,1,0,0,8.4,multi
C:\Users\admin\Documents\GitHub\SensingRisk\sitelens\data\noto_crops\all\bldg_001226.png,20230303-49281-13461-s-7818,destroyed,1,136.8997453594521,37.39482295363175,"MULTIPOLYGON (((136.89979092291986 37.394841494551414, 136.89979270091987 37.39480535555142, 136.89969931191987 37.39480393855142, 136.89969950591987 37.394841299551416, 136.89979092291986 37.394841494551414)))",1101.2665474997627,1112.3866897864746,26.113457081052957,26.113457081052957,石川県、輪島市、河井町森の下,0,0,0,8.4,multi
C:\Users\admin\Documents\GitHub\SensingRisk\sitelens\data\noto_crops\all\bldg_001227.png,20230303-49284-13461-s-6524,destroyed,1,136.9002093881904,37.39580589339542,"MULTIPOLYGON (((136.900194333 37.3958385, 136.900248917 37.395825528, 136.900225194 37.395773, 136.900169111 37.395787194, 136.900194333 37.3958385)))",1188.2680673082778,882.4146894737715,24.732154827626005,24.732154827626005,石川県、輪島市、河井町森の下,1,0,0,8.4,multi
C:\Users\admin\Documents\GitHub\SensingRisk\sitelens\data\noto_crops\all\bldg_001229.png,20230303-49281-13461-s-7786,survived,0,136.8997451509238,37.39475513478157,"MULTIPOLYGON (((136.89978825591987 37.39479282755142, 136.89978925591987 37.39472546655142, 136.89969364491986 37.39472288355142, 136.89969383991988 37.39476954955142, 136.89972850591988 37.39476974455142, 136.89972842291988 37.39479238355142, 136.89978825591987 37.39479282755142)))",1099.6593841595516,1126.848054454159,27.629183845441048,27.629183845441048,石川県、輪島市、河井町森の下,0,0,0,8.4,multi
C:\Users\admin\Documents\GitHub\SensingRisk\sitelens\data\noto_crops\all\bldg_001230.png,20230303-49281-13461-s-8076,destroyed,1,136.8999432088768,37.39608132245082,"MULTIPOLYGON (((136.899899778 37.396107833, 136.899997722 37.396086028, 136.899986778 37.396054778, 136.899888528 37.396076694, 136.899899778 37.396107833)))",1135.8024149682788,814.8569642657092,30.53285539415151,30.53285539415151,石川県、輪島市、河井町川端丁,1,0,0,8.4,multi
C:\Users\admin\Documents\GitHub\SensingRisk\sitelens\data\noto_crops\all\bldg_001231.png,20230303-49284-13461-s-6959,destroyed,1,136.90042173630547,37.395447694540266,"MULTIPOLYGON (((136.900398861 37.395480722, 136.900466167 37.395460583, 136.900444611 37.395414667, 136.900377306 37.395434806, 136.900398861 37.395480722)))",1227.3261270040744,965.8338850752882,25.92473166893467,25.92473166893467,石川県、輪島市、河井町森の下,0,0,0,8.4,multi
C:\Users\admin\Documents\GitHub\SensingRisk\sitelens\data\noto_crops\all\bldg_001232.png,20230303-49281-13461-s-7800,survived,0,136.89848235925953,37.394801007579865,"MULTIPOLYGON (((136.898501 37.394832472, 136.898513389 37.394777167, 136.898463444 37.394770056, 136.898451278 37.394824278, 136.898501 37.394832472)))",867.7734270835201,1119.4929823000678,21.96828613328671,21.96828613328671,石川県、輪島市、鳳至町末広,0,0,0,8.4,multi
C:\Users\admin\Documents\GitHub\SensingRisk\sitelens\data\noto_crops\all\bldg_001233.png,20230303-49281-13461-s-7772,survived,0,136.89877008393162,37.394748844967346,"MULTIPOLYGON (((136.898715194 37.394769417, 136.898824944 37.394784583, 136.898832861 37.394748167, 136.898791056 37.394742417, 136.898796528 37.394717222, 136.898729861 37.394708028, 136.898715194 37.394769417)))",916.6822339057923,1126.9217547614803,32.902077907986154,32.902077907986154,石川県、輪島市、鳳至町末広,0,0,0,8.4,multi
C:\Users\admin\Documents\GitHub\SensingRisk\sitelens\data\noto_crops\all\bldg_001234.png,20230303-49281-13461-s-8967,survived,0,136.89871376892884,37.3951460904933,"MULTIPOLYGON (((136.898680917 37.395159778, 136.898745917 37.395161694, 136.898747278 37.395132528, 136.898680972 37.395130556, 136.898680917 37.395159778)))",912.6835708830092,1040.2797080018993,18.55588051478071,18.55588051478071,石川県、輪島市、鳳至町末広,0,0,0,8.4,multi
C:\Users\admin\Documents\GitHub\SensingRisk\sitelens\data\noto_crops\all\bldg_001235.png,20230303-49281-13461-s-8390,survived,0,136.89953016359942,37.3975432773504,"MULTIPOLYGON (((136.899470167 37.39758925, 136.899587472 37.397588333, 136.899586389 37.397500667, 136.899548944 37.397500944, 136.899548694 37.397480333, 136.899513833 37.397480611, 136.89951425 37.39751425, 136.899467472 37.397514611, 136.899470167 37.39758925)))",1053.7678486572102,469.25433237114305,39.635317752150684,39.635317752150684,石川県、輪島市、鳳至町浜町上，下,0,0,0,8.4,multi
C:\Users\admin\Documents\GitHub\SensingRisk\sitelens\data\noto_crops\all\bldg_001236.png,20230303-49281-13461-s-8405,survived,0,136.89918963836644,37.39759382716177,"MULTIPOLYGON (((136.899106167 37.397640889, 136.899305722 37.397613306, 136.899291611 37.397548222, 136.899111667 37.397573083, 136.899109 37.397560833, 136.89907075 37.397566111, 136.899081694 37.397616583, 136.899099694 37.397614083, 136.899106167 37.397640889)))",977.4958670245277,442.19727572059094,65.70293330616425,65.70293330616425,石川県、輪島市、鳳至町下町,0,0,0,8.4,multi
C:\Users\admin\Documents\GitHub\SensingRisk\sitelens\data\noto_crops\all\bldg_001237.png,20230303-49281-13461-s-8409,destroyed,1,136.8990347880241,37.39766056331125,"MULTIPOLYGON (((136.899008722 37.397729472, 136.899108222 37.397695111, 136.899080722 37.397644444, 136.899061889 37.397650944, 136.899018917 37.397571722, 136.898979028 37.3975855, 136.899019667 37.397660417, 136.898979861 37.397674167, 136.899008722 37.397729472)))",955.6286011498319,434.13766657306985,55.52257654644109,55.52257654644109,石川県、輪島市、鳳至町下町,0,0,0,8.4,multi
C:\Users\admin\Documents\GitHub\SensingRisk\sitelens\data\noto_crops\all\bldg_001238.png,20230303-49281-13461-s-8413,survived,0,136.89959147880595,37.39765015395778,"MULTIPOLYGON (((136.899666472 37.397648694, 136.899621083 37.39759375, 136.899547667 37.397605667, 136.899553667 37.397721028, 136.899600472 37.397719472, 136.899597667 37.397665833, 136.899666472 37.397648694)))",1066.02481689646,437.90651443151904,44.797480176671456,44.797480176671456,石川県、輪島市、鳳至町浜町上，下,0,0,0,8.4,multi
C:\Users\admin\Documents\GitHub\SensingRisk\sitelens\data\noto_crops\all\bldg_001239.png,20230303-49281-13461-s-8421,destroyed,1,136.8992023867867,37.397670626919194,"MULTIPOLYGON (((136.899117139 37.397705861, 136.899276333 37.39768775, 136.89926625 37.397631333, 136.899168444 37.397642472, 136.89917275 37.397666722, 136.8991135 37.397673472, 136.899117139 37.397705861)))",988.8269656976064,434.9096639678788,45.53140687942516,45.53140687942516,石川県、輪島市、鳳至町下町,0,0,0,8.4,multi
C:\Users\admin\Documents\GitHub\SensingRisk\sitelens\data\noto_crops\all\bldg_001240.png,20230303-49281-13461-s-8440,survived,0,136.89919431931864,37.3977978471494,"MULTIPOLYGON (((136.8991555 37.397844833, 136.899233944 37.397844417, 136.899233139 37.397750861, 136.899154694 37.397751278, 136.8991555 37.397844833)))",994.9438304469901,410.8102065362526,33.074913238303395,33.074913238303395,石川県、輪島市、鳳至町下町,0,0,0,8.4,multi
C:\Users\admin\Documents\GitHub\SensingRisk\sitelens\data\noto_crops\all\bldg_001241.png,20230303-49281-13461-s-8450,survived,0,136.8996424582391,37.39784190288299,"MULTIPOLYGON (((136.899614194 37.397806806, 136.899619306 37.397879306, 136.899670722 37.397877, 136.899665611 37.3978045, 136.899614194 37.397806806)))",1081.8558814380635,403.84562816998715,26.329140167619812,26.329140167619812,石川県、輪島市、鳳至町浜町上，下,0,0,0,8.4,multi
C:\Users\admin\Documents\GitHub\SensingRisk\sitelens\data\noto_crops\all\bldg_001242.png,20230303-49281-13461-s-8452,survived,0,136.8995011945,37.3978405695,"MULTIPOLYGON (((136.899437417 37.397815361, 136.899442 37.397872111, 136.899564972 37.397865778, 136.899560389 37.397809028, 136.899437417 37.397815361)))",1050.8535449345907,399.4896141295802,35.66696312162617,35.66696312162617,石川県、輪島市、鳳至町浜町上，下,0,0,0,8.4,multi
C:\Users\admin\Documents\GitHub\SensingRisk\sitelens\data\noto_crops\all\bldg_001243.png,20230303-49281-13461-s-8463,survived,0,136.89923745562976,37.39791775286992,"MULTIPOLYGON (((136.899321222 37.397889417, 136.899256389 37.39788975, 136.899256222 37.397873028, 136.899161861 37.397873528, 136.899162556 37.397956917, 136.899320944 37.397956083, 136.899321222 37.397889417)))",998.0039164384207,377.58461435278673,44.560565312703375,44.560565312703375,石川県、輪島市、鳳至町下町,0,0,0,8.4,multi
C:\Users\admin\Documents\GitHub\SensingRisk\sitelens\data\noto_crops\all\bldg_001244.png,20230303-49281-13461-s-8490,survived,0,136.8994799643834,37.39805771079935,"MULTIPOLYGON (((136.899535611 37.398097222, 136.899526972 37.398012194, 136.899424583 37.398018306, 136.8994325 37.398102944, 136.899535611 37.398097222)))",1047.5942009675482,349.2455535143114,34.31993295590485,34.31993295590485,石川県、輪島市、鳳至町浜町上，下,0,0,0,8.4,multi
C:\Users\admin\Documents\GitHub\SensingRisk\sitelens\data\noto_crops\all\bldg_001245.png,20230303-49281-13461-s-8492,survived,0,136.89986595715152,37.39804716107569,"MULTIPOLYGON (((136.899801667 37.398070417, 136.899934694 37.398059972, 136.89993025 37.398023917, 136.89979725 37.398034333, 136.899801667 37.398070417)))",1117.4704170809853,349.63022028189096,38.432127926084604,38.432127926084604,石川県、輪島市、鳳至町浜町上，下,0,0,0,8.4,multi
C:\Users\admin\Documents\GitHub\SensingRisk\sitelens\data\noto_crops\all\bldg_001246.png,20230303-49281-13461-s-8518,survived,0,136.89916178250513,37.39825743066112,"MULTIPOLYGON (((136.8991345 37.398287056, 136.899207806 37.398259194, 136.899189083 37.398227806, 136.89911575 37.398255667, 136.8991345 37.398287056)))",992.544843366411,306.6387898706044,25.740723265541988,25.740723265541988,石川県、輪島市、鳳至町下町,0,0,0,8.4,multi
C:\Users\admin\Documents\GitHub\SensingRisk\sitelens\data\noto_crops\all\bldg_001247.png,20230303-49284-13461-s-6844,survived,0,136.90025559094389,37.39833787699811,"MULTIPOLYGON (((136.900219694 37.3983795, 136.900304917 37.398369556, 136.900291472 37.39829625, 136.900206278 37.398306194, 136.900219694 37.3983795)))",1193.7646364352897,285.08016786657913,31.1066041664688,31.1066041664688,石川県、輪島市、鳳至町浜町上，下,0,0,0,8.4,multi
C:\Users\admin\Documents\GitHub\SensingRisk\sitelens\data\noto_crops\all\bldg_001248.png,20230303-49284-13461-s-6845,survived,0,136.9001426623507,37.39835098592188,"MULTIPOLYGON (((136.900194333 37.398374694, 136.900181861 37.398312056, 136.900153472 37.398315667, 136.900157194 37.398334444, 136.900130111 37.398337889, 136.900126083 37.398317611, 136.900091139 37.398322028, 136.900103917 37.398386083, 136.900194333 37.398374694)))",1173.5405870218458,283.26830751554354,29.476886024862893,29.476886024862893,石川県、輪島市、鳳至町浜町上，下,0,0,0,8.4,multi
C:\Users\admin\Documents\GitHub\SensingRisk\sitelens\data\noto_crops\all\bldg_001249.png,20230303-49281-13461-s-8905,survived,0,136.89995070117388,37.398373251263386,"MULTIPOLYGON (((136.9 37.39833275, 136.899927611 37.398337028, 136.899928583 37.398347389, 136.899839528 37.398351833, 136.899843806 37.398412639, 136.9 37.398404167, 136.900005278 37.398403889, 136.900055278 37.398401194, 136.900048028 37.398329917, 136.900005278 37.398332444, 136.9 37.39833275)))",1121.7022834036086,262.63162861779153,60.32807252671978,60.32807252671978,石川県、輪島市、鳳至町浜町上，下,0,0,0,8.4,multi
C:\Users\admin\Documents\GitHub\SensingRisk\sitelens\data\noto_crops\all\bldg_001250.png,20230303-49281-13461-s-8541,survived,0,136.898874514,37.398382389,"MULTIPOLYGON (((136.898922556 37.398414639, 136.898874306 37.398332278, 136.898826472 37.398350139, 136.898874722 37.3984325, 136.898922556 37.398414639)))",934.2279649625161,272.5511890304849,35.27469836408466,35.27469836408466,石川県、輪島市、鳳至町下町,0,0,0,8.4,multi
C:\Users\admin\Documents\GitHub\SensingRisk\sitelens\data\noto_crops\all\bldg_001251.png,20230303-49281-13461-s-8551,survived,0,136.89950473073927,37.39842341906968,"MULTIPOLYGON (((136.89955425 37.398456917, 136.899547972 37.39839625, 136.89952525 37.398397722, 136.899523417 37.398379861, 136.899458389 37.398386722, 136.899467083 37.398464222, 136.89955425 37.398456917)))",1054.1217091335138,265.3636404444996,31.041373207844345,31.041373207844345,石川県、輪島市、鳳至町浜町上，下,0,0,0,8.4,multi
C:\Users\admin\Documents\GitHub\SensingRisk\sitelens\data\noto_crops\all\bldg_001252.png,20230303-49284-13461-s-6846,survived,0,136.90020511812654,37.398434515572426,"MULTIPOLYGON (((136.900167861 37.398461056, 136.900244083 37.398459417, 136.900242361 37.398407972, 136.900166167 37.398409611, 136.900167861 37.398461056)))",1189.0157362302145,267.06428657113713,21.786892694897006,21.786892694897006,石川県、輪島市、鳳至町浜町上，下,0,0,0,8.4,multi
C:\Users\admin\Documents\GitHub\SensingRisk\sitelens\data\noto_crops\all\bldg_001253.png,20230303-49281-13461-s-8906,survived,0,136.89999011819413,37.39844269677347,"MULTIPOLYGON (((136.9 37.398419222, 136.899912472 37.398424583, 136.899916806 37.398470028, 136.9 37.398464944, 136.900005278 37.398464639, 136.90006775 37.398460833, 136.900063417 37.398415361, 136.900005278 37.398418917, 136.9 37.398419222)))",1138.1182300196754,254.32879186851278,43.41887576315139,43.41887576315139,石川県、輪島市、鳳至町浜町上，下,0,0,0,8.4,multi
C:\Users\admin\Documents\GitHub\SensingRisk\sitelens\data\noto_crops\all\bldg_001254.png,20230303-49281-13461-s-8564,survived,0,136.89889933993302,37.3985347374856,"MULTIPOLYGON (((136.898990139 37.398547194, 136.898940444 37.398441583, 136.898862194 37.398465028, 136.898887278 37.398518306, 136.898804361 37.398543139, 136.898841056 37.398621111, 136.898932028 37.398593889, 136.89892025 37.398568889, 136.898990139 37.398547194)))",924.1431389714268,223.276002238995,63.92094552550324,63.92094552550324,石川県、輪島市、鳳至町浜町上，下,0,0,0,8.4,multi
C:\Users\admin\Documents\GitHub\SensingRisk\sitelens\data\noto_crops\all\bldg_001255.png,20230303-49281-13461-s-8568,survived,0,136.89919406206226,37.3985006219481,"MULTIPOLYGON (((136.899231806 37.398544861, 136.899221694 37.398451861, 136.899156306 37.398456389, 136.899166444 37.398549389, 136.899231806 37.398544861)))",994.2690088204638,245.28194869381446,34.32650298302133,34.32650298302133,石川県、輪島市、鳳至町浜町上，下,0,0,0,8.4,multi
C:\Users\admin\Documents\GitHub\SensingRisk\sitelens\data\noto_crops\all\bldg_001256.png,20230303-49284-13461-s-6850,survived,0,136.90019296623825,37.39849579007864,"MULTIPOLYGON (((136.90015275 37.398514056, 136.900234917 37.398511278, 136.900229083 37.398476694, 136.900154361 37.398480083, 136.90015275 37.398514056)))",1186.316515191396,252.18930062928536,22.975558450486915,22.975558450486915,石川県、輪島市、鳳至町浜町上，下,0,0,0,8.4,multi
C:\Users\admin\Documents\GitHub\SensingRisk\sitelens\data\noto_crops\all\bldg_001257.png,20230303-49281-13461-s-8908,survived,0,136.9000036296371,37.398510369398835,"MULTIPOLYGON (((136.899912111 37.398533194, 136.9 37.398530083, 136.900005278 37.398529889, 136.900085444 37.398527028, 136.900083111 37.398485222, 136.900005278 37.398487972, 136.9 37.398488167, 136.899959222 37.398489611, 136.899959917 37.39850225, 136.899911028 37.398503972, 136.899912111 37.398533194)))",1136.9571534580655,236.04612868829196,48.77024843957702,48.77024843957702,石川県、輪島市、鳳至町浜町上，下,0,0,0,8.4,multi
C:\Users\admin\Documents\GitHub\SensingRisk\sitelens\data\noto_crops\all\bldg_001258.png,20230303-49281-13461-s-8578,survived,0,136.89969273511414,37.39857393434487,"MULTIPOLYGON (((136.899746667 37.398626389, 136.899738833 37.398519694, 136.899663167 37.398523222, 136.899664694 37.398543972, 136.899608194 37.398546611, 136.899610083 37.398572333, 136.899656333 37.398570167, 136.89966075 37.398630306, 136.899746667 37.398626389)))",1080.4396351046178,223.89340859692624,42.20032586518653,42.20032586518653,石川県、輪島市、鳳至町浜町上，下,0,0,0,8.4,multi
C:\Users\admin\Documents\GitHub\SensingRisk\sitelens\data\noto_crops\all\bldg_001259.png,20230303-49284-13461-s-6851,survived,0,136.90031218065445,37.39855559724137,"MULTIPOLYGON (((136.900278194 37.398575833, 136.900348444 37.398573139, 136.900346167 37.398535361, 136.900275917 37.398538056, 136.900278194 37.398575833)))",1209.7257646719615,239.40635460167368,20.280019087261508,20.280019087261508,石川県、輪島市、鳳至町浜町上，下,0,0,0,8.4,multi
C:\Users\admin\Documents\GitHub\SensingRisk\sitelens\data\noto_crops\all\bldg_001260.png,20230303-49281-13461-s-8909,survived,0,136.9000166374652,37.39858337336042,"MULTIPOLYGON (((136.9 37.398543333, 136.899956139 37.398544611, 136.899956556 37.398639389, 136.9 37.398637972, 136.900005278 37.398637806, 136.900025306 37.398637167, 136.900022444 37.398601889, 136.900094028 37.398599833, 136.900091389 37.39854075, 136.900005278 37.398543194, 136.9 37.398543333)))",1146.6858042622944,221.79639743233676,39.32242031388719,39.32242031388719,石川県、輪島市、鳳至町浜町上，下,0,0,0,8.4,multi
C:\Users\admin\Documents\GitHub\SensingRisk\sitelens\data\noto_crops\all\bldg_001261.png,20230303-49284-13461-s-6847,survived,0,136.9003079768939,37.398433571428846,"MULTIPOLYGON (((136.900344167 37.398452528, 136.900340556 37.398411389, 136.900272639 37.398413611, 136.900275472 37.398456528, 136.900344167 37.398452528)))",1209.1612579663595,268.0877383088457,20.000678422715964,20.000678422715964,石川県、輪島市、鳳至町浜町上，下,0,0,0,8.4,multi
C:\Users\admin\Documents\GitHub\SensingRisk\sitelens\data\noto_crops\all\bldg_001262.png,20230303-49281-13461-s-8491,survived,0,136.89915245031983,37.39807361473749,"MULTIPOLYGON (((136.899220806 37.398099333, 136.8991915 37.398052556, 136.899176389 37.398058583, 136.899149722 37.398016, 136.899087556 37.398040778, 136.899143278 37.398129722, 136.899220806 37.398099333)))",982.8403736709893,341.6586999338449,42.317295771306306,42.317295771306306,石川県、輪島市、鳳至町下町,0,0,0,8.4,multi
C:\Users\admin\Documents\GitHub\SensingRisk\sitelens\data\noto_crops\all\bldg_001263.png,20230303-49281-13461-s-8561,survived,0,136.8989973386034,37.39846331780916,"MULTIPOLYGON (((136.899033333 37.398479639, 136.899014083 37.398433111, 136.898961333 37.398447, 136.898980611 37.398493528, 136.899033333 37.398479639)))",963.4486121047988,259.88687941420307,22.623646121001173,22.623646121001173,石川県、輪島市、鳳至町浜町上，下,0,0,0,8.4,multi
C:\Users\admin\Documents\GitHub\SensingRisk\sitelens\data\noto_crops\all\bldg_001264.png,20230303-49281-13461-s-8559,survived,0,136.8991063184433,37.39848874921744,"MULTIPOLYGON (((136.89915 37.398544583, 136.899141472 37.398427722, 136.89906225 37.398431722, 136.899072278 37.398551556, 136.89915 37.398544583)))",973.2480785747485,243.23034109587076,43.585310579647455,43.585310579647455,石川県、輪島市、鳳至町浜町上，下,0,0,0,8.4,multi
C:\Users\admin\Documents\GitHub\SensingRisk\sitelens\data\noto_crops\all\bldg_001265.png,20230303-49281-13461-s-8903,survived,0,136.90003354753424,37.39809456228883,"MULTIPOLYGON (((136.9 37.398058722, 136.899994472 37.398059528, 136.9 37.398084194, 136.900005278 37.398107722, 136.900012111 37.39813825, 136.900072639 37.398129583, 136.900054972 37.398050889, 136.900005278 37.398057972, 136.9 37.398058722)))",1152.5522754209398,342.3495497830458,30.74806852529605,30.74806852529605,石川県、輪島市、鳳至町浜町上，下,0,0,0,8.4,multi
C:\Users\admin\Documents\GitHub\SensingRisk\sitelens\data\noto_crops\all\bldg_001266.png,20230303-49284-13461-s-6853,survived,0,136.90015065931942,37.39855494137441,"MULTIPOLYGON (((136.900139111 37.398571722, 136.900163611 37.398571056, 136.900162222 37.398538167, 136.900137694 37.398538833, 136.900139111 37.398571722)))",1183.849669404456,243.79436600077793,11.81020637956749,11.81020637956749,石川県、輪島市、鳳至町浜町上，下,0,0,0,8.4,multi
C:\Users\admin\Documents\GitHub\SensingRisk\sitelens\data\noto_crops\all\bldg_001267.png,20230303-49281-13461-s-8470,survived,0,136.899643528,37.3979102915,"MULTIPOLYGON (((136.899625889 37.397922194, 136.89966325 37.397919889, 136.899661167 37.397898389, 136.899623806 37.397900694, 136.899625889 37.397922194)))",1089.7052430788676,395.44859348795364,11.029341798358473,11.029341798358473,石川県、輪島市、鳳至町浜町上，下,0,0,0,8.4,multi
C:\Users\admin\Documents\GitHub\SensingRisk\sitelens\data\noto_crops\all\bldg_001268.png,20230303-49281-13461-s-8493,survived,0,136.89960031791554,37.39805316031595,"MULTIPOLYGON (((136.899552694 37.398079167, 136.899652833 37.39807225, 136.899647917 37.398027139, 136.899547806 37.398034083, 136.899552694 37.398079167)))",1072.4814269065857,352.7578679020031,29.36767775217686,29.36767775217686,石川県、輪島市、鳳至町浜町上，下,0,0,0,8.4,multi
C:\Users\admin\Documents\GitHub\SensingRisk\sitelens\data\noto_crops\all\bldg_001269.png,20230303-49284-13461-s-6854,survived,0,136.90024370694817,37.398603782786175,"MULTIPOLYGON (((136.900138194 37.398620667, 136.900348083 37.398622389, 136.900349722 37.398586639, 136.900137528 37.398585556, 136.900138194 37.398620667)))",1177.4192313194276,208.52848414625453,59.333742867575666,59.333742867575666,石川県、輪島市、鳳至町浜町上，下,0,0,0,8.4,multi
C:\Users\admin\Documents\GitHub\SensingRisk\sitelens\data\noto_crops\all\bldg_001270.png,20230303-49281-13461-s-8548,survived,0,136.89962244678355,37.398414763692365,"MULTIPOLYGON (((136.899579139 37.398466889, 136.899632917 37.398468194, 136.899634472 37.398435472, 136.899674889 37.398432528, 136.899668361 37.398369556, 136.899583944 37.398372917, 136.899579139 37.398466889)))",1074.7828888459971,264.26873406184586,34.717184820975945,34.717184820975945,石川県、輪島市、鳳至町浜町上，下,0,0,0,8.4,multi
C:\Users\admin\Documents\GitHub\SensingRisk\sitelens\data\noto_crops\all\bldg_001271.png,20230303-49281-13461-s-8482,survived,0,136.8992693916106,37.398018091705275,"MULTIPOLYGON (((136.899202556 37.398051778, 136.899331083 37.398043722, 136.899324583 37.397977556, 136.899260361 37.397981583, 136.899262083 37.397999278, 136.899199944 37.398003194, 136.899202556 37.398051778)))",1006.4183427068923,358.13764493525775,36.66912215020909,36.66912215020909,石川県、輪島市、鳳至町下町,0,0,0,8.4,multi
C:\Users\admin\Documents\GitHub\SensingRisk\sitelens\data\noto_crops\all\bldg_001272.png,20230303-49284-13461-s-6852,survived,0,136.900224889,37.3985534445,"MULTIPOLYGON (((136.900184306 37.398571111, 136.9002665 37.3985695, 136.900265472 37.398535778, 136.900183278 37.398537389, 136.900184306 37.398571111)))",1191.9581802897983,238.41615589061155,23.270557838016202,23.270557838016202,石川県、輪島市、鳳至町浜町上，下,0,0,0,8.4,multi
C:\Users\admin\Documents\GitHub\SensingRisk\sitelens\data\noto_crops\all\bldg_001273.png,20230303-49281-13461-s-8526,survived,0,136.8998600833737,37.39829172526869,"MULTIPOLYGON (((136.899883556 37.398258722, 136.899846139 37.398261472, 136.899849278 37.398288583, 136.899823417 37.398290472, 136.899826639 37.398318417, 136.899889417 37.398313806, 136.899883556 37.398258722)))",1124.030148897446,301.3275461522564,21.75030209380384,21.75030209380384,石川県、輪島市、鳳至町浜町上，下,0,0,0,8.4,multi
C:\Users\admin\Documents\GitHub\SensingRisk\sitelens\data\noto_crops\all\bldg_001274.png,20230303-49281-13461-s-8751,survived,0,136.89954397777004,37.39936122646781,"MULTIPOLYGON (((136.8994675 37.399399444, 136.899627361 37.399399806, 136.899627611 37.399330056, 136.899542444 37.399329861, 136.8995425 37.399316139, 136.899467778 37.399315972, 136.8994675 37.399399444)))",1054.9442030217913,38.90842311407562,44.77028052012133,44.77028052012133,石川県、輪島市、鳳至町浜町下,0,0,0,8.4,multi
C:\Users\admin\Documents\GitHub\SensingRisk\sitelens\data\noto_crops\all\bldg_001275.png,20230303-49281-13461-s-8793,survived,0,136.89961796996513,37.39945910333395,"MULTIPOLYGON (((136.899640944 37.399447556, 136.899594611 37.399448056, 136.899595 37.399470639, 136.899641306 37.399470167, 136.899640944 37.399447556)))",1083.9249795277915,31.017187564179682,13.056868357128451,13.056868357128451,石川県、輪島市、鳳至町浜町下,0,0,0,8.4,multi
C:\Users\admin\Documents\GitHub\SensingRisk\sitelens\data\noto_crops\all\bldg_001276.png,20230303-49281-13461-s-8800,survived,0,136.89950909725076,37.39949994454465,"MULTIPOLYGON (((136.899455833 37.39952875, 136.899562667 37.399528389, 136.899562361 37.399471139, 136.899455528 37.3994715, 136.899455833 37.39952875)))",1055.1811346001095,12.982010750875274,29.958235745959882,29.958235745959882,石川県、輪島市、鳳至町浜町下,0,0,0,8.4,multi
C:\Users\admin\Documents\GitHub\SensingRisk\sitelens\data\noto_crops\all\bldg_001277.png,20230303-49281-13461-s-8801,survived,0,136.89906051591453,37.3994950423243,"MULTIPOLYGON (((136.898999389 37.399516389, 136.899121167 37.399516083, 136.899121306 37.399473167, 136.898999139 37.399474583, 136.898999389 37.399516389)))",969.4037031173707,12.093230983808994,34.160369115405615,34.160369115405615,石川県、輪島市、鳳至町浜町下,0,0,0,8.4,multi
C:\Users\admin\Documents\GitHub\SensingRisk\sitelens\data\noto_crops\all\bldg_001279.png,20230303-49281-13461-s-8817,survived,0,136.8991527365,37.399565917000004,"MULTIPOLYGON (((136.899120167 37.399586417, 136.899185167 37.399586556, 136.899185306 37.399545417, 136.899120306 37.399545278, 136.899120167 37.399586417)))",994.6226549678379,3.3740017773635453,18.214184543821602,18.214184543821602,石川県、輪島市、鳳至町浜町下,0,0,0,8.4,multi
C:\Users\admin\Documents\GitHub\SensingRisk\sitelens\data\noto_crops\all\bldg_001281.png,20230303-49281-13461-s-8802,survived,0,136.89930239085345,37.39950909595859,"MULTIPOLYGON (((136.899387889 37.39950625, 136.899354667 37.399505806, 136.899355111 37.399484583, 136.899230472 37.399482889, 136.899229444 37.399530611, 136.899387083 37.39953275, 136.899387889 37.39950625)))",1010.6449894534218,3.9610925447520238,44.30443314976162,44.30443314976162,石川県、輪島市、鳳至町浜町下,0,0,0,8.4,multi
C:\Users\admin\Documents\GitHub\SensingRisk\sitelens\data\noto_crops\all\bldg_001282.png,20230303-49281-13461-s-8780,survived,0,136.89907536493496,37.399434663211046,"MULTIPOLYGON (((136.899166278 37.399428361, 136.899134917 37.399429056, 136.899134222 37.399409611, 136.89899575 37.399412722, 136.898997333 37.399457972, 136.899166194 37.399454167, 136.899166278 37.399428361)))",966.5181617736816,19.64197397830727,47.68308483229748,47.68308483229748,石川県、輪島市、鳳至町浜町下,0,0,0,8.4,multi
C:\Users\admin\Documents\GitHub\SensingRisk\sitelens\data\noto_crops\all\bldg_001283.png,20230303-49281-13461-s-8917,survived,0,136.89993538772984,37.39932590701998,"MULTIPOLYGON (((136.899901083 37.399373639, 136.899913444 37.399350833, 136.899972778 37.399371333, 136.9 37.399321194, 136.900005278 37.399311472, 136.900008306 37.399305889, 136.900005278 37.399304861, 136.9 37.399303028, 136.899910972 37.399272278, 136.899862833 37.399360972, 136.899901083 37.399373639)))",1129.234950541587,49.064341926240694,40.850889679197444,40.850889679197444,石川県、輪島市、鳳至町浜町下,0,0,0,8.4,multi
C:\Users\admin\Documents\GitHub\SensingRisk\sitelens\data\noto_crops\all\bldg_001284.png,20230303-49284-13461-s-6886,survived,0,136.90013283463279,37.3995265783505,"MULTIPOLYGON (((136.900124306 37.399582694, 136.900202972 37.399518528, 136.900141361 37.399470444, 136.900062694 37.399534667, 136.900124306 37.399582694)))",1165.0347578818828,0.3156370404251189,42.79643830155754,42.79643830155754,石川県、輪島市、鳳至町浜町下,0,0,0,8.4,multi
C:\Users\admin\Documents\GitHub\SensingRisk\sitelens\data\noto_crops\all\bldg_001285.png,20230303-49281-13461-s-8792,survived,0,136.8999483641317,37.399487471716846,"MULTIPOLYGON (((136.9 37.399477361, 136.899960417 37.39944525, 136.899895222 37.399496361, 136.899936333 37.399529694, 136.9 37.39947975, 136.9000015 37.399478583, 136.9 37.399477361)))",1135.9034085139413,14.746227456813452,32.28299059375578,32.28299059375578,石川県、輪島市、鳳至町浜町下,0,0,0,8.4,multi
C:\Users\admin\Documents\GitHub\SensingRisk\sitelens\data\noto_crops\all\bldg_001286.png,20230303-49284-13461-s-6883,survived,0,136.9004121805,37.399346361000006,"MULTIPOLYGON (((136.900403889 37.399365194, 136.900435667 37.3993395, 136.900420472 37.399327528, 136.900388694 37.399353222, 136.900403889 37.399365194)))",1231.3325994682684,56.82401062581136,14.349051718107766,14.349051718107766,石川県、輪島市、鳳至町浜町下,0,0,0,8.4,multi
C:\Users\admin\Documents\GitHub\SensingRisk\sitelens\data\noto_crops\all\bldg_001287.png,20230303-49284-13461-s-6939,destroyed,1,136.90028284808213,37.396782126301346,"MULTIPOLYGON (((136.900326556 37.396796722, 136.900410139 37.396767167, 136.900366083 37.396687889, 136.900244611 37.396730861, 136.900261917 37.396762, 136.900150444 37.396801417, 136.900190667 37.396873833, 136.900338028 37.396821722, 136.900326556 37.396796722)))",1176.8719834019998,628.9278181086966,74.09850071597248,74.09850071597248,石川県、輪島市、河井町本町一川端丁,1,0,0,8.4,multi
C:\Users\admin\Documents\GitHub\SensingRisk\sitelens\data\noto_crops\all\bldg_001288.png,20230303-49284-13461-s-6710,destroyed,1,136.90022124625384,37.396656217150756,"MULTIPOLYGON (((136.900208417 37.396671583, 136.900244333 37.396657333, 136.900234083 37.396640861, 136.900198167 37.396655083, 136.900208417 37.396671583)))",1196.4606258339352,688.7683557920789,12.908949221505054,12.908949221505054,石川県、輪島市、河井町本町一川端丁,1,0,0,8.4,multi
C:\Users\admin\Documents\GitHub\SensingRisk\sitelens\data\noto_crops\all\bldg_001289.png,20230303-49284-13461-s-6662,destroyed,1,136.90036218576782,37.39638808330321,"MULTIPOLYGON (((136.900266917 37.396443667, 136.900329722 37.396422333, 136.900323556 37.39641075, 136.900381861 37.396390944, 136.900391306 37.396408667, 136.900479278 37.396381556, 136.900458528 37.396338, 136.900244639 37.396396528, 136.900266917 37.396443667)))",1196.3401560942332,724.6896724775072,65.60981975661389,65.60981975661389,石川県、輪島市、河井町川端丁,1,0,0,8.4,multi
C:\Users\admin\Documents\GitHub\SensingRisk\sitelens\data\noto_crops\all\bldg_001290.png,20230303-49284-13461-s-6759,destroyed,1,136.90033432769113,37.39696951083695,"MULTIPOLYGON (((136.900381694 37.396941028, 136.900332333 37.396954028, 136.900317472 37.396930139, 136.900271861 37.396941972, 136.90030375 37.397009972, 136.900404694 37.396982778, 136.900381694 37.396941028)))",1206.159208170573,603.0123626999265,37.142798890007725,37.142798890007725,石川県、輪島市、河井町本町一川端丁,1,0,0,8.4,multi
C:\Users\admin\Documents\GitHub\SensingRisk\sitelens\data\noto_crops\all\bldg_001291.png,20230303-49284-13461-s-6774,destroyed,1,136.90033683732204,37.39702828505304,"MULTIPOLYGON (((136.900318639 37.39702075, 136.900331278 37.397044028, 136.900355028 37.397035806, 136.900342417 37.397012556, 136.900318639 37.39702075)))",1218.6344596855763,602.0919647720665,11.6539336430518,11.6539336430518,石川県、輪島市、河井町本町一川端丁,1,0,0,8.4,multi
C:\Users\admin\Documents\GitHub\SensingRisk\sitelens\data\noto_crops\all\bldg_001292.png,20230303-49284-13461-s-6788,destroyed,1,136.90049056146603,37.3971801297875,"MULTIPOLYGON (((136.900420917 37.397256417, 136.900474778 37.397233889, 136.900459944 37.397208806, 136.900602111 37.397145944, 136.900576083 37.397107139, 136.90050575 37.397135611, 136.900513167 37.397151722, 136.90038675 37.397203278, 136.900420917 37.397256417)))",1223.692784031682,541.7575489129666,60.29370517110942,60.29370517110942,石川県、輪島市、河井町本町一川端丁,1,0,0,8.4,multi
C:\Users\admin\Documents\GitHub\SensingRisk\sitelens\data\noto_crops\all\bldg_001293.png,20230303-49284-13461-s-6755,destroyed,1,136.90047236131608,37.39693201402057,"MULTIPOLYGON (((136.900448611 37.396960306, 136.900514417 37.396937806, 136.900496111 37.396903722, 136.900430306 37.396926222, 136.900448611 37.396960306)))",1237.9661067167917,618.7503921083662,23.519140248828535,23.519140248828535,石川県、輪島市、河井町本町一川端丁,1,0,0,8.4,multi
C:\Users\admin\Documents\GitHub\SensingRisk\sitelens\data\noto_crops\all\bldg_001294.png,20230303-49284-13461-s-6689,destroyed,1,136.90052332663493,37.39656058293183,"MULTIPOLYGON (((136.900450056 37.396623472, 136.900536833 37.396586722, 136.900527333 37.396572444, 136.900566361 37.396555917, 136.900575667 37.396569917, 136.900629694 37.396547028, 136.900598306 37.396499833, 136.900422861 37.396574139, 136.900450056 37.396623472)))",1230.8589983993106,688.4956228930826,57.83469861348476,57.83469861348476,石川県、輪島市、河井町川端丁,1,0,0,8.4,multi
C:\Users\admin\Documents\GitHub\SensingRisk\sitelens\data\noto_crops\all\bldg_001295.png,20230303-49284-13461-s-6812,destroyed,1,136.90049394036862,37.3973181039466,"MULTIPOLYGON (((136.900454361 37.397306556, 136.900469167 37.397342361, 136.900531972 37.397330583, 136.900520139 37.397293583, 136.900454361 37.397306556)))",1242.753205675549,529.0965268072696,21.7016085253822,21.7016085253822,石川県、輪島市、河井町本町一川端丁,1,0,0,8.4,multi
C:\Users\admin\Documents\GitHub\SensingRisk\sitelens\data\noto_crops\all\bldg_001296.png,20230303-49284-13461-s-6652,destroyed,1,136.90065289933196,37.39634022107208,"MULTIPOLYGON (((136.900635389 37.396396194, 136.900716167 37.396364806, 136.900674611 37.396290194, 136.900644694 37.396302056, 136.900635778 37.396287139, 136.900605833 37.396298389, 136.900614694 37.396313389, 136.900593667 37.396321306, 136.900635389 37.396396194)))",1263.7759869348718,749.0508098117734,39.96100326941166,39.96100326941166,石川県、輪島市、河井町川端丁,1,0,0,8.4,multi
C:\Users\admin\Documents\GitHub\SensingRisk\sitelens\data\noto_crops\all\bldg_001297.png,20230303-49284-13461-s-6679,destroyed,1,136.90084987076114,37.396471632523586,"MULTIPOLYGON (((136.90081425 37.396520583, 136.900921222 37.396480306, 136.900886972 37.396422417, 136.900777333 37.396463694, 136.90081425 37.396520583)))",1299.8707715193432,718.4495522943143,40.2342805491553,40.2342805491553,石川県、輪島市、河井町川端丁,1,0,0,8.4,multi
C:\Users\admin\Documents\GitHub\SensingRisk\sitelens\data\noto_crops\all\bldg_001298.png,20230303-49284-13461-s-6761,destroyed,1,136.90097873428422,37.397013098214124,"MULTIPOLYGON (((136.901047306 37.397084083, 136.901008389 37.397039083, 136.90103775 37.397022917, 136.900963667 37.396937222, 136.900901556 37.396971389, 136.901014639 37.397102194, 136.901047306 37.397084083)))",1314.2859790316975,580.9008773888836,58.06447225310637,58.06447225310637,石川県、輪島市、河井町本町一川端丁,1,0,0,8.4,multi
C:\Users\admin\Documents\GitHub\SensingRisk\sitelens\data\noto_crops\all\bldg_001299.png,20230303-49284-13461-s-6786,destroyed,1,136.9010767557847,37.39716761197574,"MULTIPOLYGON (((136.901019667 37.397112667, 136.901037444 37.397141806, 136.901018222 37.397149278, 136.9010725 37.397238222, 136.9011465 37.397207389, 136.901071444 37.397092778, 136.901019667 37.397112667)))",1337.8421815962565,550.1282885929534,51.1912876266299,51.1912876266299,石川県、輪島市、河井町本町一川端丁,1,0,0,8.4,multi
C:\Users\admin\Documents\GitHub\SensingRisk\sitelens\data\noto_crops\all\bldg_001300.png,20230303-49284-13461-s-6702,destroyed,1,136.90115872199598,37.39661231933107,"MULTIPOLYGON (((136.9011785 37.396623444, 136.901159194 37.396593, 136.901138944 37.396601194, 136.90115825 37.396631639, 136.9011785 37.396623444)))",1370.8189556586995,698.6706856168398,13.707183744856934,13.707183744856934,石川県、輪島市、河井町上本町,1,0,0,8.4,multi
C:\Users\admin\Documents\GitHub\SensingRisk\sitelens\data\noto_crops\all\bldg_001301.png,20230303-49284-13461-s-6839,destroyed,1,136.90122716223107,37.39775834986463,"MULTIPOLYGON (((136.90129675 37.397794917, 136.901221 37.397692139, 136.901155167 37.397718222, 136.901237694 37.397828056, 136.90129675 37.397794917)))",1365.9549111241988,411.9539188189093,48.502856899323035,48.502856899323035,石川県、輪島市、河井町本町一川端丁,0,0,0,8.4,multi
C:\Users\admin\Documents\GitHub\SensingRisk\sitelens\data\noto_crops\all\bldg_001302.png,20230303-49284-13461-s-6772,destroyed,1,136.90145792755837,37.39706413027106,"MULTIPOLYGON (((136.901435417 37.397122778, 136.901534222 37.39707175, 136.901480417 37.397005472, 136.901381639 37.397056528, 136.901435417 37.397122778)))",1410.7358332013393,576.797720849978,45.426442741956066,45.426442741956066,石川県、輪島市、河井町本町一川端丁,1,0,0,8.4,multi
C:\Users\admin\Documents\GitHub\SensingRisk\sitelens\data\noto_crops\all\bldg_001303.png,20230303-49284-13461-s-6801,destroyed,1,136.90142405550003,37.397208958499995,"MULTIPOLYGON (((136.901388583 37.397200167, 136.901419833 37.397238389, 136.901459528 37.39721775, 136.901428278 37.397179528, 136.901388583 37.397200167)))",1416.0669139468728,554.4592842061815,22.134765873208607,22.134765873208607,石川県、輪島市、河井町本町一川端丁,1,0,0,8.4,multi
C:\Users\admin\Documents\GitHub\SensingRisk\sitelens\data\noto_crops\all\bldg_001304.png,20230303-49284-13461-s-6666,destroyed,1,136.90113140916228,37.396422410626336,"MULTIPOLYGON (((136.901132056 37.396437861, 136.901157278 37.396487972, 136.901194667 37.396477333, 136.901129944 37.396364472, 136.901069472 37.396385278, 136.901103611 37.396448528, 136.901132056 37.396437861)))",1350.8708541067576,727.3575848075997,43.666614639997306,43.666614639997306,石川県、輪島市、河井町上本町,1,0,0,8.4,multi
C:\Users\admin\Documents\GitHub\SensingRisk\sitelens\data\noto_crops\all\bldg_001305.png,20230303-49284-13461-s-6695,destroyed,1,136.901095472,37.396576764,"MULTIPOLYGON (((136.901085111 37.39661, 136.9011345 37.396591056, 136.901105833 37.396543528, 136.901056444 37.396562472, 136.901085111 37.39661)))",1353.504435321412,701.4896955870298,24.754915270431525,24.754915270431525,石川県、輪島市、河井町上本町,1,0,0,8.4,multi
C:\Users\admin\Documents\GitHub\SensingRisk\sitelens\data\noto_crops\all\bldg_001306.png,20230303-49284-13461-s-6745,destroyed,1,136.9012372225,37.396893666500006,"MULTIPOLYGON (((136.901182806 37.396870694, 136.901245306 37.396942361, 136.901291639 37.396916639, 136.901229139 37.396844972, 136.901182806 37.396870694)))",1374.4959957227477,621.6978576672086,35.62021127832588,35.62021127832588,石川県、輪島市、河井町本町一川端丁,1,0,0,8.4,multi
C:\Users\admin\Documents\GitHub\SensingRisk\sitelens\data\noto_crops\all\bldg_001307.png,20230303-49284-13461-s-6837,destroyed,1,136.90104051843835,37.39764629172371,"MULTIPOLYGON (((136.901009194 37.397675278, 136.901088472 37.397647444, 136.901071861 37.397617306, 136.900992556 37.397645139, 136.901009194 37.397675278)))",1342.2269504653084,449.4990674293614,26.820057492785963,26.820057492785963,石川県、輪島市、河井町本町一川端丁,1,0,0,8.4,multi
C:\Users\admin\Documents\GitHub\SensingRisk\sitelens\data\noto_crops\all\bldg_001308.png,20230303-49284-13461-s-6825,destroyed,1,136.90115491667956,37.397461305466315,"MULTIPOLYGON (((136.901193333 37.397469722, 136.901166556 37.397430917, 136.9011165 37.397452889, 136.901143278 37.397491694, 136.901193333 37.397469722)))",1365.3255836757469,494.67745437026974,23.275134482824456,23.275134482824456,石川県、輪島市、河井町本町一川端丁,1,0,0,8.4,multi
C:\Users\admin\Documents\GitHub\SensingRisk\sitelens\data\noto_crops\all\bldg_001309.png,20230303-49284-13461-s-6797,destroyed,1,136.90071604181486,37.397202139059374,"MULTIPOLYGON (((136.900677417 37.397186667, 136.900705639 37.397235611, 136.900754667 37.397217611, 136.900726444 37.397168667, 136.900677417 37.397186667)))",1282.7654615900728,554.7412673293105,24.77110568778778,24.77110568778778,石川県、輪島市、河井町本町一川端丁,1,0,0,8.4,multi
C:\Users\admin\Documents\GitHub\SensingRisk\sitelens\data\noto_crops\all\bldg_001310.png,20230303-49284-13461-s-6640,destroyed,1,136.9012154585,37.39626520849999,"MULTIPOLYGON (((136.901201278 37.39629675, 136.901254389 37.396277778, 136.901229639 37.396233667, 136.901176528 37.396252639, 136.901201278 37.39629675)))",1376.280582783644,775.0032881037506,23.936829846386672,23.936829846386672,石川県、輪島市、河井町上本町,1,0,0,8.4,multi
C:\Users\admin\Documents\GitHub\SensingRisk\sitelens\data\noto_crops\all\bldg_001311.png,20230303-49284-13461-s-6639,destroyed,1,136.90099880559677,37.39626065268837,"MULTIPOLYGON (((136.900979417 37.396289694, 136.9010385 37.396269556, 136.901018194 37.396231611, 136.900959111 37.39625175, 136.900979417 37.396289694)))",1336.3905118138994,776.5693004682937,22.942878936779834,22.942878936779834,石川県、輪島市、河井町上本町,1,0,0,8.4,multi
C:\Users\admin\Documents\GitHub\SensingRisk\sitelens\data\noto_crops\all\bldg_001312.png,20230303-49284-13461-s-6773,destroyed,1,136.9012077817864,37.39703637578091,"MULTIPOLYGON (((136.901183944 37.397062472, 136.901247556 37.397030417, 136.901231639 37.397010278, 136.901168 37.397042333, 136.901183944 37.397062472)))",1375.6945137712692,594.8995712267977,22.24546992513865,22.24546992513865,石川県、輪島市、河井町本町一川端丁,1,0,0,8.4,multi
C:\Users\admin\Documents\GitHub\SensingRisk\sitelens\data\noto_crops\all\bldg_001313.png,20230303-49284-13461-s-6775,destroyed,1,136.90134101647337,37.39707073653946,"MULTIPOLYGON (((136.901399361 37.397109611, 136.901330972 37.397019444, 136.901284167 37.397042056, 136.901326306 37.397097611, 136.901341833 37.397090111, 136.901368278 37.397125, 136.901399361 37.397109611)))",1392.6526338360252,578.4696162074886,38.282831193034895,38.282831193034895,石川県、輪島市、河井町本町一川端丁,1,0,0,8.4,multi
C:\Users\admin\Documents\GitHub\SensingRisk\sitelens\data\noto_crops\all\bldg_001314.png,20230303-49284-13461-s-6672,destroyed,1,136.90104406748884,37.39645075287009,"MULTIPOLYGON (((136.9010235 37.396503778, 136.901092306 37.396475306, 136.901069611 37.396440361, 136.901084028 37.396434389, 136.901059056 37.396395944, 136.901001083 37.396419917, 136.901024667 37.396456222, 136.900998083 37.396467222, 136.9010235 37.396503778)))",1337.5325573186049,724.6672182698483,37.953860663049454,37.953860663049454,石川県、輪島市、河井町上本町,1,0,0,8.4,multi
C:\Users\admin\Documents\GitHub\SensingRisk\sitelens\data\noto_crops\all\bldg_001315.png,20230303-49284-13461-s-6817,destroyed,1,136.90121507747085,37.39738184237461,"MULTIPOLYGON (((136.901275861 37.397388278, 136.901249139 37.397338139, 136.901151889 37.397374889, 136.901186083 37.397426222, 136.901275861 37.397388278)))",1370.3474357046593,507.2748318587477,35.212752411515794,35.212752411515794,石川県、輪島市、河井町本町一川端丁,1,0,0,8.4,multi
C:\Users\admin\Documents\GitHub\SensingRisk\sitelens\data\noto_crops\all\bldg_001316.png,20230303-49284-13461-s-6643,destroyed,1,136.90073390473648,37.39628279289058,"MULTIPOLYGON (((136.900776111 37.396303278, 136.900736111 37.396243861, 136.900691889 37.396262833, 136.900731278 37.396321306, 136.900776111 37.396303278)))",1284.472094381216,768.8682340432491,28.053067770872758,28.053067770872758,石川県、輪島市、河井町川端丁,1,0,0,8.4,multi
C:\Users\admin\Documents\GitHub\SensingRisk\sitelens\data\noto_crops\all\bldg_001317.png,20230303-49284-13461-s-6813,destroyed,1,136.90141980977725,37.397346297624026,"MULTIPOLYGON (((136.901432139 37.397311333, 136.901373167 37.397340222, 136.901408861 37.397381417, 136.90146575 37.397352333, 136.901432139 37.397311333)))",1412.6239623049073,519.6293530668745,27.306783335903333,27.306783335903333,石川県、輪島市、河井町本町一川端丁,1,0,0,8.4,multi
C:\Users\admin\Documents\GitHub\SensingRisk\sitelens\data\noto_crops\all\bldg_001318.png,20230303-49284-13461-s-6833,destroyed,1,136.90101251433643,37.39758150514985,"MULTIPOLYGON (((136.900974222 37.397553889, 136.901007583 37.3976225, 136.901050806 37.397609139, 136.901017444 37.3975405, 136.900974222 37.397553889)))",1335.986810483301,463.6815433910547,28.86118083444393,28.86118083444393,石川県、輪島市、河井町本町一川端丁,1,0,0,8.4,multi
C:\Users\admin\Documents\GitHub\SensingRisk\sitelens\data\noto_crops\all\bldg_001319.png,20230303-49284-13461-s-6790,destroyed,1,136.9009693055,37.397160736000004,"MULTIPOLYGON (((136.901017472 37.397183139, 136.900971389 37.397116278, 136.900921139 37.397138333, 136.900967222 37.397205194, 136.901017472 37.397183139)))",1326.2799770050983,560.7589995151254,32.165551400103936,32.165551400103936,石川県、輪島市、河井町本町一川端丁,1,0,0,8.4,multi
C:\Users\admin\Documents\GitHub\SensingRisk\sitelens\data\noto_crops\all\bldg_001320.png,20230303-49284-13461-s-6688,destroyed,1,136.90119423829097,37.396539934199986,"MULTIPOLYGON (((136.901247361 37.396576389, 136.901196833 37.396495806, 136.901141833 37.39651775, 136.901172389 37.3965665, 136.901198222 37.396556194, 136.90121725 37.396586556, 136.901247361 37.396576389)))",1367.5228009159152,705.379150331223,33.6746626559659,33.6746626559659,石川県、輪島市、河井町上本町,1,0,0,8.4,multi
C:\Users\admin\Documents\GitHub\SensingRisk\sitelens\data\noto_crops\all\bldg_001321.png,20230303-49284-13461-s-6778,destroyed,1,136.9012558006831,37.39708998725074,"MULTIPOLYGON (((136.9012045 37.397075778, 136.901250611 37.397133111, 136.901307111 37.397104194, 136.901260972 37.397046861, 136.9012045 37.397075778)))",1379.6319546942768,577.3045513446225,32.276537888939174,32.276537888939174,石川県、輪島市、河井町本町一川端丁,1,0,0,8.4,multi
C:\Users\admin\Documents\GitHub\SensingRisk\sitelens\data\noto_crops\all\bldg_001322.png,20230303-49284-13461-s-6707,destroyed,1,136.9011485276106,37.39668831927492,"MULTIPOLYGON (((136.901197083 37.396737389, 136.90113325 37.396626972, 136.901099972 37.39663925, 136.901163806 37.396749667, 136.901197083 37.396737389)))",1354.1799441243377,666.0991418761729,43.18442173828669,43.18442173828669,石川県、輪島市、河井町上本町,1,0,0,8.4,multi
C:\Users\admin\Documents\GitHub\SensingRisk\sitelens\data\noto_crops\all\bldg_001323.png,20230303-49284-13461-s-6834,destroyed,1,136.900907805711,37.397608592040505,"MULTIPOLYGON (((136.900858 37.397666889, 136.900947 37.397641444, 136.900939917 37.397625667, 136.900994028 37.397610222, 136.900968361 37.397553056, 136.900824278 37.397594222, 136.900858 37.397666889)))",1307.4167438401116,447.6984695935021,47.46554027663342,47.46554027663342,石川県、輪島市、河井町本町一川端丁,1,0,0,8.4,multi
C:\Users\admin\Documents\GitHub\SensingRisk\sitelens\data\noto_crops\all\bldg_001324.png,20230303-49284-13461-s-6840,destroyed,1,136.9011575236192,37.3977907680853,"MULTIPOLYGON (((136.901222722 37.397839611, 136.901143944 37.397720222, 136.901092333 37.397741917, 136.901171083 37.397861306, 136.901222722 37.397839611)))",1352.621517831175,404.181286049389,49.656717526736884,49.656717526736884,石川県、輪島市、河井町本町一川端丁,0,0,0,8.4,multi
C:\Users\admin\Documents\GitHub\SensingRisk\sitelens\data\noto_crops\all\bldg_001325.png,20230303-49284-13461-s-6653,destroyed,1,136.9002699875458,37.396340333242314,"MULTIPOLYGON (((136.900236472 37.396390528, 136.900336667 37.396362139, 136.900302556 37.39629175, 136.900205361 37.396315361, 136.900236472 37.396390528)))",1192.9004294595898,749.8637330712982,38.582705902699786,38.582705902699786,石川県、輪島市、河井町川端丁,1,0,0,8.4,multi
C:\Users\admin\Documents\GitHub\SensingRisk\sitelens\data\noto_crops\all\bldg_001326.png,20230303-49284-13461-s-6808,destroyed,1,136.90138070799998,37.39727956950001,"MULTIPOLYGON (((136.901335333 37.397259056, 136.901378444 37.397321139, 136.901426083 37.397300083, 136.901382972 37.397238, 136.901335333 37.397259056)))",1403.9762339817207,533.8807343229928,30.155006453715487,30.155006453715487,石川県、輪島市、河井町本町一川端丁,1,0,0,8.4,multi
C:\Users\admin\Documents\GitHub\SensingRisk\sitelens\data\noto_crops\all\bldg_001327.png,20230303-49284-13461-s-6796,destroyed,1,136.90078961792852,37.39719114293966,"MULTIPOLYGON (((136.900753639 37.397180278, 136.900777417 37.39722025, 136.900825583 37.397202028, 136.900801833 37.397162028, 136.900753639 37.397180278)))",1297.8142534960248,558.6568848513338,22.102033071596566,22.102033071596566,石川県、輪島市、河井町本町一川端丁,1,0,0,8.4,multi
C:\Users\admin\Documents\GitHub\SensingRisk\sitelens\data\noto_crops\all\bldg_001328.png,20230303-49284-13461-s-6749,destroyed,1,136.90116474434987,37.39690353437916,"MULTIPOLYGON (((136.901129722 37.3968825, 136.901178083 37.396936833, 136.901199778 37.396924583, 136.901151389 37.396870222, 136.901129722 37.3968825)))",1366.871770297051,625.2696634391683,23.848955763921936,23.848955763921936,石川県、輪島市、河井町本町一川端丁,1,0,0,8.4,multi
C:\Users\admin\Documents\GitHub\SensingRisk\sitelens\data\noto_crops\all\bldg_001329.png,20230303-49284-13461-s-6683,destroyed,1,136.9010793281026,37.39650561162202,"MULTIPOLYGON (((136.901061111 37.396534111, 136.901118722 37.396511583, 136.901097528 37.396477111, 136.901039944 37.396499639, 136.901061111 37.396534111)))",1351.5648272511312,719.2542216785981,22.61707609555185,22.61707609555185,石川県、輪島市、河井町上本町,1,0,0,8.4,multi
C:\Users\admin\Documents\GitHub\SensingRisk\sitelens\data\noto_crops\all\bldg_001330.png,20230303-49284-13461-s-6806,destroyed,1,136.9014696482828,37.397272186599295,"MULTIPOLYGON (((136.901422028 37.397255694, 136.901470361 37.397313611, 136.901517278 37.397288694, 136.901468917 37.39723075, 136.901422028 37.397255694)))",1420.3254249963115,535.3831582327729,30.617723922010782,30.617723922010782,石川県、輪島市、河井町本町一川端丁,1,0,0,8.4,multi
C:\Users\admin\Documents\GitHub\SensingRisk\sitelens\data\noto_crops\all\bldg_001331.png,20230303-49284-13461-s-6814,destroyed,1,136.90130088881776,37.39734997204675,"MULTIPOLYGON (((136.901342917 37.397362972, 136.901312444 37.397315222, 136.901258861 37.397336972, 136.901289333 37.397384722, 136.901342917 37.397362972)))",1391.0897232805137,519.3540572914945,26.1693477721127,26.1693477721127,石川県、輪島市、河井町本町一川端丁,1,0,0,8.4,multi
C:\Users\admin\Documents\GitHub\SensingRisk\sitelens\data\noto_crops\all\bldg_001332.png,20230303-49284-13461-s-6781,destroyed,1,136.9006830178734,37.397121271025036,"MULTIPOLYGON (((136.900720833 37.397159333, 136.900674833 37.397067444, 136.900647917 37.397075722, 136.900684194 37.397172361, 136.900720833 37.397159333)))",1270.7842693038633,567.9595121693932,36.92717694682892,36.92717694682892,石川県、輪島市、河井町本町一川端丁,1,0,0,8.4,multi
C:\Users\admin\Documents\GitHub\SensingRisk\sitelens\data\noto_crops\all\bldg_001333.png,20230303-49284-13461-s-6776,destroyed,1,136.90029087493582,37.39706865746141,"MULTIPOLYGON (((136.900250583 37.397044444, 136.900291444 37.397108889, 136.900331167 37.397092889, 136.900290306 37.397028417, 136.900250583 37.397044444)))",1201.725882446362,584.2802166273748,28.336517416914376,28.336517416914376,石川県、輪島市、河井町本町一川端丁,1,0,0,8.4,multi
C:\Users\admin\Documents\GitHub\SensingRisk\sitelens\data\noto_crops\all\bldg_001334.png,20230303-49284-13461-s-6763,destroyed,1,136.9002383914943,37.39698122333135,"MULTIPOLYGON (((136.900186639 37.39696025, 136.900232722 37.397024722, 136.900288083 37.397002194, 136.900247972 37.396938917, 136.900186639 37.39696025)))",1189.900805123441,602.8058097120071,32.03520679515134,32.03520679515134,石川県、輪島市、河井町本町一川端丁,1,0,0,8.4,multi
C:\Users\admin\Documents\GitHub\SensingRisk\sitelens\data\noto_crops\all\bldg_001335.png,20230303-49284-13461-s-6791,destroyed,1,136.90130016761458,37.39715831041634,"MULTIPOLYGON (((136.901256556 37.397146833, 136.90129375 37.397194583, 136.901343778 37.397169806, 136.901306583 37.397122028, 136.901256556 37.397146833)))",1390.4109938753315,563.7832641044503,27.257625474002452,27.257625474002452,石川県、輪島市、河井町本町一川端丁,1,0,0,8.4,multi
C:\Users\admin\Documents\GitHub\SensingRisk\sitelens\data\noto_crops\all\bldg_001336.png,20230303-49284-13461-s-6831,destroyed,1,136.9012324079941,37.39756110977081,"MULTIPOLYGON (((136.901277667 37.397575, 136.901247222 37.397524278, 136.901187139 37.397547222, 136.901217611 37.397597944, 136.901277667 37.397575)))",1377.4545910514566,468.9431947657098,27.906180784998924,27.906180784998924,石川県、輪島市、河井町本町一川端丁,1,0,0,8.4,multi
C:\Users\admin\Documents\GitHub\SensingRisk\sitelens\data\noto_crops\all\bldg_001337.png,20230303-49284-13461-s-6567,destroyed,1,136.90051965134936,37.39597796292194,"MULTIPOLYGON (((136.900565722 37.396023528, 136.900521972 37.395928639, 136.900473083 37.395943, 136.900500889 37.396003306, 136.900518611 37.395998111, 136.900534528 37.396032611, 136.900565722 37.396023528)))",1240.1974700983076,835.4501569762655,36.594569438886424,36.594569438886424,石川県、輪島市、河井町川端丁,1,0,0,8.4,multi
C:\Users\admin\Documents\GitHub\SensingRisk\sitelens\data\noto_crops\all\bldg_001338.png,20230303-49284-13461-s-6958,destroyed,1,136.9005419305,37.3957314025,"MULTIPOLYGON (((136.900521861 37.395754611, 136.900576444 37.395737444, 136.900562 37.395708194, 136.900507417 37.395725361, 136.900521861 37.395754611)))",1253.04360432095,902.5752687673394,19.301348145802876,19.301348145802876,石川県、輪島市、河井町森の下,0,0,0,8.4,multi
C:\Users\admin\Documents\GitHub\SensingRisk\sitelens\data\noto_crops\all\bldg_001339.png,20230303-49284-13461-s-6956,destroyed,1,136.90056737492372,37.395594819095784,"MULTIPOLYGON (((136.900607722 37.395632306, 136.900552 37.395546944, 136.900527028 37.395557333, 136.90058275 37.395642694, 136.900607722 37.395632306)))",1250.5871229209645,927.4240529520089,33.700708111496056,33.700708111496056,石川県、輪島市、河井町森の下,0,0,0,8.4,multi
C:\Users\admin\Documents\GitHub\SensingRisk\sitelens\data\noto_crops\all\bldg_001340.png,20230303-49284-13461-s-6614,destroyed,1,136.90064985978773,37.39613306410861,"MULTIPOLYGON (((136.900622778 37.396156556, 136.900688583 37.396137056, 136.900675861 37.396109722, 136.900612083 37.396128639, 136.900622778 37.396156556)))",1272.20649383333,807.2655101225731,21.390950398975065,21.390950398975065,石川県、輪島市、河井町川端丁,1,0,0,8.4,multi
C:\Users\admin\Documents\GitHub\SensingRisk\sitelens\data\noto_crops\all\bldg_001341.png,20230303-49284-13461-s-6492,destroyed,1,136.9006546793746,37.395718552544245,"MULTIPOLYGON (((136.900666667 37.395782944, 136.900714278 37.395765639, 136.900660806 37.395675389, 136.900644667 37.395679667, 136.900627556 37.395650528, 136.900593861 37.395668333, 136.900666667 37.395782944)))",1260.2955633519082,892.3644055849167,46.605879532366316,46.605879532366316,石川県、輪島市、河井町森の下,0,0,0,8.4,multi
C:\Users\admin\Documents\GitHub\SensingRisk\sitelens\data\noto_crops\all\bldg_001342.png,20230303-49284-13461-s-6556,destroyed,1,136.9007041584614,37.39591261912568,"MULTIPOLYGON (((136.900742056 37.39594175, 136.900699528 37.395870972, 136.900666333 37.395883667, 136.900708667 37.395954111, 136.900742056 37.39594175)))",1278.3114455240502,855.0917743808284,29.262069677471914,29.262069677471914,石川県、輪島市、河井町上本町,1,0,0,8.4,multi
C:\Users\admin\Documents\GitHub\SensingRisk\sitelens\data\noto_crops\all\bldg_001343.png,20230303-49284-13461-s-6576,destroyed,1,136.90074429165279,37.3959999595541,"MULTIPOLYGON (((136.900783056 37.396026972, 136.900744194 37.395959111, 136.900705611 37.395973167, 136.900744222 37.396040611, 136.900783056 37.396026972)))",1286.0823332722016,834.8912355738951,28.685198023247608,28.685198023247608,石川県、輪島市、河井町上本町,1,0,0,8.4,multi
C:\Users\admin\Documents\GitHub\SensingRisk\sitelens\data\noto_crops\all\bldg_001344.png,20230303-49284-13461-s-6209,survived,0,136.90077976757652,37.394687796438106,"MULTIPOLYGON (((136.900735917 37.394660944, 136.900740222 37.39471975, 136.900824167 37.394714528, 136.900818694 37.394655694, 136.900735917 37.394660944)))",1294.3894815667556,1144.4270480687858,25.383995154681543,25.383995154681543,石川県、輪島市、河井町森の下,0,0,0,8.4,multi
C:\Users\admin\Documents\GitHub\SensingRisk\sitelens\data\noto_crops\all\bldg_001345.png,20230303-49284-13461-s-6572,destroyed,1,136.90083538602653,37.395999649225686,"MULTIPOLYGON (((136.900855556 37.396031917, 136.900873389 37.396061167, 136.900898083 37.396051694, 136.900847833 37.395951778, 136.900832806 37.395957278, 136.900825889 37.395945278, 136.900773611 37.395964389, 136.900818167 37.396041972, 136.900855556 37.396031917)))",1296.5863264488396,827.5471209481453,41.795917366501385,41.795917366501385,石川県、輪島市、河井町上本町,1,0,0,8.4,multi
C:\Users\admin\Documents\GitHub\SensingRisk\sitelens\data\noto_crops\all\bldg_001346.png,20230303-49284-13461-s-6632,destroyed,1,136.900876,37.3962254445,"MULTIPOLYGON (((136.900906 37.396247333, 136.900877056 37.396193028, 136.900846 37.396203556, 136.900874944 37.396257861, 136.900906 37.396247333)))",1313.5598533238363,784.892583447223,22.818987039978424,22.818987039978424,石川県、輪島市、河井町上本町,1,0,0,8.4,multi
C:\Users\admin\Documents\GitHub\SensingRisk\sitelens\data\noto_crops\all\bldg_001347.png,20230303-49284-13461-s-6227,survived,0,136.9008768309536,37.394724353188195,"MULTIPOLYGON (((136.900853417 37.394693083, 136.900833278 37.394726528, 136.900900417 37.394754694, 136.900921333 37.394724, 136.900853417 37.394693083)))",1312.8190029684529,1136.2390958683768,24.787413430778543,24.787413430778543,石川県、輪島市、河井町森の下,0,0,0,8.4,multi
C:\Users\admin\Documents\GitHub\SensingRisk\sitelens\data\noto_crops\all\bldg_001348.png,20230303-49284-13461-s-6566,destroyed,1,136.9009097354639,37.39596574534972,"MULTIPOLYGON (((136.900955722 37.395988167, 136.900917833 37.395922056, 136.900863361 37.395941944, 136.900902694 37.396010556, 136.900955722 37.395988167)))",1315.420967069324,841.3063369454137,31.601937115743453,31.601937115743453,石川県、輪島市、河井町上本町,1,0,0,8.4,multi
C:\Users\admin\Documents\GitHub\SensingRisk\sitelens\data\noto_crops\all\bldg_001349.png,20230303-49284-13461-s-6599,destroyed,1,136.90093067626336,37.39611474684262,"MULTIPOLYGON (((136.900919389 37.396148306, 136.9009755 37.396129333, 136.900955028 37.396090778, 136.900928583 37.396099722, 136.900919083 37.396081833, 136.900886528 37.396092806, 136.900919389 37.396148306)))",1322.2067820027203,809.1829627612144,26.03583548173708,26.03583548173708,石川県、輪島市、河井町上本町,1,0,0,8.4,multi
C:\Users\admin\Documents\GitHub\SensingRisk\sitelens\data\noto_crops\all\bldg_001350.png,20230303-49284-13461-s-6528,destroyed,1,136.9009440665231,37.39583218160658,"MULTIPOLYGON (((136.900880222 37.395819778, 136.900917361 37.395877083, 136.901004778 37.395847056, 136.900974417 37.3957865, 136.900880222 37.395819778)))",1319.4319064575575,870.7363528840527,35.867877751295964,35.867877751295964,石川県、輪島市、河井町上本町,1,0,0,8.4,multi
C:\Users\admin\Documents\GitHub\SensingRisk\sitelens\data\noto_crops\all\bldg_001351.png,20230303-49284-13461-s-6624,destroyed,1,136.9009560358343,37.39619814164847,"MULTIPOLYGON (((136.901005806 37.39622, 136.900976139 37.396160333, 136.900903028 37.396183472, 136.900923889 37.396225472, 136.900952778 37.396216306, 136.900961889 37.396234639, 136.901005806 37.39622)))",1324.8405622767725,788.1155912905496,29.493545734752956,29.493545734752956,石川県、輪島市、河井町上本町,1,0,0,8.4,multi
C:\Users\admin\Documents\GitHub\SensingRisk\sitelens\data\noto_crops\all\bldg_001352.png,20230303-49284-13461-s-6278,survived,0,136.90094496114915,37.394882735330285,"MULTIPOLYGON (((136.900970444 37.394904722, 136.900956694 37.394853833, 136.900919472 37.394860222, 136.900933472 37.394912111, 136.900970444 37.394904722)))",1327.5681235446916,1101.0489279187177,20.511852396650056,20.511852396650056,石川県、輪島市、河井町森の下,0,0,0,8.4,multi
C:\Users\admin\Documents\GitHub\SensingRisk\sitelens\data\noto_crops\all\bldg_001353.png,20230303-49284-13461-s-6957,destroyed,1,136.90097456847076,37.39561687476178,"MULTIPOLYGON (((136.900982389 37.395658472, 136.901028056 37.395629972, 136.900966611 37.395574528, 136.900921361 37.395605278, 136.900982389 37.395658472)))",1327.2626489355487,923.0797999672496,32.21459194137208,32.21459194137208,石川県、輪島市、河井町森の下,0,0,0,8.4,multi
C:\Users\admin\Documents\GitHub\SensingRisk\sitelens\data\noto_crops\all\bldg_001354.png,20230303-49284-13461-s-6459,destroyed,1,136.9010377975127,37.395559748604164,"MULTIPOLYGON (((136.9010365 37.395618556, 136.901114194 37.395565806, 136.901038222 37.395500667, 136.900961833 37.395554139, 136.9010365 37.395618556)))",1332.4022549327517,929.7670294237234,45.53719458785895,45.53719458785895,石川県、輪島市、河井町森の下,0,0,0,8.4,multi
C:\Users\admin\Documents\GitHub\SensingRisk\sitelens\data\noto_crops\all\bldg_001355.png,20230303-49284-13461-s-6611,destroyed,1,136.90109017166375,37.396158718358386,"MULTIPOLYGON (((136.900991833 37.396155611, 136.901019861 37.3962165, 136.901189056 37.396161417, 136.901160139 37.396101139, 136.900991833 37.396155611)))",1337.3709251032935,784.3614426617069,55.147547849019475,55.147547849019475,石川県、輪島市、河井町上本町,1,0,0,8.4,multi
C:\Users\admin\Documents\GitHub\SensingRisk\sitelens\data\noto_crops\all\bldg_001356.png,20230303-49284-13461-s-6558,destroyed,1,136.9011597205714,37.395914370574985,"MULTIPOLYGON (((136.901122694 37.395909722, 136.901140194 37.395941306, 136.901197389 37.39591825, 136.901178806 37.395887806, 136.901122694 37.395909722)))",1367.2601212761087,858.5917205067308,21.316797771463598,21.316797771463598,石川県、輪島市、河井町上本町,1,0,0,8.4,multi
C:\Users\admin\Documents\GitHub\SensingRisk\sitelens\data\noto_crops\all\bldg_001357.png,20230303-49284-13461-s-6570,destroyed,1,136.90120673012973,37.39597793262756,"MULTIPOLYGON (((136.901197 37.396025528, 136.901265833 37.395997667, 136.901231 37.395943667, 136.901206222 37.395952833, 136.901192111 37.395932556, 136.901148722 37.395949722, 136.901197 37.396025528)))",1368.9464586102486,836.3413925866641,35.55498031970137,35.55498031970137,石川県、輪島市、河井町上本町,1,0,0,8.4,multi
C:\Users\admin\Documents\GitHub\SensingRisk\sitelens\data\noto_crops\all\bldg_001358.png,20230303-49284-13461-s-6373,survived,0,136.90122398974273,37.39529828020782,"MULTIPOLYGON (((136.901311472 37.395340944, 136.901240972 37.39520725, 136.901139222 37.395246361, 136.901180333 37.395311889, 136.901158389 37.395321528, 136.901204472 37.395388389, 136.901311472 37.395340944)))",1358.2149974960628,982.0861322205698,63.75470043184839,63.75470043184839,石川県、輪島市、河井町森の下,0,0,0,8.4,multi
C:\Users\admin\Documents\GitHub\SensingRisk\sitelens\data\noto_crops\all\bldg_001359.png,20230303-49284-13461-s-6269,survived,0,136.9012406344319,37.394859984090765,"MULTIPOLYGON (((136.901172833 37.394829222, 136.901200194 37.394904972, 136.901310833 37.394886167, 136.901281944 37.394818139, 136.901172833 37.394829222)))",1373.8717624558344,1097.0363035171918,38.58759679794298,38.58759679794298,石川県、輪島市、河井町森の下,0,0,0,8.4,multi
C:\Users\admin\Documents\GitHub\SensingRisk\sitelens\data\noto_crops\all\bldg_001360.png,20230303-49284-13461-s-6355,survived,0,136.90126742898255,37.39516436928817,"MULTIPOLYGON (((136.901305583 37.395190639, 136.901283417 37.395126222, 136.901229278 37.395138083, 136.901251444 37.395202528, 136.901305583 37.395190639)))",1384.508736408804,1031.8468555868112,26.857088592872287,26.857088592872287,石川県、輪島市、河井町森の下,0,0,0,8.4,multi
C:\Users\admin\Documents\GitHub\SensingRisk\sitelens\data\noto_crops\all\bldg_001361.png,20230303-49284-13461-s-6476,destroyed,1,136.90130719446586,37.395602647883635,"MULTIPOLYGON (((136.901252306 37.395594722, 136.901303694 37.395644889, 136.901327806 37.395629167, 136.90133275 37.395633972, 136.901363306 37.395614083, 136.901305889 37.395557972, 136.901252306 37.395594722)))",1388.7551901915842,926.0144306446141,33.417258465454324,33.417258465454324,石川県、輪島市、河井町上本町,1,0,0,8.4,multi
C:\Users\admin\Documents\GitHub\SensingRisk\sitelens\data\noto_crops\all\bldg_001362.png,20230303-49284-13461-s-6619,destroyed,1,136.90133153831377,37.39616609534165,"MULTIPOLYGON (((136.901283917 37.396168194, 136.901304722 37.396196833, 136.901378806 37.396164806, 136.901358 37.396134972, 136.901283917 37.396168194)))",1396.5884391413795,797.006791187051,26.53288748529235,26.53288748529235,石川県、輪島市、河井町上本町,1,0,0,8.4,multi
C:\Users\admin\Documents\GitHub\SensingRisk\sitelens\data\noto_crops\all\bldg_001363.png,20230303-49284-13461-s-6487,destroyed,1,136.90135557874646,37.39565945885605,"MULTIPOLYGON (((136.901348333 37.395689111, 136.901393278 37.395662389, 136.901362806 37.395629806, 136.901317889 37.395656528, 136.901348333 37.395689111)))",1402.9900279014923,917.7269894974053,22.760326100134307,22.760326100134307,石川県、輪島市、河井町上本町,1,0,0,8.4,multi
C:\Users\admin\Documents\GitHub\SensingRisk\sitelens\data\noto_crops\all\bldg_001365.png,20230303-49284-13461-s-6613,destroyed,1,136.90143549475,37.396129348746996,"MULTIPOLYGON (((136.901419944 37.396151806, 136.901467806 37.396132222, 136.9014515 37.396106806, 136.901402833 37.396126694, 136.901419944 37.396151806)))",1420.1431973344013,809.7695134659948,18.18172267425234,18.18172267425234,石川県、輪島市、河井町上本町,1,0,0,8.4,multi
C:\Users\admin\Documents\GitHub\SensingRisk\sitelens\data\noto_crops\all\bldg_001366.png,20230303-49284-13461-s-6535,destroyed,1,136.90145588001684,37.39581956811967,"MULTIPOLYGON (((136.901450194 37.395834778, 136.901474111 37.395825889, 136.901461583 37.395804361, 136.901437639 37.39581325, 136.901450194 37.395834778)))",1427.3578204968599,885.8300465282667,11.41612220492118,11.41612220492118,石川県、輪島市、河井町上本町,1,0,0,8.4,multi
C:\Users\admin\Documents\GitHub\SensingRisk\sitelens\data\noto_crops\all\bldg_001367.png,20230303-49284-13461-s-6602,destroyed,1,136.90149127538984,37.39611275648506,"MULTIPOLYGON (((136.901516056 37.3961265, 136.901493194 37.396088583, 136.901466444 37.396098861, 136.901489472 37.396137056, 136.901516056 37.3961265)))",1431.0630299995912,814.1315993769734,17.194459109060176,17.194459109060176,石川県、輪島市、河井町上本町,1,0,0,8.4,multi
C:\Users\admin\Documents\GitHub\SensingRisk\sitelens\data\noto_crops\all\bldg_001368.png,20230303-49284-13461-s-6610,destroyed,1,136.90084865462705,37.3961433164468,"MULTIPOLYGON (((136.90080075 37.396123417, 136.900831778 37.396185, 136.900897694 37.396163139, 136.900863528 37.396101083, 136.90080075 37.396123417)))",1304.4454403575453,800.1053001336359,31.064250974616925,31.064250974616925,石川県、輪島市、河井町上本町,1,0,0,8.4,multi
C:\Users\admin\Documents\GitHub\SensingRisk\sitelens\data\noto_crops\all\bldg_001369.png,20230303-49284-13461-s-6577,destroyed,1,136.90100246552785,37.39601059976865,"MULTIPOLYGON (((136.901072472 37.395960278, 136.900902639 37.396026667, 136.900919722 37.396055917, 136.900966667 37.396039722, 136.900975778 37.396047694, 136.90109475 37.395999083, 136.901072472 37.395960278)))",1320.9821948581273,820.4421268409287,53.718129052056156,53.718129052056156,石川県、輪島市、河井町上本町,1,0,0,8.4,multi
C:\Users\admin\Documents\GitHub\SensingRisk\sitelens\data\noto_crops\all\bldg_001370.png,20230303-49284-13461-s-6544,destroyed,1,136.90077730523168,37.39588479032539,"MULTIPOLYGON (((136.900761056 37.395928, 136.900791722 37.39591675, 136.900797389 37.395926583, 136.900830222 37.395914528, 136.900792 37.395838056, 136.900722444 37.395860556, 136.900761056 37.395928)))",1289.5153144277135,859.7732104315527,33.74951400816451,33.74951400816451,石川県、輪島市、河井町上本町,1,0,0,8.4,multi
C:\Users\admin\Documents\GitHub\SensingRisk\sitelens\data\noto_crops\all\bldg_001371.png,20230303-49284-13461-s-6581,destroyed,1,136.90079584825003,37.39607879220607,"MULTIPOLYGON (((136.900755361 37.396057333, 136.900784306 37.396115806, 136.900836667 37.396098028, 136.900807722 37.396043139, 136.900755361 37.396057333)))",1296.7639610597876,817.2585792671737,26.58982936752136,26.58982936752136,石川県、輪島市、河井町上本町,1,0,0,8.4,multi
C:\Users\admin\Documents\GitHub\SensingRisk\sitelens\data\noto_crops\all\bldg_001372.png,20230303-49284-13461-s-6543,destroyed,1,136.9014975545687,37.39587457835023,"MULTIPOLYGON (((136.901539778 37.395896472, 136.901506361 37.395835028, 136.901455333 37.395852667, 136.90148875 37.395914139, 136.901539778 37.395896472)))",1426.6006164343607,864.3943430385715,28.470147031257056,28.470147031257056,石川県、輪島市、河井町上本町,1,0,0,8.4,multi
C:\Users\admin\Documents\GitHub\SensingRisk\sitelens\data\noto_crops\all\bldg_001373.png,20230303-49284-13461-s-6391,survived,0,136.9009188423006,37.39532372145214,"MULTIPOLYGON (((136.90097725 37.395354583, 136.900926056 37.395268111, 136.900860417 37.395292833, 136.900911667 37.395379361, 136.90097725 37.395354583)))",1313.0484983521844,987.9767461555077,39.81118324104705,39.81118324104705,石川県、輪島市、河井町森の下,0,0,0,8.4,multi
C:\Users\admin\Documents\GitHub\SensingRisk\sitelens\data\noto_crops\all\bldg_001374.png,20230303-49284-13461-s-6622,destroyed,1,136.90142704172052,37.39620367123113,"MULTIPOLYGON (((136.901329139 37.396263056, 136.901396472 37.396238167, 136.901383056 37.396214167, 136.901407056 37.396204806, 136.901423389 37.396231083, 136.901549028 37.396192028, 136.901519306 37.396147861, 136.901300917 37.396220083, 136.901329139 37.396263056)))",1392.616806077957,766.3032348928107,69.37686398824076,69.37686398824076,石川県、輪島市、河井町上本町,1,0,0,8.4,multi
C:\Users\admin\Documents\GitHub\SensingRisk\sitelens\data\noto_crops\all\bldg_001375.png,20230303-49284-13461-s-6856,destroyed,1,136.9002053945504,37.39869089720602,"MULTIPOLYGON (((136.900302861 37.398735528, 136.900306056 37.398680722, 136.900207444 37.398679278, 136.900207611 37.398628028, 136.900134417 37.398627861, 136.900132556 37.398730389, 136.900302861 37.398735528)))",1178.2956544452243,195.70131617128533,48.514116266038855,48.514116266038855,石川県、輪島市、鳳至町浜町上，下,0,0,0,8.4,multi
C:\Users\admin\Documents\GitHub\SensingRisk\sitelens\data\noto_crops\all\bldg_001376.png,20230303-49281-13461-s-8594,survived,0,136.89962463863523,37.39867463869192,"MULTIPOLYGON (((136.899661833 37.398701194, 136.899659778 37.398646361, 136.899587444 37.398648083, 136.8995895 37.398702917, 136.899661833 37.398701194)))",1080.699671674407,210.61491897345422,21.997968571775658,21.997968571775658,石川県、輪島市、鳳至町浜町上，下,0,0,0,8.4,multi
C:\Users\admin\Documents\GitHub\SensingRisk\sitelens\data\noto_crops\all\bldg_001377.png,20230303-49281-13461-s-8599,survived,0,136.89980518049998,37.3986795415,"MULTIPOLYGON (((136.899833917 37.398699833, 136.899831833 37.3986575, 136.899776444 37.39865925, 136.899778528 37.398701583, 136.899833917 37.398699833)))",1116.8108039288018,211.92024213809572,17.08664030731535,17.08664030731535,石川県、輪島市、鳳至町浜町上，下,0,0,0,8.4,multi
C:\Users\admin\Documents\GitHub\SensingRisk\sitelens\data\noto_crops\all\bldg_001378.png,20230303-49284-13461-s-6858,survived,0,136.90053501687626,37.39876093435926,"MULTIPOLYGON (((136.900500639 37.398853028, 136.90060525 37.398772056, 136.900584333 37.398754833, 136.900613722 37.398732083, 136.900552361 37.398681611, 136.900512361 37.398712556, 136.900502889 37.398704778, 136.900457472 37.398739917, 136.900515917 37.398788, 136.900467056 37.398825778, 136.900500639 37.398853028)))",1231.3471830856213,169.70055816346087,60.33289067253648,60.33289067253648,石川県、輪島市、鳳至町浜町下,0,0,0,8.4,multi
C:\Users\admin\Documents\GitHub\SensingRisk\sitelens\data\noto_crops\all\bldg_001379.png,20230303-49281-13461-s-8613,survived,0,136.89953140627222,37.39878634675076,"MULTIPOLYGON (((136.899553472 37.398838222, 136.899552583 37.39879575, 136.89962475 37.398794778, 136.899623722 37.39874575, 136.899460833 37.398747944, 136.89946275 37.398839139, 136.899553472 37.398838222)))",1053.5240116914115,171.05432174046734,45.83451524840439,45.83451524840439,石川県、輪島市、鳳至町浜町下,0,0,0,8.4,multi
C:\Users\admin\Documents\GitHub\SensingRisk\sitelens\data\noto_crops\all\bldg_001380.png,20230303-49281-13461-s-8616,survived,0,136.89979686159546,37.39879608832997,"MULTIPOLYGON (((136.89973275 37.398756306, 136.899731833 37.398801, 136.899756528 37.398801306, 136.89975575 37.398840306, 136.899850389 37.398841528, 136.899852111 37.398755889, 136.89973275 37.398756306)))",1105.78893317439,175.39882288889746,34.20589609561014,34.20589609561014,石川県、輪島市、鳳至町浜町下,0,0,0,8.4,multi
C:\Users\admin\Documents\GitHub\SensingRisk\sitelens\data\noto_crops\all\bldg_001381.png,20230303-49281-13461-s-8911,survived,0,136.89995226838792,37.39879690434709,"MULTIPOLYGON (((136.899969556 37.398837889, 136.899970222 37.398790583, 136.9 37.398790833, 136.900005278 37.398790889, 136.900007306 37.398790917, 136.900007667 37.398765861, 136.900005278 37.398765833, 136.9 37.398765778, 136.89991725 37.398765056, 136.89991625 37.398837194, 136.899969556 37.398837889)))",1140.6721506816975,177.94570477413234,27.815021693144104,27.815021693144104,石川県、輪島市、鳳至町浜町下,0,0,0,8.4,multi
C:\Users\admin\Documents\GitHub\SensingRisk\sitelens\data\noto_crops\all\bldg_001382.png,20230303-49284-13461-s-6859,survived,0,136.9006243610179,37.398862975759464,"MULTIPOLYGON (((136.900659083 37.398776278, 136.900511611 37.398859389, 136.900591861 37.39895, 136.900723972 37.398875528, 136.900713278 37.398863444, 136.900729917 37.398854083, 136.900659083 37.398776278)))",1244.2024830106322,144.19613210565154,66.37484982740398,66.37484982740398,石川県、輪島市、鳳至町浜町下,0,0,0,8.4,multi
C:\Users\admin\Documents\GitHub\SensingRisk\sitelens\data\noto_crops\all\bldg_001383.png,20230303-49281-13461-s-8632,survived,0,136.89934515274464,37.398882152874464,"MULTIPOLYGON (((136.899321028 37.398921, 136.899371833 37.398919917, 136.899369278 37.398843306, 136.899318472 37.398844389, 136.899321028 37.398921)))",1025.925880956811,159.2492323825078,27.345616875432512,27.345616875432512,石川県、輪島市、鳳至町浜町下,0,0,0,8.4,multi
C:\Users\admin\Documents\GitHub\SensingRisk\sitelens\data\noto_crops\all\bldg_001384.png,20230303-49281-13461-s-8915,survived,0,136.89998236789936,37.39888530376285,"MULTIPOLYGON (((136.899923472 37.398912306, 136.9 37.398912056, 136.900005278 37.398912056, 136.9000415 37.398911972, 136.900041278 37.398858333, 136.900005278 37.398858417, 136.9 37.398858417, 136.899923222 37.398858667, 136.899923472 37.398912306)))",1141.846500243081,155.64257845173734,33.07292589081658,33.07292589081658,石川県、輪島市、鳳至町浜町下,0,0,0,8.4,multi
C:\Users\admin\Documents\GitHub\SensingRisk\sitelens\data\noto_crops\all\bldg_001386.png,20230303-49284-13461-s-6862,survived,0,136.90071077713728,37.39896384753669,"MULTIPOLYGON (((136.900667333 37.399008167, 136.900768472 37.3989315, 136.900754222 37.398919528, 136.900653083 37.398996194, 136.900667333 37.399008167)))",1277.0015201580245,136.5848169132,34.33624069722819,34.33624069722819,石川県、輪島市、鳳至町浜町下,0,0,0,8.4,multi
C:\Users\admin\Documents\GitHub\SensingRisk\sitelens\data\noto_crops\all\bldg_001387.png,20230303-49284-13461-s-6863,survived,0,136.9005172192866,37.398977057928796,"MULTIPOLYGON (((136.900597139 37.398974028, 136.900554722 37.398928611, 136.900523333 37.398947306, 136.900508139 37.398931056, 136.9004395 37.398971889, 136.900497722 37.399034194, 136.900597139 37.398974028)))",1236.25333937539,127.59423667932172,44.07905921936049,44.07905921936049,石川県、輪島市、鳳至町浜町下,0,0,0,8.4,multi
C:\Users\admin\Documents\GitHub\SensingRisk\sitelens\data\noto_crops\all\bldg_001388.png,20230303-49284-13461-s-6865,survived,0,136.90075773610437,37.39901544436859,"MULTIPOLYGON (((136.900734417 37.399091028, 136.900853528 37.399000694, 136.900781056 37.398939861, 136.900661944 37.399030194, 136.900734417 37.399091028)))",1273.9496468554032,112.67233135483134,57.947385023019464,57.947385023019464,石川県、輪島市、鳳至町浜町下,0,0,0,8.4,multi
C:\Users\admin\Documents\GitHub\SensingRisk\sitelens\data\noto_crops\all\bldg_001389.png,20230303-49281-13461-s-8652,survived,0,136.89986120157678,37.398983085410656,"MULTIPOLYGON (((136.899902917 37.399021917, 136.899903167 37.398944444, 136.8998195 37.39894425, 136.899819222 37.399021722, 136.899902917 37.399021917)))",1121.7595602304027,135.2029998891639,28.072660524920735,28.072660524920735,石川県、輪島市、鳳至町浜町下,0,0,0,8.4,multi
C:\Users\admin\Documents\GitHub\SensingRisk\sitelens\data\noto_crops\all\bldg_001390.png,20230303-49281-13461-s-8657,survived,0,136.8997745,37.398983263999995,"MULTIPOLYGON (((136.8998035 37.399012889, 136.899802972 37.398953306, 136.8997455 37.398953639, 136.899746028 37.399013222, 136.8998035 37.399012889)))",1109.0906783094972,138.65279091278336,21.08837208397469,21.08837208397469,石川県、輪島市、鳳至町浜町下,0,0,0,8.4,multi
C:\Users\admin\Documents\GitHub\SensingRisk\sitelens\data\noto_crops\all\bldg_001391.png,20230303-49284-13461-s-6867,survived,0,136.90015045294885,37.3991018606554,"MULTIPOLYGON (((136.900219389 37.399166, 136.900150361 37.399115194, 136.9001785 37.399090833, 136.900229944 37.399128694, 136.900261611 37.399101306, 136.900143 37.399014, 136.900044583 37.399099139, 136.900179444 37.399198389, 136.900219389 37.399166)))",1155.846531763487,85.98817520169584,68.72785731657413,68.72785731657413,石川県、輪島市、鳳至町浜町下,0,0,0,8.4,multi
C:\Users\admin\Documents\GitHub\SensingRisk\sitelens\data\noto_crops\all\bldg_001392.png,20230303-49281-13461-s-8677,survived,0,136.89950483345066,37.399054085675274,"MULTIPOLYGON (((136.899558972 37.399025278, 136.899449917 37.399026222, 136.899450667 37.399082889, 136.899559778 37.399081944, 136.899558972 37.399025278)))",1054.0083139949375,117.21994308508533,30.71936211056186,30.71936211056186,石川県、輪島市、鳳至町浜町下,0,0,0,8.4,multi
C:\Users\admin\Documents\GitHub\SensingRisk\sitelens\data\noto_crops\all\bldg_001393.png,20230303-49281-13461-s-8679,survived,0,136.8998588146777,37.399058446819176,"MULTIPOLYGON (((136.899776472 37.399071389, 136.899818139 37.399071806, 136.899818361 37.399057222, 136.899854611 37.399057611, 136.899854028 37.399092889, 136.899921306 37.399093583, 136.899922278 37.399034472, 136.899777333 37.399032972, 136.899776472 37.399071389)))",1113.2074197027418,110.03715323605475,40.770312595367386,40.770312595367386,石川県、輪島市、鳳至町浜町下,0,0,0,8.4,multi
C:\Users\admin\Documents\GitHub\SensingRisk\sitelens\data\noto_crops\all\bldg_001394.png,20230303-49281-13461-s-8693,survived,0,136.899792486,37.399117763999996,"MULTIPOLYGON (((136.899730361 37.399134306, 136.899854833 37.39913375, 136.899854611 37.399101222, 136.899730139 37.399101778, 136.899730361 37.399134306)))",1105.5542130046422,100.20390826981061,34.86696952713851,34.86696952713851,石川県、輪島市、鳳至町浜町下,0,0,0,8.4,multi
C:\Users\admin\Documents\GitHub\SensingRisk\sitelens\data\noto_crops\all\bldg_001395.png,20230303-49284-13461-s-6874,survived,0,136.900494486,37.3991421805,"MULTIPOLYGON (((136.900490972 37.399163944, 136.900521694 37.399138972, 136.900498 37.399120417, 136.900467278 37.399145389, 136.900490972 37.399163944)))",1245.5512198580084,103.60945128534722,16.5975254165904,16.5975254165904,石川県、輪島市、鳳至町浜町下,0,0,0,8.4,multi
C:\Users\admin\Documents\GitHub\SensingRisk\sitelens\data\noto_crops\all\bldg_001396.png,20230303-49281-13461-s-8700,survived,0,136.8992274155754,37.399167191631506,"MULTIPOLYGON (((136.899258222 37.399213583, 136.8992585 37.399128944, 136.8991935 37.399128806, 136.89919325 37.399198556, 136.899231361 37.399198639, 136.899231306 37.399213528, 136.899258222 37.399213583)))",1002.4444571404831,90.18096564756014,29.83858936312943,29.83858936312943,石川県、輪島市、鳳至町浜町下,0,0,0,8.4,multi
C:\Users\admin\Documents\GitHub\SensingRisk\sitelens\data\noto_crops\all\bldg_001397.png,20230303-49281-13461-s-8701,survived,0,136.89955060583424,37.39916262612071,"MULTIPOLYGON (((136.899455528 37.399189889, 136.89955825 37.399191028, 136.899558722 37.399164333, 136.899612139 37.399164944, 136.899611639 37.399192556, 136.89965425 37.399193028, 136.899655194 37.399139389, 136.899454972 37.399137139, 136.899455528 37.399189889)))",1050.7395064724817,78.54110375025903,55.98612902959189,55.98612902959189,石川県、輪島市、鳳至町浜町下,0,0,0,8.4,multi
C:\Users\admin\Documents\GitHub\SensingRisk\sitelens\data\noto_crops\all\bldg_001398.png,20230303-49284-13461-s-6879,survived,0,136.9006250695,37.39924486099999,"MULTIPOLYGON (((136.900667389 37.399249889, 136.900615222 37.399211639, 136.90058275 37.399239833, 136.900634917 37.399278083, 136.900667389 37.399249889)))",1265.4321737285313,75.05453920006678,25.52067513548191,25.52067513548191,石川県、輪島市、鳳至町浜町下,0,0,0,8.4,multi
C:\Users\admin\Documents\GitHub\SensingRisk\sitelens\data\noto_crops\all\bldg_001399.png,20230303-49284-13461-s-6878,survived,0,136.9003632918511,37.39926522195207,"MULTIPOLYGON (((136.900342639 37.399320944, 136.900432556 37.399247222, 136.900383944 37.3992095, 136.900294028 37.399283222, 136.900342639 37.399320944)))",1208.1926473044768,61.83629435831685,42.40200216834792,42.40200216834792,石川県、輪島市、鳳至町浜町下,0,0,0,8.4,multi
C:\Users\admin\Documents\GitHub\SensingRisk\sitelens\data\noto_crops\all\bldg_001400.png,20230303-49281-13461-s-8734,survived,0,136.8995210975,37.399290457999996,"MULTIPOLYGON (((136.899467806 37.399314194, 136.899574639 37.399313833, 136.899574389 37.399266722, 136.899467556 37.399267083, 136.899467806 37.399314194)))",1057.4259260972342,62.1445373438956,29.942577017678104,29.942577017678104,石川県、輪島市、鳳至町浜町下,0,0,0,8.4,multi
C:\Users\admin\Documents\GitHub\SensingRisk\sitelens\data\noto_crops\all\bldg_001402.png,20230303-49284-13461-s-6877,survived,0,136.90049705138586,37.399231092816954,"MULTIPOLYGON (((136.900536194 37.399249472, 136.900513389 37.399233056, 136.900531139 37.399217361, 136.900495028 37.399191389, 136.900452028 37.399229389, 136.900510167 37.39927125, 136.900536194 37.399249472)))",1239.473378979393,76.68560654228543,28.613397040841207,28.613397040841207,石川県、輪島市、鳳至町浜町下,0,0,0,8.4,multi
C:\Users\admin\Documents\GitHub\SensingRisk\sitelens\data\noto_crops\all\bldg_001403.png,20230303-49284-13461-s-6868,survived,0,136.90060608751742,37.39906297288005,"MULTIPOLYGON (((136.900589806 37.399108361, 136.900663944 37.399053083, 136.900622389 37.399017583, 136.900548222 37.399072861, 136.900589806 37.399108361)))",1257.2145652377437,113.05538726997266,34.877211856081075,34.877211856081075,石川県、輪島市、鳳至町浜町下,0,0,0,8.4,multi
C:\Users\admin\Documents\GitHub\SensingRisk\sitelens\data\noto_crops\all\bldg_001404.png,20230303-49281-13461-s-8653,survived,0,136.89969834442581,37.39897735398614,"MULTIPOLYGON (((136.899665361 37.399007083, 136.899731111 37.399007222, 136.899731333 37.398947639, 136.899665583 37.398947472, 136.899665361 37.399007083)))",1094.5589549989245,139.70540275889982,21.759922489045294,21.759922489045294,石川県、輪島市、鳳至町浜町下,0,0,0,8.4,multi
C:\Users\admin\Documents\GitHub\SensingRisk\sitelens\data\noto_crops\all\bldg_001405.png,20230303-49281-13461-s-8656,survived,0,136.899955460589,37.3989809151746,"MULTIPOLYGON (((136.9 37.398951806, 136.899922556 37.398951639, 136.899922333 37.399020778, 136.899964167 37.399020861, 136.899964306 37.398985694, 136.9 37.398985778, 136.900001639 37.398985778, 136.900001778 37.398951806, 136.9 37.398951806)))",1141.816170812706,135.7147579020618,25.5631456513008,25.5631456513008,石川県、輪島市、鳳至町浜町下,0,0,0,8.4,multi
C:\Users\admin\Documents\GitHub\SensingRisk\sitelens\data\noto_crops\all\bldg_001406.png,20230303-49281-13461-s-8735,survived,0,136.89966164900713,37.39929582173394,"MULTIPOLYGON (((136.89960375 37.399321056, 136.899680694 37.39932125, 136.899680722 37.399312306, 136.899743472 37.399312444, 136.899743556 37.399294556, 136.899703944 37.399294472, 136.899704028 37.399270028, 136.899605417 37.399269806, 136.89960375 37.399321056)))",1081.2893255021838,56.37988655744948,39.09259099960309,39.09259099960309,石川県、輪島市、鳳至町浜町下,0,0,0,8.4,multi
C:\Users\admin\Documents\GitHub\SensingRisk\sitelens\data\noto_crops\all\bldg_001407.png,20230303-49284-13461-s-6880,survived,0,136.90057997355888,37.399278759668526,"MULTIPOLYGON (((136.900622861 37.399287972, 136.90056925 37.399244361, 136.900537083 37.399269528, 136.900590694 37.399313167, 136.900622861 37.399287972)))",1256.6814613349993,66.75548318518838,26.208533280208613,26.208533280208613,石川県、輪島市、鳳至町浜町下,0,0,0,8.4,multi
C:\Users\admin\Documents\GitHub\SensingRisk\sitelens\data\noto_crops\all\bldg_001408.png,20230303-49281-13461-s-7934,survived,0,136.8977763890044,37.395400164088535,"MULTIPOLYGON (((136.897707389 37.395402528, 136.897753528 37.395449722, 136.897841861 37.395398056, 136.897806194 37.395350306, 136.897707389 37.395402528)))",727.2792189901579,970.4322572395014,39.10384966290496,39.10384966290496,石川県、輪島市、鳳至町末広南,0,0,0,8.4,multi
C:\Users\admin\Documents\GitHub\SensingRisk\sitelens\data\noto_crops\all\bldg_001409.png,20230303-49281-13461-s-7937,survived,0,136.89831130584273,37.39542130165272,"MULTIPOLYGON (((136.898292833 37.395474194, 136.898378917 37.3954255, 136.898329806 37.395368167, 136.898243556 37.395417583, 136.898292833 37.395474194)))",826.4830883325302,964.637905898955,40.75937861710861,40.75937861710861,石川県、輪島市、鳳至町末広南,0,0,0,8.4,multi
C:\Users\admin\Documents\GitHub\SensingRisk\sitelens\data\noto_crops\all\bldg_001410.png,20230303-49281-13461-s-7942,survived,0,136.8978489267567,37.39545772615463,"MULTIPOLYGON (((136.897766944 37.395458694, 136.897820694 37.395518528, 136.897929056 37.395459056, 136.897879222 37.395395778, 136.897766944 37.395458694)))",736.598333489619,952.6659713201045,47.82180342464528,47.82180342464528,石川県、輪島市、鳳至町末広南,0,0,0,8.4,multi
C:\Users\admin\Documents\GitHub\SensingRisk\sitelens\data\noto_crops\all\bldg_001411.png,20230303-49281-13461-s-7946,survived,0,136.89801418382373,37.39545838132241,"MULTIPOLYGON (((136.897948472 37.395463861, 136.897987083 37.39550875, 136.898082222 37.395453444, 136.898036083 37.395408056, 136.897948472 37.395463861)))",772.0454680540385,956.624059359614,39.31901797886269,39.31901797886269,石川県、輪島市、鳳至町末広南,0,0,0,8.4,multi
C:\Users\admin\Documents\GitHub\SensingRisk\sitelens\data\noto_crops\all\bldg_001412.png,20230303-49281-13461-s-7954,survived,0,136.8980881559367,37.395490851349784,"MULTIPOLYGON (((136.898059528 37.395534472, 136.898149361 37.395484611, 136.898116778 37.395447222, 136.898026944 37.395497111, 136.898059528 37.395534472)))",787.859476599104,951.2533573032338,34.83485865922751,34.83485865922751,石川県、輪島市、鳳至町末広南,0,0,0,8.4,multi
C:\Users\admin\Documents\GitHub\SensingRisk\sitelens\data\noto_crops\all\bldg_001413.png,20230303-49281-13461-s-7960,survived,0,136.89764333829729,37.39550520718804,"MULTIPOLYGON (((136.897603778 37.39554475, 136.897706278 37.395500278, 136.8976825 37.39546625, 136.8975815 37.395508944, 136.897603778 37.39554475)))",705.014958217409,947.7873229990018,34.89045763015747,34.89045763015747,石川県、輪島市、鳳至町末広南,0,0,0,8.4,multi
C:\Users\admin\Documents\GitHub\SensingRisk\sitelens\data\noto_crops\all\bldg_001414.png,20230303-49281-13461-s-7961,survived,0,136.89789029719861,37.3955228346611,"MULTIPOLYGON (((136.897826472 37.395523194, 136.897868444 37.395571222, 136.897954694 37.395520861, 136.897912111 37.39547525, 136.897826472 37.395523194)))",749.6660442956145,942.2896728773009,37.562474892962996,37.562474892962996,石川県、輪島市、鳳至町末広南,0,0,0,8.4,multi
C:\Users\admin\Documents\GitHub\SensingRisk\sitelens\data\noto_crops\all\bldg_001415.png,20230303-49281-13461-s-7968,survived,0,136.89798524884165,37.395543176207866,"MULTIPOLYGON (((136.89796075 37.395580722, 136.898041583 37.395538, 136.898009111 37.3955045, 136.897928 37.395550861, 136.89796075 37.395580722)))",770.1289646307628,940.6446333567526,31.76010875172085,31.76010875172085,石川県、輪島市、鳳至町末広南,0,0,0,8.4,multi
C:\Users\admin\Documents\GitHub\SensingRisk\sitelens\data\noto_crops\all\bldg_001416.png,20230303-49281-13461-s-7973,survived,0,136.89769303632002,37.39555436357662,"MULTIPOLYGON (((136.897754611 37.395562972, 136.89771 37.395508028, 136.897632917 37.395544806, 136.897673806 37.395600944, 136.897754611 37.395562972)))",713.7177976955397,935.6985300342697,36.07952641326392,36.07952641326392,石川県、輪島市、鳳至町末広南,0,0,0,8.4,multi
C:\Users\admin\Documents\GitHub\SensingRisk\sitelens\data\noto_crops\all\bldg_001417.png,20230303-49281-13461-s-7975,survived,0,136.8982298243188,37.39557751126331,"MULTIPOLYGON (((136.898208583 37.395636139, 136.898269194 37.395605278, 136.898249278 37.395580361, 136.898284861 37.39556225, 136.898250722 37.395519528, 136.898189722 37.395550583, 136.898208861 37.395574528, 136.898176194 37.395591167, 136.898208583 37.395636139)))",811.2959981201732,927.7384169148522,41.04306290441548,41.04306290441548,石川県、輪島市、鳳至町末広南,0,0,0,8.4,multi
C:\Users\admin\Documents\GitHub\SensingRisk\sitelens\data\noto_crops\all\bldg_001418.png,20230303-49281-13461-s-7985,survived,0,136.89791691393455,37.39558165357606,"MULTIPOLYGON (((136.897881583 37.395578167, 136.897905361 37.395612778, 136.897954778 37.395581917, 136.897925 37.395552028, 136.897881583 37.395578167)))",762.1708375519347,935.76675270237,22.84198212905096,22.84198212905096,石川県、輪島市、鳳至町末広南,0,0,0,8.4,multi
C:\Users\admin\Documents\GitHub\SensingRisk\sitelens\data\noto_crops\all\bldg_001419.png,20230303-49281-13461-s-7990,survived,0,136.8977363674156,37.395623761560365,"MULTIPOLYGON (((136.897675 37.395681417, 136.897808944 37.395620306, 136.897766556 37.395567167, 136.897699194 37.395602194, 136.89771775 37.395624917, 136.897657028 37.395656472, 136.897675 37.395681417)))",716.7535127532703,915.0431929851031,44.631117757382185,44.631117757382185,石川県、輪島市、鳳至町末広南,0,0,0,8.4,multi
C:\Users\admin\Documents\GitHub\SensingRisk\sitelens\data\noto_crops\all\bldg_001420.png,20230303-49281-13461-s-7991,survived,0,136.89797974273486,37.39562322376316,"MULTIPOLYGON (((136.897942611 37.395675111, 136.898073472 37.395603028, 136.898053389 37.395579139, 136.897991278 37.395609417, 136.897968194 37.395585528, 136.897902333 37.3956235, 136.897942611 37.395675111)))",762.6619850264656,912.7670397193932,47.85393282042605,47.85393282042605,石川県、輪島市、鳳至町末広南,0,0,0,8.4,multi
C:\Users\admin\Documents\GitHub\SensingRisk\sitelens\data\noto_crops\all\bldg_001421.png,20230303-49281-13461-s-7998,survived,0,136.89816767569948,37.395668320533666,"MULTIPOLYGON (((136.898220972 37.395680472, 136.898173361 37.395624333, 136.898114389 37.395656167, 136.898161972 37.395712306, 136.898220972 37.395680472)))",803.5285838654772,910.454558536764,33.14683154467696,33.14683154467696,石川県、輪島市、鳳至町末広南,0,0,0,8.4,multi
C:\Users\admin\Documents\GitHub\SensingRisk\sitelens\data\noto_crops\all\bldg_001422.png,20230303-49281-13461-s-8000,survived,0,136.898283117667,37.39570959798571,"MULTIPOLYGON (((136.898227583 37.3957915, 136.898400361 37.395699139, 136.898343056 37.395634639, 136.898293667 37.395658361, 136.89828175 37.395645833, 136.898224417 37.395675611, 136.898235111 37.395688528, 136.898170417 37.395727, 136.898227583 37.3957915)))",809.8959531095293,884.3791653463858,64.2970026016236,64.2970026016236,石川県、輪島市、鳳至町末広南,0,0,0,8.4,multi
C:\Users\admin\Documents\GitHub\SensingRisk\sitelens\data\noto_crops\all\bldg_001423.png,20230303-49281-13461-s-8002,survived,0,136.8979899319062,37.39567941033857,"MULTIPOLYGON (((136.897973 37.395705917, 136.898028389 37.395678028, 136.898008167 37.3956525, 136.897950472 37.395681528, 136.897973 37.395705917)))",775.9802051226299,913.5793523936198,21.787172317504883,21.787172317504883,石川県、輪島市、鳳至町末広南,0,0,0,8.4,multi
C:\Users\admin\Documents\GitHub\SensingRisk\sitelens\data\noto_crops\all\bldg_001424.png,20230303-49281-13461-s-8003,survived,0,136.89810104391802,37.39570605276566,"MULTIPOLYGON (((136.898159722 37.395720639, 136.898108389 37.395657361, 136.898038028 37.395693556, 136.898102083 37.395755083, 136.898159722 37.395720639)))",788.6721126706711,899.5307775733088,37.20722425951328,37.20722425951328,石川県、輪島市、鳳至町末広南,0,0,0,8.4,multi
C:\Users\admin\Documents\GitHub\SensingRisk\sitelens\data\noto_crops\all\bldg_001425.png,20230303-49281-13461-s-8004,survived,0,136.89771526817574,37.39570003638507,"MULTIPOLYGON (((136.897740083 37.395661278, 136.897661 37.395693944, 136.897695722 37.395739278, 136.897766806 37.395706056, 136.897740083 37.395661278)))",720.1539574173307,904.1713269500923,30.715570364949144,30.715570364949144,石川県、輪島市、鳳至町末広南,0,0,0,8.4,multi
C:\Users\admin\Documents\GitHub\SensingRisk\sitelens\data\noto_crops\all\bldg_001426.png,20230303-49281-13461-s-8010,survived,0,136.8978126219084,37.39579710441619,"MULTIPOLYGON (((136.897742222 37.395896722, 136.897905917 37.395820694, 136.897873806 37.395774861, 136.897902556 37.395759194, 136.897849806 37.395691333, 136.89776 37.395731056, 136.897802361 37.395794361, 136.897696861 37.395837028, 136.897742222 37.395896722)))",715.4602720190549,861.1713351935778,72.72008602696076,72.72008602696076,石川県、輪島市、鳳至町末広南,0,0,0,8.4,multi
C:\Users\admin\Documents\GitHub\SensingRisk\sitelens\data\noto_crops\all\bldg_001427.png,20230303-49281-13461-s-8012,survived,0,136.89803594449998,37.3957406945,"MULTIPOLYGON (((136.898085639 37.395755056, 136.898029056 37.395698889, 136.89798625 37.395726333, 136.898042833 37.3957825, 136.898085639 37.395755056)))",779.9049783555824,894.4059821637376,31.279301964940373,31.279301964940373,石川県、輪島市、鳳至町末広南,0,0,0,8.4,multi
C:\Users\admin\Documents\GitHub\SensingRisk\sitelens\data\noto_crops\all\bldg_001428.png,20230303-49281-13461-s-8023,survived,0,136.89812926264466,37.39580659300049,"MULTIPOLYGON (((136.8980455 37.395797444, 136.898108778 37.395863861, 136.898219194 37.395803056, 136.898187944 37.395767222, 136.898148944 37.395784028, 136.898120556 37.395756, 136.8980455 37.395797444)))",789.2311765458849,869.5156574067593,48.56836259629995,48.56836259629995,石川県、輪島市、鳳至町末広南,0,0,0,8.4,multi
C:\Users\admin\Documents\GitHub\SensingRisk\sitelens\data\noto_crops\all\bldg_001429.png,20230303-49281-13461-s-8027,survived,0,136.8984043559541,37.395856248147574,"MULTIPOLYGON (((136.898370417 37.395926778, 136.898462472 37.395876917, 136.898435417 37.395845111, 136.898461083 37.395831222, 136.89841675 37.395779111, 136.898367917 37.395805556, 136.898402778 37.395846528, 136.898335833 37.395882778, 136.898370417 37.395926778)))",837.2646542836501,857.7200189867293,51.973707199903174,51.973707199903174,石川県、輪島市、鳳至町住吉区，末広北,0,0,0,8.4,multi
C:\Users\admin\Documents\GitHub\SensingRisk\sitelens\data\noto_crops\all\bldg_001430.png,20230303-49281-13461-s-8032,survived,0,136.89798297757665,37.39585744398898,"MULTIPOLYGON (((136.898053778 37.395887889, 136.897977917 37.395795333, 136.897910556 37.395828556, 136.897991667 37.395919944, 136.898053778 37.395887889)))",762.4986441194762,859.5843222157249,46.042265249673164,46.042265249673164,石川県、輪島市、鳳至町末広南,0,0,0,8.4,multi
C:\Users\admin\Documents\GitHub\SensingRisk\sitelens\data\noto_crops\all\bldg_001431.png,20230303-49281-13461-s-8064,survived,0,136.897651486509,37.3960329717827,"MULTIPOLYGON (((136.897658667 37.396071194, 136.897696083 37.396053972, 136.89764625 37.395993056, 136.897606556 37.396016833, 136.897658667 37.396071194)))",709.4262984146233,827.2442545306718,28.838068426406153,28.838068426406153,石川県、輪島市、鳳至町末広南,0,0,0,8.4,multi
C:\Users\admin\Documents\GitHub\SensingRisk\sitelens\data\noto_crops\all\bldg_001432.png,20230303-49281-13461-s-8067,survived,0,136.89757117620942,37.396052761251354,"MULTIPOLYGON (((136.897579389 37.396095444, 136.897622056 37.396074667, 136.897559528 37.396008361, 136.897522111 37.396032139, 136.897579389 37.396095444)))",692.995063653403,820.943014038499,32.15921601425259,32.15921601425259,石川県、輪島市、鳳至町末広南,0,0,0,8.4,multi
C:\Users\admin\Documents\GitHub\SensingRisk\sitelens\data\noto_crops\all\bldg_001433.png,20230303-49281-13461-s-8053,destroyed,1,136.8977008566226,37.395992974630815,"MULTIPOLYGON (((136.897719056 37.3960515, 136.897761306 37.396030528, 136.897680833 37.395934722, 136.897640417 37.395952528, 136.897719056 37.3960515)))",712.2885551007096,830.0256041809964,41.58415138890268,41.58415138890268,石川県、輪島市、鳳至町末広南,0,0,0,8.4,multi
C:\Users\admin\Documents\GitHub\SensingRisk\sitelens\data\noto_crops\all\bldg_001434.png,20230303-49281-13461-s-7967,survived,0,136.89813292374063,37.39553532540258,"MULTIPOLYGON (((136.898119167 37.395567389, 136.898175306 37.395538889, 136.898146861 37.395503222, 136.898090417 37.395531861, 136.898119167 37.395567389)))",801.1034066978373,945.7310167253427,25.015721795967465,25.015721795967465,石川県、輪島市、鳳至町末広南,0,0,0,8.4,multi
C:\Users\admin\Documents\GitHub\SensingRisk\sitelens\data\noto_crops\all\bldg_001435.png,20230303-49281-13461-s-8017,survived,0,136.89756943322178,37.395768087839826,"MULTIPOLYGON (((136.897501194 37.395822278, 136.897671056 37.395743972, 136.897654306 37.395720861, 136.897627583 37.395733194, 136.897618694 37.395720917, 136.897474722 37.395787278, 136.897501194 37.395822278)))",681.7753450287713,875.3515247533044,54.89896543290877,54.89896543290877,石川県、輪島市、鳳至町末広南,0,0,0,8.4,multi
C:\Users\admin\Documents\GitHub\SensingRisk\sitelens\data\noto_crops\all\bldg_001436.png,20230303-49281-13461-s-8730,survived,0,136.89838389873862,37.399266451237644,"MULTIPOLYGON (((136.898347972 37.399287833, 136.898419694 37.399287972, 136.898419833 37.399245083, 136.898348111 37.399244917, 136.898347972 37.399287833)))",850.3618058522543,72.70354747612517,20.09379197226633,20.09379197226633,石川県、輪島市、鳳至町下町鳳至丁北,0,0,0,8.4,multi
C:\Users\admin\Documents\GitHub\SensingRisk\sitelens\data\noto_crops\all\bldg_001437.png,20230303-49281-13461-s-8948,survived,0,136.89853625544566,37.399080308848816,"MULTIPOLYGON (((136.898464833 37.399094167, 136.898480111 37.399196111, 136.898421778 37.399201667, 136.898429444 37.399252889, 136.898593389 37.39923725, 136.898596917 37.399260833, 136.898657722 37.399255028, 136.898653194 37.399224778, 136.898673056 37.399222861, 136.898654806 37.399101056, 136.898629139 37.3991035, 136.898620556 37.399046278, 136.89864225 37.399044222, 136.898637222 37.399010639, 136.898649639 37.399009444, 136.898640333 37.398947278, 136.898606611 37.398950472, 136.898600417 37.398909083, 136.898390333 37.398929083, 136.898415861 37.399099611, 136.898464833 37.399094167)))",826.0571740661258,63.4331623776781,123.80390681541077,123.80390681541077,石川県、輪島市、鳳至町下町鳳至丁北,0,0,0,8.4,multi
C:\Users\admin\Documents\GitHub\SensingRisk\sitelens\data\noto_crops\all\bldg_001438.png,20230303-49281-13461-s-8590,survived,0,136.89855768088333,37.398641486256544,"MULTIPOLYGON (((136.898540861 37.398667333, 136.898590056 37.398654917, 136.8985745 37.398615639, 136.898525306 37.398628056, 136.898540861 37.398667333)))",882.9402296123266,219.52991482501855,19.72626513295191,19.72626513295191,石川県、輪島市、鳳至町鳳至丁南鳳至本町,0,0,0,8.4,multi
C:\Users\admin\Documents\GitHub\SensingRisk\sitelens\data\noto_crops\all\bldg_001439.png,20230303-49281-13461-s-8596,survived,0,136.8986056002513,37.398677094712596,"MULTIPOLYGON (((136.898557778 37.398703639, 136.8986165 37.398692, 136.898618944 37.398699889, 136.898661944 37.398691361, 136.898648361 37.39864775, 136.898544417 37.398668389, 136.898557778 37.398703639)))",884.8536181873745,204.93477124371282,32.86293108198379,32.86293108198379,石川県、輪島市、鳳至町鳳至丁南鳳至本町,0,0,0,8.4,multi
C:\Users\admin\Documents\GitHub\SensingRisk\sitelens\data\noto_crops\all\bldg_001440.png,20230303-49281-13461-s-8626,survived,0,136.89861888131878,37.3988452341961,"MULTIPOLYGON (((136.898567 37.398814194, 136.898580639 37.398887, 136.89867075 37.398876278, 136.898657139 37.398803472, 136.898567 37.398814194)))",888.3250169671052,165.69865040251815,31.771467225457542,31.771467225457542,石川県、輪島市、鳳至町下町鳳至丁北,0,0,0,8.4,multi
C:\Users\admin\Documents\GitHub\SensingRisk\sitelens\data\noto_crops\all\bldg_001441.png,20230303-49281-13461-s-8752,survived,0,136.89862227022078,37.39937095135092,"MULTIPOLYGON (((136.898645361 37.399429167, 136.898644944 37.399388944, 136.898693611 37.399388611, 136.898692944 37.399322056, 136.8985645 37.399322889, 136.898565611 37.399432556, 136.898645361 37.399429167)))",885.5706941324202,36.199646550428355,41.075678388729415,41.075678388729415,石川県、輪島市、鳳至町下町鳳至丁北,0,0,0,8.4,multi
C:\Users\admin\Documents\GitHub\SensingRisk\sitelens\data\noto_crops\all\bldg_001442.png,20230303-49281-13461-s-8595,survived,0,136.89871262014802,37.39867445848128,"MULTIPOLYGON (((136.898678778 37.398701472, 136.898760306 37.398677806, 136.898746444 37.398647444, 136.898664944 37.398671111, 136.898678778 37.398701472)))",908.3544433063931,208.32379983929206,26.665147876739525,26.665147876739525,石川県、輪島市、鳳至町鳳至丁南鳳至本町,0,0,0,8.4,multi
C:\Users\admin\Documents\GitHub\SensingRisk\sitelens\data\noto_crops\all\bldg_001443.png,20230303-49281-13461-s-8621,survived,0,136.8987364885707,37.398827269868605,"MULTIPOLYGON (((136.898678722 37.398874194, 136.89880875 37.398858944, 136.898794278 37.398780361, 136.898664222 37.398795583, 136.898678722 37.398874194)))",905.92855108579,165.59175479084203,40.41295789612673,40.41295789612673,石川県、輪島市、鳳至町下町鳳至丁北,0,0,0,8.4,multi
C:\Users\admin\Documents\GitHub\SensingRisk\sitelens\data\noto_crops\all\bldg_001444.png,20230303-49281-13461-s-8676,survived,0,136.89878788407572,37.3990571528052,"MULTIPOLYGON (((136.898697556 37.399090722, 136.898887444 37.399060167, 136.898878194 37.399023583, 136.898688333 37.399054139, 136.898697556 37.399090722)))",907.8794150776333,104.02176702285354,55.675470919079316,55.675470919079316,石川県、輪島市、鳳至町下町鳳至丁北,0,0,0,8.4,multi
C:\Users\admin\Documents\GitHub\SensingRisk\sitelens\data\noto_crops\all\bldg_001445.png,20230303-49281-13461-s-8694,survived,0,136.89871461285966,37.399129507014436,"MULTIPOLYGON (((136.898730222 37.399149222, 136.898730361 37.399109861, 136.898699 37.399109806, 136.898698861 37.399149139, 136.898730222 37.399149222)))",915.1206960405234,107.94379057328345,13.87307687494689,13.87307687494689,石川県、輪島市、鳳至町下町鳳至丁北,0,0,0,8.4,multi
C:\Users\admin\Documents\GitHub\SensingRisk\sitelens\data\noto_crops\all\bldg_001446.png,20230303-49281-13461-s-8744,survived,0,136.89874187130593,37.39932311817417,"MULTIPOLYGON (((136.898704861 37.39934825, 136.898781083 37.399346028, 136.898778889 37.399298, 136.898702667 37.399300194, 136.898704861 37.39934825)))",916.1762610329522,58.487367169587245,21.926702822579273,21.926702822579273,石川県、輪島市、鳳至町下町鳳至丁北,0,0,0,8.4,multi
C:\Users\admin\Documents\GitHub\SensingRisk\sitelens\data\noto_crops\all\bldg_001447.png,20230303-49281-13461-s-8717,survived,0,136.89876070147966,37.39919427823971,"MULTIPOLYGON (((136.898789806 37.399203583, 136.898789861 37.399185111, 136.898731611 37.399184972, 136.898731528 37.399203444, 136.898789806 37.399203583)))",922.492277012931,91.52843421897111,16.31108901235791,16.31108901235791,石川県、輪島市、鳳至町下町鳳至丁北,0,0,0,8.4,multi
C:\Users\admin\Documents\GitHub\SensingRisk\sitelens\data\noto_crops\all\bldg_001448.png,20230303-49281-13461-s-8690,survived,0,136.8988222526054,37.39912504735281,"MULTIPOLYGON (((136.898753444 37.399136167, 136.898776611 37.399136194, 136.898776528 37.399158861, 136.898884111 37.399159083, 136.898884333 37.399094139, 136.898752833 37.399093833, 136.898753444 37.399136167)))",923.0539875242446,97.21236776782118,36.77006506390035,36.77006506390035,石川県、輪島市、鳳至町下町鳳至丁北,0,0,0,8.4,multi
C:\Users\admin\Documents\GitHub\SensingRisk\sitelens\data\noto_crops\all\bldg_001449.png,20230303-49281-13461-s-8787,survived,0,136.89882631004687,37.39944477076405,"MULTIPOLYGON (((136.898866722 37.399424889, 136.898786028 37.399424722, 136.898785889 37.399464639, 136.898866583 37.399464833, 136.898866722 37.399424889)))",931.5773258897993,29.604447687902628,22.60254501236807,22.60254501236807,石川県、輪島市、鳳至町下町鳳至丁北,0,0,0,8.4,multi
C:\Users\admin\Documents\GitHub\SensingRisk\sitelens\data\noto_crops\all\bldg_001450.png,20230303-49281-13461-s-8725,survived,0,136.89885334705411,37.39925083321293,"MULTIPOLYGON (((136.898800028 37.39927275, 136.898906111 37.399273583, 136.898906667 37.399228917, 136.898800583 37.399228083, 136.898800028 37.39927275)))",933.0103797541725,71.50437150371827,29.818425618277615,29.818425618277615,石川県、輪島市、鳳至町下町鳳至丁北,0,0,0,8.4,multi
C:\Users\admin\Documents\GitHub\SensingRisk\sitelens\data\noto_crops\all\bldg_001451.png,20230303-49281-13461-s-8713,survived,0,136.89884888880255,37.399193916746796,"MULTIPOLYGON (((136.89879125 37.399217306, 136.898905556 37.39921875, 136.898906528 37.399170528, 136.898792222 37.399169083, 136.89879125 37.399217306)))",930.9714353667365,83.65165256360899,32.2340651088291,32.2340651088291,石川県、輪島市、鳳至町下町鳳至丁北,0,0,0,8.4,multi
C:\Users\admin\Documents\GitHub\SensingRisk\sitelens\data\noto_crops\all\bldg_001452.png,20230303-49281-13461-s-8753,survived,0,136.89885575668185,37.3993473621043,"MULTIPOLYGON (((136.898793694 37.399369306, 136.898916972 37.399370778, 136.898917806 37.399325417, 136.898794556 37.399323944, 136.898793694 37.399369306)))",931.015335755878,46.41177747246462,34.70423053105674,34.70423053105674,石川県、輪島市、鳳至町下町鳳至丁北,0,0,0,8.4,multi
C:\Users\admin\Documents\GitHub\SensingRisk\sitelens\data\noto_crops\all\bldg_001453.png,20230303-49281-13461-s-8738,survived,0,136.89885586100004,37.399303027500004,"MULTIPOLYGON (((136.898793861 37.399321611, 136.898917139 37.399323083, 136.898917861 37.399284444, 136.898794583 37.399282972, 136.898793861 37.399321611)))",931.0516863875919,56.830014744661725,34.67291306919526,34.67291306919526,石川県、輪島市、鳳至町下町鳳至丁北,0,0,0,8.4,multi
C:\Users\admin\Documents\GitHub\SensingRisk\sitelens\data\noto_crops\all\bldg_001454.png,20230303-49281-13461-s-8606,survived,0,136.89890434699998,37.39873408349999,"MULTIPOLYGON (((136.8989245 37.398756111, 136.898913444 37.398707806, 136.898884194 37.398712056, 136.89889525 37.398760361, 136.8989245 37.398756111)))",948.1778118430608,198.41684648445917,18.49755315667386,18.49755315667386,石川県、輪島市、鳳至町浜町上，下,0,0,0,8.4,multi
C:\Users\admin\Documents\GitHub\SensingRisk\sitelens\data\noto_crops\all\bldg_001455.png,20230303-49281-13461-s-8627,survived,0,136.89895375641584,37.39885666238199,"MULTIPOLYGON (((136.898927611 37.398902306, 136.898994861 37.398891722, 136.898977056 37.398809222, 136.898914444 37.398821806, 136.898927611 37.398902306)))",950.4230294223357,162.7328707670869,32.76236776860662,32.76236776860662,石川県、輪島市、鳳至町浜町下,0,0,0,8.4,multi
C:\Users\admin\Documents\GitHub\SensingRisk\sitelens\data\noto_crops\all\bldg_001456.png,20230303-49281-13461-s-8604,survived,0,136.89896804734815,37.398729106894976,"MULTIPOLYGON (((136.898998111 37.398749, 136.898987056 37.398701889, 136.898938 37.398709194, 136.898949028 37.398756333, 136.898998111 37.398749)))",959.3890739580224,198.9187494575159,19.82727926964961,19.82727926964961,石川県、輪島市、鳳至町浜町上，下,0,0,0,8.4,multi
C:\Users\admin\Documents\GitHub\SensingRisk\sitelens\data\noto_crops\all\bldg_001457.png,20230303-49281-13461-s-8645,survived,0,136.89904507001359,37.39895889465402,"MULTIPOLYGON (((136.898953444 37.398985222, 136.899133556 37.3989725, 136.899128778 37.398929556, 136.899056056 37.398934694, 136.89905675 37.398941, 136.8989505 37.3989485, 136.898953444 37.398985222)))",957.499103281233,129.6753001335876,51.18616753154333,51.18616753154333,石川県、輪島市、鳳至町浜町下,0,0,0,8.4,multi
C:\Users\admin\Documents\GitHub\SensingRisk\sitelens\data\noto_crops\all\bldg_001458.png,20230303-49281-13461-s-8663,survived,0,136.8990433407378,37.39902345712782,"MULTIPOLYGON (((136.899131028 37.399049389, 136.899115583 37.398986778, 136.8989565 37.398997667, 136.898969611 37.39905975, 136.899131028 37.399049389)))",959.0150179492103,115.41044413916458,48.80156590143838,48.80156590143838,石川県、輪島市、鳳至町浜町下,0,0,0,8.4,multi
C:\Users\admin\Documents\GitHub\SensingRisk\sitelens\data\noto_crops\all\bldg_001459.png,20230303-49281-13461-s-8602,survived,0,136.8990372085,37.3987210695,"MULTIPOLYGON (((136.899066889 37.398742917, 136.899056611 37.398692806, 136.899007528 37.398699222, 136.899017806 37.398749333, 136.899066889 37.398742917)))",972.0797417346952,200.60525138717034,20.228050788710533,20.228050788710533,石川県、輪島市、鳳至町浜町上，下,0,0,0,8.4,multi
C:\Users\admin\Documents\GitHub\SensingRisk\sitelens\data\noto_crops\all\bldg_001460.png,20230303-49281-13461-s-8582,survived,0,136.8990830013074,37.398587143012676,"MULTIPOLYGON (((136.899108639 37.398621972, 136.899103611 37.398564139, 136.899048139 37.398567222, 136.899050444 37.398593833, 136.899086 37.398591861, 136.899088639 37.398622333, 136.899108639 37.398621972)))",979.4939529591474,230.33819240359918,20.752831525205437,20.752831525205437,石川県、輪島市、鳳至町浜町上，下,0,0,0,8.4,multi
C:\Users\admin\Documents\GitHub\SensingRisk\sitelens\data\noto_crops\all\bldg_001461.png,20230303-49281-13461-s-8610,survived,0,136.89864789713235,37.398762654619325,"MULTIPOLYGON (((136.898683667 37.398781083, 136.898666639 37.398732167, 136.898612139 37.398744222, 136.898629139 37.398793139, 136.898683667 37.398781083)))",898.2727132403132,189.6127198060992,22.698497474867082,22.698497474867082,石川県、輪島市、鳳至町鳳至丁南鳳至本町,0,0,0,8.4,multi
C:\Users\admin\Documents\GitHub\SensingRisk\sitelens\data\noto_crops\all\bldg_001462.png,20230303-49281-13461-s-8661,survived,0,136.8976934165,37.3989865135,"MULTIPOLYGON (((136.897648944 37.399006694, 136.897738583 37.399005694, 136.897737889 37.398966333, 136.89764825 37.398967333, 136.897648944 37.399006694)))",719.06331343121,135.80503332598215,25.25893754959111,25.25893754959111,石川県、輪島市、鳳至町下町鳳至丁北,0,0,0,8.4,multi
C:\Users\admin\Documents\GitHub\SensingRisk\sitelens\data\noto_crops\all\bldg_001463.png,20230303-49281-13461-s-8665,survived,0,136.89759736125555,37.39902226406474,"MULTIPOLYGON (((136.897557611 37.399055361, 136.897639806 37.399053167, 136.897637111 37.398989167, 136.897554917 37.398991361, 136.897557611 37.399055361)))",701.0411600625758,127.30019850230889,25.491344667227082,25.491344667227082,石川県、輪島市、鳳至町下町鳳至丁北,0,0,0,8.4,multi
C:\Users\admin\Documents\GitHub\SensingRisk\sitelens\data\noto_crops\all\bldg_001464.png,20230303-49281-13461-s-8670,survived,0,136.8977042665104,37.39905100531327,"MULTIPOLYGON (((136.897667306 37.399090778, 136.897745 37.399087361, 136.897743778 37.399014667, 136.897663111 37.399012083, 136.897667306 37.399090778)))",719.6397052891125,119.16580373920746,28.072660521586243,28.072660521586243,石川県、輪島市、鳳至町下町鳳至丁北,0,0,0,8.4,multi
C:\Users\admin\Documents\GitHub\SensingRisk\sitelens\data\noto_crops\all\bldg_001465.png,20230303-49281-13461-s-8682,survived,0,136.897618291675,37.39908277773261,"MULTIPOLYGON (((136.897588611 37.399099861, 136.897651389 37.39909525, 136.897647972 37.399065694, 136.897585194 37.399070306, 136.897588611 37.399099861)))",708.4337354024252,116.59202469468602,18.509463559256574,18.509463559256574,石川県、輪島市、鳳至町下町鳳至丁北,0,0,0,8.4,multi
C:\Users\admin\Documents\GitHub\SensingRisk\sitelens\data\noto_crops\all\bldg_001466.png,20230303-49281-13461-s-8712,survived,0,136.8976664790545,37.39920565598242,"MULTIPOLYGON (((136.897755194 37.399164889, 136.897585528 37.399182389, 136.897596444 37.399249667, 136.897720861 37.399236861, 136.89771575 37.399205333, 136.897760694 37.399200694, 136.897755194 37.399164889)))",703.4175808429718,72.14351088477801,48.97996362580193,48.97996362580193,石川県、輪島市、鳳至町下町鳳至丁北,0,0,0,8.4,multi
C:\Users\admin\Documents\GitHub\SensingRisk\sitelens\data\noto_crops\all\bldg_001467.png,20230303-49281-13461-s-8731,survived,0,136.8976994671046,37.3992814022858,"MULTIPOLYGON (((136.897623778 37.399315333, 136.897781611 37.399304417, 136.897777333 37.399247194, 136.897614417 37.399259333, 136.897623778 37.399315333)))",709.174402888616,55.897842347884634,46.75083086755535,46.75083086755535,石川県、輪島市、鳳至町下町鳳至丁北,0,0,0,8.4,multi
C:\Users\admin\Documents\GitHub\SensingRisk\sitelens\data\noto_crops\all\bldg_001468.png,20230303-49281-13461-s-8768,survived,0,136.89741959873635,37.399392965033655,"MULTIPOLYGON (((136.897391833 37.39941225, 136.897453694 37.399404028, 136.897447389 37.399373694, 136.8973855 37.399381889, 136.897391833 37.39941225)))",671.1149155722725,43.52734458204197,19.068424457973833,19.068424457973833,石川県、輪島市、鳳至町鳳来石浦,0,0,0,8.4,multi
C:\Users\admin\Documents\GitHub\SensingRisk\sitelens\data\noto_crops\all\bldg_001469.png,20230303-49281-13461-s-8771,survived,0,136.89771804202712,37.399418958210504,"MULTIPOLYGON (((136.897624917 37.399450694, 136.897815472 37.399441, 136.897811167 37.399387222, 136.897620611 37.399396917, 136.897624917 37.399450694)))",709.0396725283729,19.720562022326067,54.487084775500875,54.487084775500875,石川県、輪島市、鳳至町下町鳳至丁北,0,0,0,8.4,multi
C:\Users\admin\Documents\GitHub\SensingRisk\sitelens\data\noto_crops\all\bldg_001470.png,20230303-49281-13461-s-8782,survived,0,136.89800674307332,37.39944436279318,"MULTIPOLYGON (((136.897967 37.399475889, 136.898047722 37.399474889, 136.898046472 37.399412833, 136.897965778 37.399413833, 136.897967 37.399475889)))",777.8976202535455,28.798689477981046,24.409519673488365,24.409519673488365,石川県、輪島市、鳳至町下町鳳至丁北,0,0,0,8.4,multi
C:\Users\admin\Documents\GitHub\SensingRisk\sitelens\data\noto_crops\all\bldg_001471.png,20230303-49281-13461-s-8794,survived,0,136.897716639,37.399482430499994,"MULTIPOLYGON (((136.897634417 37.399514472, 136.897803278 37.399505917, 136.897798861 37.399450389, 136.89763 37.399458944, 136.897634417 37.399514472)))",711.7957496802012,7.844658916441151,48.452040571636644,48.452040571636644,石川県、輪島市、鳳至町下町鳳至丁北,0,0,0,8.4,multi
C:\Users\admin\Documents\GitHub\SensingRisk\sitelens\data\noto_crops\all\bldg_001472.png,20230303-49281-13461-s-8797,survived,0,136.89787397513828,37.3994911312505,"MULTIPOLYGON (((136.897839111 37.399515556, 136.897907861 37.3995145, 136.897908 37.399469222, 136.897843778 37.399464306, 136.897839111 37.399515556)))",755.2192864099874,20.256894508385862,20.107678545899013,20.107678545899013,石川県、輪島市、鳳至町下町鳳至丁北,0,0,0,8.4,multi
C:\Users\admin\Documents\GitHub\SensingRisk\sitelens\data\noto_crops\all\bldg_001475.png,20230303-49284-13461-s-5668,survived,0,136.9007438324263,37.3931368206962,"MULTIPOLYGON (((136.900689694 37.393170278, 136.900687306 37.393137194, 136.900714056 37.393135972, 136.900716361 37.393168028, 136.900827194 37.393162917, 136.900823028 37.393105417, 136.900653667 37.393113222, 136.900657944 37.39317225, 136.900689694 37.393170278)))",1275.4365273422666,1496.295213393529,48.5216660128699,48.5216660128699,石川県、輪島市、河井町祇園西,0,0,0,8.4,multi
C:\Users\admin\Documents\GitHub\SensingRisk\sitelens\data\noto_crops\all\bldg_001476.png,20230303-49281-13461-s-7342,survived,0,136.89882549347428,37.393146319586585,"MULTIPOLYGON (((136.898759722 37.393170944, 136.898883722 37.393179556, 136.898890056 37.393121417, 136.898768528 37.393112972, 136.898759722 37.393170944)))",924.3925297366249,1500.5905121224368,36.444027837117574,36.444027837117574,石川県、輪島市、新橋通,0,0,0,8.4,multi
C:\Users\admin\Documents\GitHub\SensingRisk\sitelens\data\noto_crops\all\bldg_001477.png,20230303-49281-13461-s-7388,survived,0,136.89842348478783,37.39329276827883,"MULTIPOLYGON (((136.898375889 37.393342306, 136.898495583 37.393294306, 136.898468861 37.393244194, 136.898356528 37.3932865, 136.898370806 37.393309417, 136.898357306 37.393313667, 136.898375889 37.393342306)))",848.5988103890106,1464.6554001161173,39.335560364785806,39.335560364785806,石川県、輪島市、新橋通,0,0,0,8.4,multi
C:\Users\admin\Documents\GitHub\SensingRisk\sitelens\data\noto_crops\all\bldg_001478.png,20230303-49284-13461-s-5749,survived,0,136.90062537000568,37.39330806549262,"MULTIPOLYGON (((136.900660306 37.393358806, 136.900653222 37.393240778, 136.900624806 37.393241861, 136.900626389 37.393268611, 136.900585944 37.393270139, 136.900593806 37.393362833, 136.900660306 37.393358806)))",1256.350448350798,1460.8361038538037,42.95916374122271,42.95916374122271,石川県、輪島市、河井町祇園西,0,0,0,8.4,multi
C:\Users\admin\Documents\GitHub\SensingRisk\sitelens\data\noto_crops\all\bldg_001479.png,20230303-49284-13461-s-5817,survived,0,136.9003239599112,37.393530980363515,"MULTIPOLYGON (((136.900448778 37.393600333, 136.900449333 37.393441194, 136.900378556 37.393442472, 136.90037875 37.393468167, 136.900184833 37.393472083, 136.900191806 37.393602139, 136.900448778 37.393600333)))",1183.7998861842686,1393.7468966746974,73.95956054263638,73.95956054263638,石川県、輪島市、河井町祇園西,0,0,0,8.4,multi
C:\Users\admin\Documents\GitHub\SensingRisk\sitelens\data\noto_crops\all\bldg_001480.png,20230303-49281-13461-s-7543,survived,0,136.89902452616994,37.39388196053412,"MULTIPOLYGON (((136.898937 37.393908528, 136.899081806 37.393942, 136.899113083 37.393855861, 136.898966056 37.393821889, 136.898937 37.393908528)))",955.3074862268236,1321.571509485766,49.23637542194797,49.23637542194797,石川県、輪島市、新橋通,0,0,0,8.4,multi
C:\Users\admin\Documents\GitHub\SensingRisk\sitelens\data\noto_crops\all\bldg_001481.png,20230303-49284-13461-s-7710,survived,0,136.9006148776707,37.393916799711604,"MULTIPOLYGON (((136.90056617230476 37.39396495101053, 136.90066814430477 37.39395947801053, 136.90066190430477 37.39386920701053, 136.90056405430477 37.39387223801053, 136.90056617230476 37.39396495101053)))",1259.1814633706026,1320.6067216742686,34.677764671614796,34.677764671614796,石川県、輪島市、河井町若葉，旭,0,0,0,8.4,multi
C:\Users\admin\Documents\GitHub\SensingRisk\sitelens\data\noto_crops\all\bldg_001482.png,20230303-49284-13461-s-6013,survived,0,136.90048980653728,37.394088055584184,"MULTIPOLYGON (((136.900534972 37.39415425, 136.900530167 37.394038611, 136.900432278 37.394039583, 136.900437944 37.394105111, 136.900474611 37.394105778, 136.900475194 37.394144417, 136.900534972 37.39415425)))",1231.4748692608873,1275.511422394867,40.700952325198614,40.700952325198614,石川県、輪島市、河井町若葉，旭,0,0,0,8.4,multi
C:\Users\admin\Documents\GitHub\SensingRisk\sitelens\data\noto_crops\all\bldg_001483.png,20230303-49284-13461-s-6042,survived,0,136.90064190659476,37.394145445044835,"MULTIPOLYGON (((136.90059108897591 37.39418575204083, 136.9006620609759 37.39418469604083, 136.9006611719759 37.39414539104084, 136.9007093389759 37.39412819604083, 136.9006937559759 37.394100752040835, 136.9006062559759 37.39412258504083, 136.9006136719759 37.394141085040836, 136.90058900597592 37.39414580804083, 136.90059108897591 37.39418575204083)))",1265.6544259403981,1267.84431107143,34.06241144309365,34.06241144309365,石川県、輪島市、河井町若葉，旭,0,0,0,8.4,multi
C:\Users\admin\Documents\GitHub\SensingRisk\sitelens\data\noto_crops\all\bldg_001484.png,20230303-49281-13461-s-7638,survived,0,136.89879999599245,37.39422979378375,"MULTIPOLYGON (((136.898841056 37.394276194, 136.898827806 37.394175472, 136.898759111 37.39418125, 136.898772944 37.394286167, 136.898841056 37.394276194)))",918.5100461582085,1244.8479429426454,38.96083429792043,38.96083429792043,石川県、輪島市、鳳至町末広,0,0,0,8.4,multi
C:\Users\admin\Documents\GitHub\SensingRisk\sitelens\data\noto_crops\all\bldg_001485.png,20230303-49284-13461-s-6069,survived,0,136.90035263490526,37.39428555477805,"MULTIPOLYGON (((136.90036196677096 37.394349400519296, 136.90042874377096 37.394264317519294, 136.90034338277096 37.3942216505193, 136.90027649377097 37.3943068735193, 136.90036196677096 37.394349400519296)))",1203.485017369703,1227.5729378391156,47.837993842001424,47.837993842001424,石川県、輪島市、河井町若葉，旭,0,0,0,8.4,multi
C:\Users\admin\Documents\GitHub\SensingRisk\sitelens\data\noto_crops\all\bldg_001486.png,20230303-49281-13461-s-7684,survived,0,136.8987461406163,37.394445800911626,"MULTIPOLYGON (((136.898646583 37.394526083, 136.898821417 37.394518722, 136.898816583 37.394445278, 136.898880639 37.394442583, 136.898876333 37.394377444, 136.898637389 37.394383028, 136.898646583 37.394526083)))",896.32573867374,1178.4764171992053,68.01762987242796,68.01762987242796,石川県、輪島市、鳳至町末広,0,0,0,8.4,multi
C:\Users\admin\Documents\GitHub\SensingRisk\sitelens\data\noto_crops\all\bldg_001487.png,20230303-49284-13461-s-6171,survived,0,136.90022881993676,37.39457431207924,"MULTIPOLYGON (((136.9001443889866 37.394564958654236, 136.90028313898662 37.394622486654235, 136.90031002798662 37.39458106965424, 136.9001766389866 37.39452748665423, 136.9001443889866 37.394564958654236)))",1180.8678321785399,1160.4136788782757,46.31602135234402,46.31602135234402,石川県、輪島市、河井町森の下,0,0,0,8.4,multi
C:\Users\admin\Documents\GitHub\SensingRisk\sitelens\data\noto_crops\all\bldg_001488.png,20230303-49284-13461-s-6211,survived,0,136.90014930625233,37.39469346040429,"MULTIPOLYGON (((136.9002119503048 37.394745080407645, 136.9002309223048 37.39466463640765, 136.9001600053048 37.394653997407644, 136.90015895030479 37.39465849740765, 136.9000792273048 37.394646525407644, 136.9000663663048 37.39471671940765, 136.9002119503048 37.394745080407645)))",1166.3738215764365,1132.2163149025841,46.01319259537581,46.01319259537581,石川県、輪島市、河井町森の下,0,0,0,8.4,multi
C:\Users\admin\Documents\GitHub\SensingRisk\sitelens\data\noto_crops\all\bldg_001489.png,20230303-49284-13461-s-6210,survived,0,136.90035045753027,37.39467466569377,"MULTIPOLYGON (((136.900328417 37.394687833, 136.900365722 37.394693278, 136.900372972 37.394661722, 136.900334667 37.394656111, 136.900328417 37.394687833)))",1220.0711640857999,1153.201726956591,13.948280197379518,13.948280197379518,石川県、輪島市、河井町森の下,0,0,0,8.4,multi
C:\Users\admin\Documents\GitHub\SensingRisk\sitelens\data\noto_crops\all\bldg_001490.png,20230303-49284-13461-s-6222,survived,0,136.9003025735952,37.394735046147545,"MULTIPOLYGON (((136.900326583 37.394780222, 136.900344806 37.394698611, 136.900278889 37.39468925, 136.900260361 37.394772139, 136.900326583 37.394780222)))",1202.0672555593915,1130.0779963523453,32.0190163794623,32.0190163794623,石川県、輪島市、河井町森の下,0,0,0,8.4,multi
C:\Users\admin\Documents\GitHub\SensingRisk\sitelens\data\noto_crops\all\bldg_001491.png,20230303-49284-13461-s-6251,survived,0,136.90089967516604,37.39477994575612,"MULTIPOLYGON (((136.900916722 37.394792889, 136.900908611 37.394763056, 136.900882611 37.394767556, 136.900890444 37.394796333, 136.900916722 37.394792889)))",1323.475999014539,1129.6331704689185,11.81020637956749,11.81020637956749,石川県、輪島市、河井町森の下,0,0,0,8.4,multi
C:\Users\admin\Documents\GitHub\SensingRisk\sitelens\data\noto_crops\all\bldg_001492.png,20230303-49281-13461-s-7842,survived,0,136.8985710628368,37.39501705897888,"MULTIPOLYGON (((136.898599611 37.395126806, 136.898606444 37.3951, 136.898737111 37.395120556, 136.8987735 37.394966861, 136.898425583 37.394905278, 136.898407472 37.394959472, 136.898355222 37.394950417, 136.898346861 37.394983778, 136.898398528 37.394994222, 136.898383944 37.39506, 136.898498611 37.395080278, 136.898491333 37.395111722, 136.898599611 37.395126806)))",833.620847272873,1020.4323552751594,119.29691095352166,119.29691095352166,石川県、輪島市、鳳至町末広,0,0,0,8.4,multi
C:\Users\admin\Documents\GitHub\SensingRisk\sitelens\data\noto_crops\all\bldg_001493.png,20230303-49284-13461-s-6423,survived,0,136.90097449347394,37.39542296107132,"MULTIPOLYGON (((136.901027222 37.395442222, 136.900987972 37.395374917, 136.900921306 37.395400861, 136.900962861 37.395473056, 136.901027222 37.395442222)))",1325.5601010059788,966.6322017610017,35.45396618800544,35.45396618800544,石川県、輪島市、河井町森の下,0,0,0,8.4,multi
C:\Users\admin\Documents\GitHub\SensingRisk\sitelens\data\noto_crops\all\bldg_001494.png,20230303-49281-13461-s-7963,survived,0,136.89843205861962,37.39551340890445,"MULTIPOLYGON (((136.898413611 37.395537639, 136.8984705 37.395511556, 136.898448167 37.395488861, 136.898394278 37.395516139, 136.898413611 37.395537639)))",858.7906325658163,952.7574547979148,21.313215960396633,21.313215960396633,石川県、輪島市、鳳至町末広南,0,0,0,8.4,multi
C:\Users\admin\Documents\GitHub\SensingRisk\sitelens\data\noto_crops\all\bldg_001496.png,20230303-49281-13461-s-8950,destroyed,1,136.9001411420346,37.39519462142783,"MULTIPOLYGON (((136.89998516665773 37.395076793542245, 136.89994758365773 37.39508757154224, 136.89993569465773 37.39506729354224, 136.89986691665771 37.39508501554224, 136.89990974965772 37.39522218254224, 136.89997327765772 37.395211015542245, 136.89998516665773 37.39526707154224, 136.89999044465773 37.39529187754224, 136.90001149965772 37.395391099542245, 136.89999727765772 37.39539404354224, 136.90001419465773 37.39547334954224, 136.90014877765773 37.39544504354224, 136.90015319465772 37.395460571542245, 136.90010461065773 37.39546998854224, 136.90011052765772 37.39548432154224, 136.90020324965772 37.39546365454224, 136.9001509996577 37.39523943254224, 136.90018613865772 37.39522698854224, 136.90019427765773 37.39524965454224, 136.90026308365773 37.39523134954224, 136.90026972265773 37.395248627542244, 136.90034377765772 37.395228543542245, 136.90033636065772 37.39520646054224, 136.9004246386577 37.39518043254224, 136.90041947265772 37.39516196054224, 136.90047630565772 37.395144793542244, 136.90045852765772 37.39510065454224, 136.9003994726577 37.39511482154224, 136.90034083365774 37.395001432542244, 136.90025858365772 37.39502687754224, 136.90023630565773 37.394983904542244, 136.90018022265772 37.395002849542244, 136.90018677765772 37.39504459954224, 136.90014341665773 37.39505643254224, 136.90013377765771 37.39503732154224, 136.90008294465773 37.395048543542245, 136.90006216665773 37.39500437754224, 136.89999711065772 37.39502332154224, 136.9000073886577 37.39507043254224, 136.89999044465773 37.39507529354224, 136.89998516665773 37.395076793542245)))",1099.2045601590435,934.4546149609151,188.91437881576496,188.91437881576496,石川県、輪島市、河井町森の下,1,0,0,8.4,multi
C:\Users\admin\Documents\GitHub\SensingRisk\sitelens\data\noto_crops\all\bldg_001497.png,20230303-49284-13461-s-5870,survived,0,136.90057656557704,37.39359939029886,"MULTIPOLYGON (((136.900551833 37.393612472, 136.900603389 37.393609611, 136.900601361 37.393586306, 136.900549667 37.393589194, 136.900551833 37.393612472)))",1261.6328398651547,1404.9786983677848,15.02175996038659,15.02175996038659,石川県、輪島市、河井町祇園西,0,0,0,8.4,multi
C:\Users\admin\Documents\GitHub\SensingRisk\sitelens\data\noto_crops\all\bldg_001498.png,20230303-49284-13461-s-6110,survived,0,136.90075222742158,37.39445450650192,"MULTIPOLYGON (((136.9007490666363 37.39454189448573, 136.9008353446363 37.39443597748573, 136.9007670666363 37.39439539448573, 136.90078948363632 37.39436672748573, 136.9007515386363 37.39434783848573, 136.9007223446363 37.39438520048573, 136.9007473446363 37.39439764448573, 136.9006677886363 37.39449939448573, 136.9007490666363 37.39454189448573)))",1267.6227664463017,1179.9530532332908,68.30104034365013,68.30104034365013,石川県、輪島市、河井町若葉，旭,0,0,0,8.4,multi
C:\Users\admin\Documents\GitHub\SensingRisk\sitelens\data\noto_crops\all\bldg_001499.png,20230303-49284-13461-s-6370,destroyed,1,136.90050411237837,37.39524282417392,"MULTIPOLYGON (((136.900467444 37.395294917, 136.900557889 37.395284389, 136.90054075 37.395190722, 136.900450361 37.39520125, 136.900467444 37.395294917)))",1237.1147766126153,1008.3368427133485,37.06409157389612,37.06409157389612,石川県、輪島市、河井町森の下,0,0,0,8.4,multi
C:\Users\admin\Documents\GitHub\SensingRisk\sitelens\data\noto_crops\all\bldg_001500.png,20230303-49281-13461-s-8889,survived,0,136.8999611031463,37.39481396842869,"MULTIPOLYGON (((136.89988078391988 37.394828188551415, 136.89992781191987 37.39483366155142, 136.89992545091988 37.39486941155142, 136.89994142291988 37.39486891155142, 136.89994670091988 37.39486874455142, 136.90003081191986 37.39486607755142, 136.90004006191987 37.39478204955142, 136.89994670091988 37.39477313355142, 136.89994450591988 37.39477293855142, 136.89994431191988 37.394756799551416, 136.89994142291988 37.39475682755142, 136.89988628391987 37.39475724455142, 136.89988078391988 37.394828188551415)))",1131.7381611794076,1105.143331909617,45.110494932232996,45.110494932232996,石川県、輪島市、河井町森の下,0,0,0,8.4,multi
C:\Users\admin\Documents\GitHub\SensingRisk\sitelens\data\noto_crops\all\bldg_001501.png,20230303-49281-13461-s-7910,destroyed,1,136.89990127663012,37.39537514300682,"MULTIPOLYGON (((136.899997806 37.395431556, 136.899978528 37.395388583, 136.899929278 37.395397222, 136.899874389 37.395265, 136.899825778 37.395276194, 136.899893833 37.395464111, 136.899997806 37.395431556)))",1110.1878348458595,963.264184083597,70.08022655339005,70.08022655339005,石川県、輪島市、河井町森の下,1,0,0,8.4,multi
C:\Users\admin\Documents\GitHub\SensingRisk\sitelens\data\noto_crops\all\bldg_001502.png,20230303-49281-13461-s-7736,survived,0,136.89883185613203,37.39462764737957,"MULTIPOLYGON (((136.898853583 37.394722667, 136.898901889 37.394579111, 136.898779389 37.394552861, 136.898756667 37.394620333, 136.898819694 37.394633833, 136.898793861 37.394710611, 136.898853583 37.394722667)))",913.5497755241878,1138.958440909151,59.76587406148769,59.76587406148769,石川県、輪島市、鳳至町末広,0,0,0,8.4,multi
C:\Users\admin\Documents\GitHub\SensingRisk\sitelens\data\noto_crops\all\bldg_001503.png,20230303-49281-13461-s-7849,survived,0,136.89978422393463,37.39494837220963,"MULTIPOLYGON (((136.89966286691987 37.39497432755142, 136.89990411691988 37.39498560555142, 136.89990892291988 37.39492021655142, 136.89982081191988 37.39491610555142, 136.89981881191989 37.39494307755142, 136.89978625591988 37.39494154955142, 136.8997882009199 37.394915022551416, 136.89966442291987 37.39490924455142, 136.89966286691987 37.39497432755142)))",1087.357909207874,1061.7802264795046,68.8022443400489,68.8022443400489,石川県、輪島市、河井町森の下,0,0,0,8.4,multi
C:\Users\admin\Documents\GitHub\SensingRisk\sitelens\data\noto_crops\all\bldg_001504.png,20230303-49281-13461-s-7764,survived,0,136.89853049474695,37.39470668874835,"MULTIPOLYGON (((136.898494222 37.394724222, 136.898556944 37.394732722, 136.89856625 37.394688944, 136.898504611 37.394680611, 136.898494222 37.394724222)))",877.3482532814053,1142.3348471034842,20.67798016967231,20.67798016967231,石川県、輪島市、鳳至町末広,0,0,0,8.4,multi
C:\Users\admin\Documents\GitHub\SensingRisk\sitelens\data\noto_crops\all\bldg_001505.png,20230303-49284-13461-s-5638,survived,0,136.90103184984298,37.3931214063896,"MULTIPOLYGON (((136.90097264977751 37.39315307565875, 136.90107203877753 37.39314735365875, 136.90107073277753 37.39313307565875, 136.90109881677753 37.39313143665875, 136.9010948437775 37.39308774265875, 136.90106692777752 37.39308935365875, 136.90106742777752 37.39309490965875, 136.90096756677752 37.39310065965875, 136.90097264977751 37.39315307565875)))",1335.9219380113814,1506.5291228598323,36.70016000005944,36.70016000005944,石川県、輪島市、河井町祇園東,0,0,0,8.4,multi
C:\Users\admin\Documents\GitHub\SensingRisk\sitelens\data\noto_crops\all\bldg_001506.png,20230303-49284-13461-s-5683,survived,0,136.90214000334828,37.39318547487847,"MULTIPOLYGON (((136.90219041302223 37.39318836095619, 136.90218546802222 37.393110860956185, 136.90209577402223 37.39311449895619, 136.90210585702224 37.39327183295619, 136.90217735702223 37.393268915956185, 136.9021741630222 37.39321852695619, 136.90213819102223 37.393219998956184, 136.90213630202223 37.393190554956185, 136.90219041302223 37.39318836095619)))",1532.844394341319,1479.90578740429,56.656609775207244,56.656609775207244,石川県、輪島市、河井町中田町,0,0,0,8.4,multi
C:\Users\admin\Documents\GitHub\SensingRisk\sitelens\data\noto_crops\all\bldg_001507.png,20230303-49284-13461-s-5685,survived,0,136.90244744505415,37.39316442381422,"MULTIPOLYGON (((136.902371611 37.393195167, 136.902513556 37.393190111, 136.902513778 37.393129306, 136.902439833 37.393129139, 136.9024375 37.393147028, 136.902372528 37.393146861, 136.902371611 37.393195167)))",1597.1459822018942,1495.207884321998,39.75277445581219,39.75277445581219,石川県、輪島市、河井町中田町,0,0,0,8.4,multi
C:\Users\admin\Documents\GitHub\SensingRisk\sitelens\data\noto_crops\all\bldg_001508.png,20230303-49284-13461-s-5686,survived,0,136.90234448416834,37.39319687309483,"MULTIPOLYGON (((136.902305667 37.393254028, 136.902358694 37.393252944, 136.90236775 37.393232694, 136.902421056 37.393233806, 136.902420028 37.393202361, 136.902365611 37.393202306, 136.902359139 37.39313075, 136.902300861 37.393130639, 136.902305667 37.393254028)))",1580.071331742636,1486.288263014602,43.42868588123406,43.42868588123406,石川県、輪島市、河井町中田町,0,0,0,8.4,multi
C:\Users\admin\Documents\GitHub\SensingRisk\sitelens\data\noto_crops\all\bldg_001509.png,20230303-49284-13461-s-5725,survived,0,136.90148454681096,37.393287056152175,"MULTIPOLYGON (((136.90144675 37.39319725, 136.90140025 37.393246028, 136.901439 37.393274139, 136.90139775 37.393317556, 136.90146625 37.393364, 136.901501056 37.393333972, 136.901534111 37.393353111, 136.901592833 37.39329475, 136.90144675 37.39319725)))",1409.4064758795334,1456.2783837189318,62.01434776163774,62.01434776163774,石川県、輪島市、河井町祇園東,0,0,0,8.4,multi
C:\Users\admin\Documents\GitHub\SensingRisk\sitelens\data\noto_crops\all\bldg_001510.png,20230303-49284-13461-s-5764,survived,0,136.90242288542848,37.393325183833774,"MULTIPOLYGON (((136.902455972 37.393377111, 136.902448389 37.393259194, 136.902408139 37.393260861, 136.90241075 37.393301444, 136.902385417 37.393302472, 136.902390389 37.393379361, 136.902455972 37.393377111)))",1591.7739458588799,1457.0686638562836,42.2946526524679,42.2946526524679,石川県、輪島市、河井町中田町,0,0,0,8.4,multi
C:\Users\admin\Documents\GitHub\SensingRisk\sitelens\data\noto_crops\all\bldg_001511.png,20230303-49284-13461-s-5773,survived,0,136.90233345802355,37.393344937717636,"MULTIPOLYGON (((136.902377139 37.393396, 136.902369722 37.393302444, 136.902331639 37.393302361, 136.902322611 37.393280778, 136.902293611 37.393282, 136.902301417 37.393398833, 136.902377139 37.393396)))",1576.2409139918532,1452.6235727207772,41.55130126332347,41.55130126332347,石川県、輪島市、河井町中田町,0,0,0,8.4,multi
C:\Users\admin\Documents\GitHub\SensingRisk\sitelens\data\noto_crops\all\bldg_001512.png,20230303-49284-13461-s-5775,survived,0,136.90248032552248,37.39332659489975,"MULTIPOLYGON (((136.902503472 37.393363056, 136.902497 37.393287944, 136.902457194 37.393290111, 136.902463639 37.39336525, 136.902503472 37.393363056)))",1610.4341672573532,1462.8939881706135,27.209054216931918,27.209054216931918,石川県、輪島市、河井町中田町,0,0,0,8.4,multi
C:\Users\admin\Documents\GitHub\SensingRisk\sitelens\data\noto_crops\all\bldg_001513.png,20230303-49284-13461-s-5777,survived,0,136.9021388783158,37.39330818726279,"MULTIPOLYGON (((136.902116417 37.393323333, 136.902161222 37.393323444, 136.902161333 37.393293028, 136.902116528 37.393292944, 136.902116417 37.393323333)))",1554.106597741445,1474.5369521994917,12.559423897001352,12.559423897001352,石川県、輪島市、河井町中田町,0,0,0,8.4,multi
C:\Users\admin\Documents\GitHub\SensingRisk\sitelens\data\noto_crops\all\bldg_001514.png,20230303-49284-13461-s-5778,survived,0,136.90224767481263,37.39334933848299,"MULTIPOLYGON (((136.902214778 37.393396278, 136.902290222 37.39339525, 136.902286778 37.393316556, 136.902253139 37.393316472, 136.902250972 37.393295028, 136.902208417 37.393294917, 136.902214778 37.393396278)))",1563.136863115927,1454.2023731709867,35.67558720211082,35.67558720211082,石川県、輪島市、河井町中田町,0,0,0,8.4,multi
C:\Users\admin\Documents\GitHub\SensingRisk\sitelens\data\noto_crops\all\bldg_001515.png,20230303-49284-13461-s-5801,survived,0,136.90206308988166,37.393406702846185,"MULTIPOLYGON (((136.90207425 37.393419194, 136.902072833 37.393393556, 136.902051917 37.393394306, 136.902053306 37.39341975, 136.90207425 37.393419194)))",1541.6480563355235,1453.104181773941,9.21938745059947,9.21938745059947,石川県、輪島市、河井町中田町,0,0,0,8.4,multi
C:\Users\admin\Documents\GitHub\SensingRisk\sitelens\data\noto_crops\all\bldg_001516.png,20230303-49284-13461-s-5823,survived,0,136.90219692306295,37.393468617752454,"MULTIPOLYGON (((136.902171917 37.39347675, 136.902222111 37.393475444, 136.9022215 37.393460444, 136.902172139 37.39346175, 136.902171917 37.39347675)))",1564.206574980418,1436.1614734281884,14.035259660084876,14.035259660084876,石川県、輪島市、河井町中田町,0,0,0,8.4,multi
C:\Users\admin\Documents\GitHub\SensingRisk\sitelens\data\noto_crops\all\bldg_001517.png,20230303-49284-13461-s-5825,survived,0,136.90251221882662,37.393514018731494,"MULTIPOLYGON (((136.902477139 37.393561972, 136.902550361 37.393560333, 136.902546222 37.393465556, 136.902475083 37.393467306, 136.902477139 37.393561972)))",1613.108882973761,1415.6133905477536,33.93511721126765,33.93511721126765,石川県、輪島市、河井町中田町,0,0,0,8.4,multi
C:\Users\admin\Documents\GitHub\SensingRisk\sitelens\data\noto_crops\all\bldg_001518.png,20230303-49284-13461-s-5827,survived,0,136.9022026187673,37.39354295722787,"MULTIPOLYGON (((136.902170056 37.39348975, 136.902173722 37.393597056, 136.902236472 37.393595389, 136.902230139 37.393488083, 136.902170056 37.39348975)))",1553.2119145049082,1406.6445439606348,38.3547494994084,38.3547494994084,石川県、輪島市、河井町中田町,0,0,0,8.4,multi
C:\Users\admin\Documents\GitHub\SensingRisk\sitelens\data\noto_crops\all\bldg_001519.png,20230303-49284-13461-s-5834,survived,0,136.90210515461527,37.39355219090135,"MULTIPOLYGON (((136.902059389 37.393603944, 136.902153833 37.393602, 136.902149444 37.3934915, 136.902118056 37.393491417, 136.902118 37.393505722, 136.90205075 37.393510944, 136.902059389 37.393603944)))",1533.7638333475506,1404.8198368636167,39.60563531532898,39.60563531532898,石川県、輪島市、河井町中田町,0,0,0,8.4,multi
C:\Users\admin\Documents\GitHub\SensingRisk\sitelens\data\noto_crops\all\bldg_001520.png,20230303-49284-13461-s-5845,survived,0,136.90120960177939,37.39364860072323,"MULTIPOLYGON (((136.901241472 37.393762083, 136.901235833 37.393516639, 136.901193417 37.393517278, 136.901195111 37.393590917, 136.901174222 37.393591222, 136.901178083 37.3937605, 136.901241472 37.393762083)))",1343.6361864566034,1359.916473697312,86.38784962245677,86.38784962245677,石川県、輪島市、河井町祇園東,0,0,0,8.4,multi
C:\Users\admin\Documents\GitHub\SensingRisk\sitelens\data\noto_crops\all\bldg_001521.png,20230303-49284-13461-s-5854,survived,0,136.90235024248878,37.393593187112,"MULTIPOLYGON (((136.902314778 37.3936385, 136.902390972 37.393635083, 136.902384556 37.393547444, 136.902310583 37.393550861, 136.902314778 37.3936385)))",1583.8635079825585,1397.9709965251582,32.04858149064944,32.04858149064944,石川県、輪島市、河井町中田町,0,0,0,8.4,multi
C:\Users\admin\Documents\GitHub\SensingRisk\sitelens\data\noto_crops\all\bldg_001522.png,20230303-49284-13461-s-5868,survived,0,136.90186356933165,37.3936139321379,"MULTIPOLYGON (((136.9018381318457 37.393625806041776, 136.90188893784568 37.39362591704178, 136.9018889928457 37.39360205604178, 136.9018382148457 37.39360194504178, 136.9018381318457 37.393625806041776)))",1501.9534279558395,1401.9664959904494,14.221766381793486,14.221766381793486,石川県、輪島市、河井町祇園東,0,0,0,8.4,multi
C:\Users\admin\Documents\GitHub\SensingRisk\sitelens\data\noto_crops\all\bldg_001523.png,20230303-49284-13461-s-5874,survived,0,136.9022669701136,37.39362119386103,"MULTIPOLYGON (((136.902229583 37.393641889, 136.902306556 37.393639056, 136.902305417 37.393601417, 136.9022275 37.393602528, 136.902229583 37.393641889)))",1573.2229304790496,1396.2126400720122,22.10565980275487,22.10565980275487,石川県、輪島市、河井町中田町,0,0,0,8.4,multi
C:\Users\admin\Documents\GitHub\SensingRisk\sitelens\data\noto_crops\all\bldg_001524.png,20230303-49284-13461-s-5885,survived,0,136.90180742746716,37.39368017208557,"MULTIPOLYGON (((136.9018081598457 37.39370277804178, 136.90186199284568 37.39368800104178, 136.90184702084568 37.39365322304178, 136.90174157584568 37.39368041704178, 136.90175271484568 37.39370188904178, 136.90180168784568 37.393687806041775, 136.9018081598457 37.39370277804178)))",1480.7125404251947,1377.2083548279097,33.671033657921726,33.671033657921726,石川県、輪島市、河井町祇園東,0,0,0,8.4,multi
C:\Users\admin\Documents\GitHub\SensingRisk\sitelens\data\noto_crops\all\bldg_001525.png,manual,survived,0,136.9019280566407,37.393723549401365,"MULTIPOLYGON (((136.90187692465707 37.39376934859799, 136.9018378244958 37.3937395268428, 136.90183078646675 37.393696658048924, 136.90200048116668 37.393673670424725, 136.90201924924415 37.39375754415465, 136.90187692465707 37.39376934859799)))",1494.1714424610138,1357.485757987166,52.69801207118576,52.69801207118576,石川県、輪島市、河井町中田町,0,0,0,8.4,multi
C:\Users\admin\Documents\GitHub\SensingRisk\sitelens\data\noto_crops\all\bldg_001526.png,20230303-49284-13461-s-5964,survived,0,136.9016404665447,37.39390080450849,"MULTIPOLYGON (((136.90158025836925 37.39394985594578, 136.90171923036925 37.39394541194577, 136.90171661936924 37.39387977294577, 136.90166823036924 37.39388135594577, 136.90166742436926 37.393843355945776, 136.90157239636926 37.39384791194578, 136.90158025836925 37.39394985594578)))",1447.3647604268945,1321.641281148163,42.21639896191027,42.21639896191027,石川県、輪島市、河井町若葉，旭,0,0,0,8.4,multi
C:\Users\admin\Documents\GitHub\SensingRisk\sitelens\data\noto_crops\all\bldg_001527.png,20230303-49284-13461-s-5956,survived,0,136.90219932371448,37.393901340193324,"MULTIPOLYGON (((136.902165806 37.393948083, 136.902233778 37.393945861, 136.902231861 37.393854667, 136.902166111 37.393855722, 136.902165806 37.393948083)))",1555.3024513699006,1325.1908417024258,32.87922035242673,32.87922035242673,石川県、輪島市、河井町中央通,0,0,0,8.4,multi
C:\Users\admin\Documents\GitHub\SensingRisk\sitelens\data\noto_crops\all\bldg_001528.png,20230303-49284-13461-s-5959,survived,0,136.90238225356876,37.3938857204711,"MULTIPOLYGON (((136.90233025 37.39391319122291, 136.902438583 37.393911052222904, 136.902431611 37.3938572742229, 136.902327583 37.393860691222905, 136.90233025 37.39391319122291)))",1590.3910556051467,1329.8992114518524,31.037849606407917,31.037849606407917,石川県、輪島市、河井町中央通,0,0,0,8.4,multi
C:\Users\admin\Documents\GitHub\SensingRisk\sitelens\data\noto_crops\all\bldg_001529.png,20230303-49284-13461-s-5997,survived,0,136.90195237774563,37.39398907242122,"MULTIPOLYGON (((136.90183660166943 37.39405434630067, 136.90207493466943 37.39404712430068, 136.90206751766945 37.393924124300675, 136.90183104566944 37.39393034630067, 136.90183660166943 37.39405434630067)))",1491.6367121537528,1286.9164281413146,68.19630721410113,68.19630721410113,石川県、輪島市、河井町若葉，旭,0,0,0,8.4,multi
C:\Users\admin\Documents\GitHub\SensingRisk\sitelens\data\noto_crops\all\bldg_001530.png,20230303-49284-13461-s-6005,survived,0,136.90227038397248,37.394032525193396,"MULTIPOLYGON (((136.902182556 37.39406675, 136.902272222 37.394064556, 136.902270806 37.394038333, 136.902394833 37.394036222, 136.902394944 37.394007611, 136.902176778 37.394014278, 136.902182556 37.39406675)))",1557.2846684879728,1279.2627229983173,61.00363509390081,61.00363509390081,石川県、輪島市、河井町中央通,0,0,0,8.4,multi
C:\Users\admin\Documents\GitHub\SensingRisk\sitelens\data\noto_crops\all\bldg_001531.png,20230303-49284-13461-s-5822,survived,0,136.90234585573415,37.39349727718139,"MULTIPOLYGON (((136.902382389 37.393531361, 136.902380389 37.393459833, 136.902310167 37.393462639, 136.902310639 37.39353475, 136.902382389 37.393531361)))",1585.864926958081,1423.2620140948382,26.36820835008166,26.36820835008166,石川県、輪島市、河井町中田町,0,0,0,8.4,multi
C:\Users\admin\Documents\GitHub\SensingRisk\sitelens\data\noto_crops\all\bldg_001532.png,20230303-49284-13461-s-5726,survived,0,136.90249227731297,37.39322553437778,"MULTIPOLYGON (((136.902443139 37.393252528, 136.902544722 37.393250972, 136.902540417 37.393199111, 136.902441861 37.393198972, 136.902443139 37.393252528)))",1612.073323726654,1485.7806230743627,28.7620202435387,28.7620202435387,石川県、輪島市、河井町中田町,0,0,0,8.4,multi
C:\Users\admin\Documents\GitHub\SensingRisk\sitelens\data\noto_crops\all\bldg_001533.png,20230303-49284-13461-s-5671,survived,0,136.90274248946432,37.393139205468984,"MULTIPOLYGON (((136.902715361 37.393167306, 136.902771361 37.393167444, 136.902769333 37.393110222, 136.902713306 37.393111889, 136.902715361 37.393167306)))",1662.7601745721229,1510.4372108104888,20.23790582354991,20.23790582354991,石川県、輪島市、河井町中田町,0,0,0,8.4,multi
C:\Users\admin\Documents\GitHub\SensingRisk\sitelens\data\noto_crops\all\bldg_001534.png,20230303-49284-13461-s-5672,survived,0,136.90266064475705,37.39318158538901,"MULTIPOLYGON (((136.902678167 37.393249528, 136.902676972 37.393225556, 136.902694194 37.393225, 136.902689389 37.393129639, 136.902665667 37.393130389, 136.902664722 37.393111778, 136.902630389 37.393112889, 136.902637361 37.393251778, 136.902678167 37.393249528)))",1633.320623828722,1485.8417946256466,49.27518679482455,49.27518679482455,石川県、輪島市、河井町中田町,0,0,0,8.4,multi
C:\Users\admin\Documents\GitHub\SensingRisk\sitelens\data\noto_crops\all\bldg_001535.png,20230303-49284-13461-s-5674,survived,0,136.90286344659492,37.39314233390139,"MULTIPOLYGON (((136.902839083 37.393172083, 136.902892389 37.3931695, 136.902885861 37.393112278, 136.902836556 37.393113944, 136.902839083 37.393172083)))",1685.1228353656013,1509.2460418284418,21.04930390318009,21.04930390318009,石川県、輪島市、河井町中田町,0,0,0,8.4,multi
C:\Users\admin\Documents\GitHub\SensingRisk\sitelens\data\noto_crops\all\bldg_001536.png,20230303-49284-13461-s-5675,survived,0,136.90280486703145,37.39314499013955,"MULTIPOLYGON (((136.902780778 37.393113083, 136.902781806 37.393175806, 136.902831861 37.393174722, 136.902825361 37.393113917, 136.902780778 37.393113083)))",1673.7688126169985,1508.201290548071,22.076339577964063,22.076339577964063,石川県、輪島市、河井町中田町,0,0,0,8.4,multi
C:\Users\admin\Documents\GitHub\SensingRisk\sitelens\data\noto_crops\all\bldg_001537.png,20230303-49284-13461-s-5715,survived,0,136.90292008264663,37.39321456135456,"MULTIPOLYGON (((136.902959361 37.393242361, 136.902958056 37.393187528, 136.902880389 37.393186167, 136.90288325 37.393242556, 136.902959361 37.393242361)))",1694.7270272616515,1491.5856389003452,22.496469208140525,22.496469208140525,石川県、輪島市、河井町中田町,0,0,0,8.4,multi
C:\Users\admin\Documents\GitHub\SensingRisk\sitelens\data\noto_crops\all\bldg_001538.png,20230303-49284-13461-s-5720,survived,0,136.9028338055,37.3932170695,"MULTIPOLYGON (((136.902866444 37.393238611, 136.902860639 37.393190917, 136.902801167 37.393195528, 136.902806972 37.393243222, 136.902866444 37.393238611)))",1679.965013627073,1492.2327276917636,19.93146109343752,19.93146109343752,石川県、輪島市、河井町中田町,0,0,0,8.4,multi
C:\Users\admin\Documents\GitHub\SensingRisk\sitelens\data\noto_crops\all\bldg_001539.png,20230303-49284-13461-s-5733,survived,0,136.90259849937442,37.393306958567,"MULTIPOLYGON (((136.902641611 37.393387611, 136.902637806 37.393311528, 136.902618472 37.393311944, 136.902614361 37.393208222, 136.902567306 37.393208111, 136.902569639 37.393388722, 136.902641611 37.393387611)))",1615.3929333495266,1451.3264620904483,63.568862582478005,63.568862582478005,石川県、輪島市、河井町中田町,0,0,0,8.4,multi
C:\Users\admin\Documents\GitHub\SensingRisk\sitelens\data\noto_crops\all\bldg_001541.png,20230303-49284-13461-s-5744,destroyed,1,136.90323895479588,37.39331239662236,"MULTIPOLYGON (((136.903274917 37.393374194, 136.903266444 37.393232333, 136.903232083 37.393233611, 136.903234389 37.393272222, 136.903198639 37.393273583, 136.903204694 37.393375278, 136.903274917 37.393374194)))",1739.8944000083848,1456.6905354593955,50.31172554254999,50.31172554254999,石川県、輪島市、河井町中田町,0,0,0,8.4,multi
C:\Users\admin\Documents\GitHub\SensingRisk\sitelens\data\noto_crops\all\bldg_001542.png,20230303-49284-13461-s-5755,survived,0,136.9029217250113,37.39327980384684,"MULTIPOLYGON (((136.902888139 37.393311944, 136.902959139 37.393310306, 136.902954861 37.393248306, 136.902885389 37.393248167, 136.902888139 37.393311944)))",1694.6119225528523,1475.610506021923,23.61736238267372,23.61736238267372,石川県、輪島市、河井町中田町,0,0,0,8.4,multi
C:\Users\admin\Documents\GitHub\SensingRisk\sitelens\data\noto_crops\all\bldg_001543.png,20230303-49284-13461-s-5756,survived,0,136.90284137698416,37.39332082990068,"MULTIPOLYGON (((136.902876694 37.393382861, 136.90287175 37.393305361, 136.902858306 37.393305333, 136.90285625 37.393249889, 136.902811417 37.393249778, 136.90281725 37.393383194, 136.902876694 37.393382861)))",1668.362560086609,1455.3920756251193,46.95784515309151,46.95784515309151,石川県、輪島市、河井町中田町,0,0,0,8.4,multi
C:\Users\admin\Documents\GitHub\SensingRisk\sitelens\data\noto_crops\all\bldg_001544.png,20230303-49284-13461-s-5765,survived,0,136.90267951664956,37.393278073005575,"MULTIPOLYGON (((136.902657361 37.393295333, 136.902702944 37.39329425, 136.902701694 37.393260806, 136.902656056 37.393261917, 136.902657361 37.393295333)))",1654.3648478174903,1481.0839233775112,13.602532633536839,13.602532633536839,石川県、輪島市、河井町中田町,0,0,0,8.4,multi
C:\Users\admin\Documents\GitHub\SensingRisk\sitelens\data\noto_crops\all\bldg_001545.png,20230303-49284-13461-s-5763,survived,0,136.90276868212825,37.39330599097583,"MULTIPOLYGON (((136.902802111 37.393351694, 136.902795694 37.393258694, 136.902737444 37.393258556, 136.902739639 37.393352806, 136.902802111 37.393351694)))",1661.4086800424827,1464.8199440439273,33.17275967957471,33.17275967957471,石川県、輪島市、河井町中田町,0,0,0,8.4,multi
C:\Users\admin\Documents\GitHub\SensingRisk\sitelens\data\noto_crops\all\bldg_001546.png,20230303-49284-13461-s-5757,survived,0,136.9026836366267,37.393353254002264,"MULTIPOLYGON (((136.902661028 37.39332275, 136.902662306 37.393382972, 136.902707861 37.393382472, 136.902703583 37.393323444, 136.902661028 37.39332275)))",1651.4897989593333,1459.7377951361254,21.19607356341976,21.19607356341976,石川県、輪島市、河井町中田町,0,0,0,8.4,multi
C:\Users\admin\Documents\GitHub\SensingRisk\sitelens\data\noto_crops\all\bldg_001547.png,20230303-49284-13461-s-5769,survived,0,136.9029247262237,37.39335328411031,"MULTIPOLYGON (((136.902888861 37.39332625, 136.902891472 37.393381333, 136.902960389 37.393379444, 136.902959083 37.393326417, 136.902888861 37.39332625)))",1696.202385820165,1459.4591556877047,21.316680447496537,21.316680447496537,石川県、輪島市、河井町中田町,0,0,0,8.4,multi
C:\Users\admin\Documents\GitHub\SensingRisk\sitelens\data\noto_crops\all\bldg_001549.png,20230303-49284-13461-s-5820,survived,0,136.9029727870994,37.39348293730108,"MULTIPOLYGON (((136.902956472 37.393510472, 136.902991139 37.393510778, 136.902989306 37.393455, 136.902954 37.393455861, 136.902956472 37.393510472)))",1705.9822594531122,1430.0096056570012,19.631938347337837,19.631938347337837,石川県、輪島市、河井町中田町,0,0,0,8.4,multi
C:\Users\admin\Documents\GitHub\SensingRisk\sitelens\data\noto_crops\all\bldg_001550.png,20230303-49284-13461-s-5821,survived,0,136.90289781682006,37.39350439118502,"MULTIPOLYGON (((136.902850417 37.393460389, 136.902855278 37.393530972, 136.902882139 37.39353025, 136.902877583 37.3935575, 136.902938111 37.393555833, 136.902936194 37.393457472, 136.902850417 37.393460389)))",1683.5978169176774,1416.4508340795796,35.206417030666216,35.206417030666216,石川県、輪島市、河井町中田町,0,0,0,8.4,multi
C:\Users\admin\Documents\GitHub\SensingRisk\sitelens\data\noto_crops\all\bldg_001551.png,20230303-49284-13461-s-5846,survived,0,136.90297513874603,37.39354343037687,"MULTIPOLYGON (((136.902993333 37.393569083, 136.902992028 37.393517222, 136.902956944 37.393517778, 136.90295825 37.393569639, 136.902993333 37.393569083)))",1707.0526339893895,1416.395399493811,18.448981901270372,18.448981901270372,石川県、輪島市、河井町中田町,0,0,0,8.4,multi
C:\Users\admin\Documents\GitHub\SensingRisk\sitelens\data\noto_crops\all\bldg_001552.png,manual,survived,0,136.90257238409868,37.39364833030825,"MULTIPOLYGON (((136.90240399483105 37.39370908378882, 136.90239930281172 37.393522076185896, 136.90246186306973 37.3935208336089, 136.90246499108267 37.39358234114543, 136.90271210410194 37.39357737084133, 136.9027230521471 37.3936376357564, 136.90278795841482 37.39363204416838, 136.90279265043418 37.393706598640996, 136.90272070613744 37.39371094764962, 136.9027167961213 37.39372585853438, 136.9024509150246 37.39373331397565, 136.9024477870117 37.39370846250188, 136.90240399483105 37.39370908378882)))",1590.6022446155548,1350.9995314221458,109.98796708318923,109.98796708318923,石川県、輪島市、河井町中田町,0,0,0,8.4,multi
C:\Users\admin\Documents\GitHub\SensingRisk\sitelens\data\noto_crops\all\bldg_001554.png,20230303-49284-13461-s-5867,survived,0,136.9028900956539,37.39361316408321,"MULTIPOLYGON (((136.902837167 37.393578861, 136.902841417 37.393648611, 136.90294225 37.393647056, 136.902940222 37.393578611, 136.902837167 37.393578861)))",1685.660150443183,1394.4608067429776,29.383336480458638,29.383336480458638,石川県、輪島市、河井町中田町,0,0,0,8.4,multi
C:\Users\admin\Documents\GitHub\SensingRisk\sitelens\data\noto_crops\all\bldg_001555.png,20230303-49284-13461-s-5869,survived,0,136.902975908874,37.39362003638777,"MULTIPOLYGON (((136.902953444 37.393654806, 136.903002639 37.393652917, 136.9029985 37.393586972, 136.902949944 37.393585056, 136.902953444 37.393654806)))",1704.2172587200985,1395.3947255096848,24.54960199098059,24.54960199098059,石川県、輪島市、河井町中田町,0,0,0,8.4,multi
C:\Users\admin\Documents\GitHub\SensingRisk\sitelens\data\noto_crops\all\bldg_001557.png,20230303-49284-13461-s-5709,survived,0,136.90274829379572,37.393212619285904,"MULTIPOLYGON (((136.902784556 37.393242583, 136.902778056 37.393179972, 136.902715306 37.393181611, 136.902715083 37.393244194, 136.902784556 37.393242583)))",1662.6646224281512,1491.7585126814329,23.219993200304543,23.219993200304543,石川県、輪島市、河井町中田町,0,0,0,8.4,multi
C:\Users\admin\Documents\GitHub\SensingRisk\sitelens\data\noto_crops\all\bldg_001558.png,20230303-49284-13461-s-5677,survived,0,136.9025785921035,37.39315128040048,"MULTIPOLYGON (((136.902547472 37.393115889, 136.902550167 37.393187222, 136.902610694 37.393185556, 136.902606444 37.393115806, 136.902547472 37.393115889)))",1629.8790402318427,1505.0126580135525,25.135976714811704,25.135976714811704,石川県、輪島市、河井町中田町,0,0,0,8.4,multi
C:\Users\admin\Documents\GitHub\SensingRisk\sitelens\data\noto_crops\all\bldg_001559.png,20230303-49284-13461-s-5750,survived,0,136.9025344412276,37.39332732854285,"MULTIPOLYGON (((136.902508 37.393285472, 136.902510694 37.393369528, 136.902560972 37.393369222, 136.902558056 37.393284972, 136.902508 37.393285472)))",1619.2531427527492,1461.4648904314704,29.76080496343843,29.76080496343843,石川県、輪島市、河井町中田町,0,0,0,8.4,multi
C:\Users\admin\Documents\GitHub\SensingRisk\sitelens\data\noto_crops\all\bldg_001561.png,20230303-49284-13461-s-6063,destroyed,1,136.90234099610794,37.394235729579464,"MULTIPOLYGON (((136.902283444 37.394271417, 136.9024 37.394269889, 136.902398556 37.394200056, 136.902282 37.394201556, 136.902283444 37.394271417)))",1581.5675448947484,1246.6770210602242,32.99519145753652,32.99519145753652,石川県、輪島市、河井町中央通,0,0,0,8.4,multi
C:\Users\admin\Documents\GitHub\SensingRisk\sitelens\data\noto_crops\all\bldg_001562.png,20230303-49284-13461-s-6080,survived,0,136.9016347543017,37.39427345799854,"MULTIPOLYGON (((136.901598671173 37.39429992952577, 136.90167072717298 37.39429731852577, 136.901670144173 37.39424726352578, 136.901599921173 37.39424887452577, 136.901598671173 37.39429992952577)))",1455.995377327293,1243.8852522629766,20.811492461715034,20.811492461715034,石川県、輪島市、河井町若葉，旭,0,0,0,8.4,multi
C:\Users\admin\Documents\GitHub\SensingRisk\sitelens\data\noto_crops\all\bldg_001563.png,20230303-49284-13461-s-6099,survived,0,136.90196312678424,37.39433500066127,"MULTIPOLYGON (((136.90184136476893 37.39436464600614, 136.90205355876893 37.39435559000614, 136.90205375376894 37.39429597900614, 136.90196708676893 37.39429578500614, 136.90196378176893 37.39433017300614, 136.90183550376895 37.394331257006144, 136.90184136476893 37.39436464600614)))",1493.662626139323,1210.492147211783,61.027123196919774,61.027123196919774,石川県、輪島市、河井町若葉，旭,0,0,0,8.4,multi
C:\Users\admin\Documents\GitHub\SensingRisk\sitelens\data\noto_crops\all\bldg_001564.png,20230303-49284-13461-s-6102,survived,0,136.90167745382277,37.39433141050748,"MULTIPOLYGON (((136.90161659591703 37.394363602617446, 136.90170401191705 37.394361407617446, 136.90170342891705 37.39434710261745, 136.90174903991704 37.39434596361745, 136.90174734591704 37.39430310261745, 136.90161303991704 37.39430646361745, 136.90161659591703 37.394363602617446)))",1456.0254862308502,1221.2554271266226,38.028356266021774,38.028356266021774,石川県、輪島市、河井町若葉，旭,0,0,0,8.4,multi
C:\Users\admin\Documents\GitHub\SensingRisk\sitelens\data\noto_crops\all\bldg_001565.png,20230303-49284-13461-s-6106,survived,0,136.9012938819464,37.39439517764947,"MULTIPOLYGON (((136.901331056 37.394439583, 136.901329889 37.394350167, 136.901256694 37.394350778, 136.901257889 37.394440194, 136.901331056 37.394439583)))",1387.0236883654827,1209.9188748184363,31.68640886651815,31.68640886651815,石川県、輪島市、河井町若葉，旭,0,0,0,8.4,multi
C:\Users\admin\Documents\GitHub\SensingRisk\sitelens\data\noto_crops\all\bldg_001566.png,20230303-49284-13461-s-6114,survived,0,136.9017099351995,37.39440521084681,"MULTIPOLYGON (((136.90163142395025 37.39444141372819, 136.90177786795024 37.39443458072819, 136.90178122995025 37.39439458072819, 136.90180106295026 37.39439313572819, 136.90179822995026 37.394368469728185, 136.90162909095025 37.394380802728186, 136.90163142395025 37.39444141372819)))",1457.341198984782,1199.428239849017,48.08685649765857,48.08685649765857,石川県、輪島市、河井町若葉，旭,0,0,0,8.4,multi
C:\Users\admin\Documents\GitHub\SensingRisk\sitelens\data\noto_crops\all\bldg_001567.png,20230303-49284-13461-s-6115,survived,0,136.9022458568573,37.39441629690531,"MULTIPOLYGON (((136.902195444 37.394435139, 136.902297806 37.394431778, 136.902297944 37.394398417, 136.902194083 37.394399972, 136.902195444 37.394435139)))",1565.8375533951653,1206.1735406786715,29.04164050949953,29.04164050949953,石川県、輪島市、河井町中央通,0,0,0,8.4,multi
C:\Users\admin\Documents\GitHub\SensingRisk\sitelens\data\noto_crops\all\bldg_001568.png,20230303-49284-13461-s-6130,survived,0,136.901928949218,37.394486244503234,"MULTIPOLYGON (((136.90185602998343 37.39456307190567, 136.90195764098343 37.39455851590567, 136.90195780798342 37.39451443290567, 136.90210725198344 37.394501654905675, 136.90210452998343 37.39443009890567, 136.90176677998343 37.394446043905674, 136.90176950198344 37.39452709890568, 136.90184719698343 37.39452490490567, 136.90185602998343 37.39456307190567)))",1475.1556259473166,1154.3666165432276,95.2028714285957,95.2028714285957,石川県、輪島市、河井町若葉，旭,0,0,0,8.4,multi
C:\Users\admin\Documents\GitHub\SensingRisk\sitelens\data\noto_crops\all\bldg_001569.png,20230303-49284-13461-s-6208,survived,0,136.9015381179783,37.39467118435415,"MULTIPOLYGON (((136.901520722 37.394688139, 136.901558083 37.394686444, 136.901555778 37.394654278, 136.901517889 37.394656028, 136.901520722 37.394688139)))",1442.0420277682465,1154.66338151473,12.660907282924654,12.660907282924654,石川県、輪島市、河井町若葉，旭,0,0,0,8.4,multi
C:\Users\admin\Documents\GitHub\SensingRisk\sitelens\data\noto_crops\all\bldg_001570.png,20230303-49284-13461-s-6212,survived,0,136.90148301689575,37.39471608779021,"MULTIPOLYGON (((136.901515944 37.394774556, 136.901504333 37.394719667, 136.901518056 37.394716944, 136.901501333 37.394662917, 136.901438361 37.394675333, 136.901454056 37.394726, 136.901462306 37.394724361, 136.901479306 37.394779222, 136.901515944 37.394774556)))",1416.7614670353246,1128.8265825919107,40.93536142830499,40.93536142830499,石川県、輪島市、河井町若葉，旭,0,0,0,8.4,multi
C:\Users\admin\Documents\GitHub\SensingRisk\sitelens\data\noto_crops\all\bldg_001571.png,20230303-49284-13461-s-6225,survived,0,136.90123289313712,37.3947421353783,"MULTIPOLYGON (((136.901147111 37.394707556, 136.901158028 37.394792833, 136.901320944 37.394774694, 136.901307333 37.394692722, 136.901147111 37.394707556)))",1367.4068952878317,1119.8970019485796,48.607229810290846,48.607229810290846,石川県、輪島市、河井町森の下,0,0,0,8.4,multi
C:\Users\admin\Documents\GitHub\SensingRisk\sitelens\data\noto_crops\all\bldg_001572.png,20230303-49284-13461-s-6241,survived,0,136.90206724029542,37.39475853200693,"MULTIPOLYGON (((136.902009667 37.394793556, 136.902135222 37.394781917, 136.902128694 37.39472525, 136.901997944 37.394733917, 136.902009667 37.394793556)))",1527.7172486570148,1121.106691758249,38.385710970560694,38.385710970560694,石川県、輪島市、河井町若葉，旭,0,0,0,8.4,multi
C:\Users\admin\Documents\GitHub\SensingRisk\sitelens\data\noto_crops\all\bldg_001573.png,20230303-49284-13461-s-6261,survived,0,136.90175877995813,37.39483265601163,"MULTIPOLYGON (((136.901716806 37.394797667, 136.901736833 37.394877278, 136.901801917 37.394866306, 136.901779583 37.39478825, 136.901716806 37.394797667)))",1473.9724680314612,1107.418449739307,31.334795216027032,31.334795216027032,石川県、輪島市、河井町若葉，旭,0,0,0,8.4,multi
C:\Users\admin\Documents\GitHub\SensingRisk\sitelens\data\noto_crops\all\bldg_001574.png,20230303-49284-13461-s-6262,survived,0,136.9023403790841,37.394838724354365,"MULTIPOLYGON (((136.902264889 37.394877556, 136.902430806 37.394856472, 136.902419056 37.394799222, 136.902245639 37.394822694, 136.902264889 37.394877556)))",1571.6591541343266,1095.8777533105635,51.77644592391107,51.77644592391107,石川県、輪島市、河井町中央通,0,0,0,8.4,multi
C:\Users\admin\Documents\GitHub\SensingRisk\sitelens\data\noto_crops\all\bldg_001575.png,20230303-49284-13461-s-6272,survived,0,136.90167692654745,37.39484137732358,"MULTIPOLYGON (((136.901650111 37.394855917, 136.901709917 37.394845306, 136.90170475 37.394826778, 136.901643028 37.394837694, 136.901650111 37.394855917)))",1464.836476108763,1111.7200227391763,18.703520017199935,18.703520017199935,石川県、輪島市、河井町若葉，旭,0,0,0,8.4,multi
C:\Users\admin\Documents\GitHub\SensingRisk\sitelens\data\noto_crops\all\bldg_001576.png,20230303-49284-13461-s-6283,survived,0,136.90190006262506,37.39492159327263,"MULTIPOLYGON (((136.901958306 37.394953167, 136.901913778 37.394869611, 136.901842 37.394888528, 136.901886528 37.394974472, 136.901958306 37.394953167)))",1496.7601956308386,1083.012332399176,38.250215717057245,38.250215717057245,石川県、輪島市、河井町若葉，旭,0,0,0,8.4,multi
C:\Users\admin\Documents\GitHub\SensingRisk\sitelens\data\noto_crops\all\bldg_001577.png,20230303-49284-13461-s-6307,survived,0,136.9013235232932,37.39499262300354,"MULTIPOLYGON (((136.90120926619704 37.394979028036126, 136.90121807119704 37.39502433403613, 136.90128901619704 37.39501358403613, 136.90129871019704 37.395036445036126, 136.90142282119703 37.39501525003613, 136.90140512719702 37.39494608403613, 136.90120926619704 37.394979028036126)))",1377.142284430398,1056.037534686464,59.714306041929376,59.714306041929376,石川県、輪島市、河井町森の下,0,0,0,8.4,multi
C:\Users\admin\Documents\GitHub\SensingRisk\sitelens\data\noto_crops\all\bldg_001578.png,20230303-49284-13461-s-6317,survived,0,136.90164136675935,37.395032143429304,"MULTIPOLYGON (((136.901599306 37.395073361, 136.901709972 37.395043222, 136.90168325 37.394990694, 136.901572583 37.395021444, 136.901599306 37.395073361)))",1448.419038184484,1057.1215387327666,38.41674881511267,38.41674881511267,石川県、輪島市、河井町若葉，旭,0,0,0,8.4,multi
C:\Users\admin\Documents\GitHub\SensingRisk\sitelens\data\noto_crops\all\bldg_001579.png,manual,survived,0,136.9024079267446,37.39512124068145,"MULTIPOLYGON (((136.9023382015893 37.3951927910168, 136.90229113582012 37.39509499615716, 136.90247215800918 37.395047536841055, 136.90252646466587 37.39514964624151, 136.9023382015893 37.3951927910168)))",1577.8026646720039,1022.7478939416236,65.80271460215249,65.80271460215249,石川県、輪島市、河井町丁字,0,0,0,8.4,multi
C:\Users\admin\Documents\GitHub\SensingRisk\sitelens\data\noto_crops\all\bldg_001580.png,20230303-49284-13461-s-6349,survived,0,136.90114439905838,37.39516327174467,"MULTIPOLYGON (((136.901126667 37.395213556, 136.901198472 37.395182139, 136.901147889 37.395108528, 136.901105972 37.395126889, 136.901124 37.395153111, 136.90109725 37.395164806, 136.901126667 37.395213556)))",1357.1647878219983,1027.5743449241422,36.96624513262509,36.96624513262509,石川県、輪島市、河井町森の下,0,0,0,8.4,multi
C:\Users\admin\Documents\GitHub\SensingRisk\sitelens\data\noto_crops\all\bldg_001581.png,20230303-49284-13461-s-6350,survived,0,136.902182826744,37.395161780305706,"MULTIPOLYGON (((136.902211278 37.395205917, 136.902191278 37.395174722, 136.902248972 37.395154694, 136.902219972 37.395109917, 136.902136056 37.395130417, 136.902150333 37.395152667, 136.902124167 37.395163333, 136.902162806 37.395223639, 136.902211278 37.395205917)))",1548.6139526190914,1024.0482946840605,41.32651255212431,41.32651255212431,石川県、輪島市、河井町伊右エ門,0,0,0,8.4,multi
C:\Users\admin\Documents\GitHub\SensingRisk\sitelens\data\noto_crops\all\bldg_001582.png,20230303-49284-13461-s-6375,survived,0,136.90102909851166,37.395256262543775,"MULTIPOLYGON (((136.900970194 37.395302611, 136.901107778 37.395271944, 136.901086083 37.395210028, 136.900952139 37.395239917, 136.900970194 37.395302611)))",1331.9093820518917,1001.9412885775528,43.519818687439056,43.519818687439056,石川県、輪島市、河井町森の下,0,0,0,8.4,multi
C:\Users\admin\Documents\GitHub\SensingRisk\sitelens\data\noto_crops\all\bldg_001583.png,20230303-49284-13461-s-6388,survived,0,136.9020249682006,37.395313225760624,"MULTIPOLYGON (((136.902019611 37.395365167, 136.902077972 37.395342056, 136.902026722 37.395259694, 136.90197375 37.395280667, 136.902003167 37.395327944, 136.901994194 37.3953315, 136.902019611 37.395365167)))",1520.7575382283762,991.9736677378808,37.122869831038315,37.122869831038315,石川県、輪島市、河井町伊右エ門,0,0,0,8.4,multi
C:\Users\admin\Documents\GitHub\SensingRisk\sitelens\data\noto_crops\all\bldg_001584.png,20230303-49284-13461-s-6394,survived,0,136.90107434663224,37.395362384275636,"MULTIPOLYGON (((136.901078583 37.395437806, 136.90108325 37.395448361, 136.901118861 37.395438333, 136.901092167 37.395377944, 136.901145389 37.395362972, 136.901130528 37.395329361, 136.901149444 37.395324056, 136.901132833 37.395286444, 136.900994778 37.395325333, 136.901048889 37.395447639, 136.901078583 37.395437806)))",1333.0324782812827,969.1416579726381,56.98921728314963,56.98921728314963,石川県、輪島市、河井町森の下,0,0,0,8.4,multi
C:\Users\admin\Documents\GitHub\SensingRisk\sitelens\data\noto_crops\all\bldg_001585.png,20230303-49284-13461-s-6412,destroyed,1,136.90161185311197,37.39539709066302,"MULTIPOLYGON (((136.901604667 37.395458417, 136.901681 37.395418056, 136.901603361 37.395332583, 136.90154525 37.395374833, 136.901595833 37.395417278, 136.901573389 37.395429139, 136.901604667 37.395458417)))",1439.653103463482,968.3170611851275,45.45260551645151,45.45260551645151,石川県、輪島市、河井町伊右エ門,1,0,0,8.4,multi
C:\Users\admin\Documents\GitHub\SensingRisk\sitelens\data\noto_crops\all\bldg_001586.png,20230303-49284-13461-s-6416,survived,0,136.90230263951932,37.39539279214889,"MULTIPOLYGON (((136.902338667 37.395354556, 136.902242889 37.39539725, 136.902265167 37.395430694, 136.902362444 37.395389194, 136.902338667 37.395354556)))",1574.2042578061423,975.0029642258587,33.43000097804588,33.43000097804588,石川県、輪島市、河井町伊右エ門,0,0,0,8.4,multi
C:\Users\admin\Documents\GitHub\SensingRisk\sitelens\data\noto_crops\all\bldg_001587.png,20230303-49284-13461-s-6308,survived,0,136.9017836154269,37.39503882497773,"MULTIPOLYGON (((136.901837472 37.39511025, 136.901808556 37.395052972, 136.901848944 37.395036361, 136.901811861 37.39496, 136.901710139 37.394993139, 136.901775389 37.395129194, 136.901837472 37.39511025)))",1463.6264547418932,1043.605323017216,59.55047110093051,59.55047110093051,石川県、輪島市、河井町若葉，旭,0,0,0,8.4,multi
C:\Users\admin\Documents\GitHub\SensingRisk\sitelens\data\noto_crops\all\bldg_001588.png,20230303-49284-13461-s-6424,survived,0,136.90122228711863,37.39543723063525,"MULTIPOLYGON (((136.901299194 37.395432111, 136.901256056 37.395378361, 136.901144528 37.395441889, 136.901190667 37.395496222, 136.901299194 37.395432111)))",1366.5419844710507,958.3367240670984,45.80105147818517,45.80105147818517,石川県、輪島市、河井町森の下,0,0,0,8.4,multi
C:\Users\admin\Documents\GitHub\SensingRisk\sitelens\data\noto_crops\all\bldg_001589.png,20230303-49284-13461-s-6411,survived,0,136.90197295975435,37.395360797589234,"MULTIPOLYGON (((136.901959 37.395390667, 136.902009889 37.395366944, 136.901983917 37.395331472, 136.901938194 37.395352806, 136.901959 37.395390667)))",1518.508554060065,987.9717013166218,22.30112828916333,22.30112828916333,石川県、輪島市、河井町伊右エ門,0,0,0,8.4,multi
C:\Users\admin\Documents\GitHub\SensingRisk\sitelens\data\noto_crops\all\bldg_001590.png,20230303-49284-13461-s-6277,survived,0,136.90198304375247,37.394874933443816,"MULTIPOLYGON (((136.902018306 37.394886528, 136.902006472 37.394853139, 136.901945361 37.394862528, 136.901964472 37.394898333, 136.902018306 37.394886528)))",1520.9132021056282,1102.8042860886962,20.39690035714034,20.39690035714034,石川県、輪島市、河井町若葉，旭,0,0,0,8.4,multi
C:\Users\admin\Documents\GitHub\SensingRisk\sitelens\data\noto_crops\all\bldg_001591.png,20230303-49284-13461-s-6378,survived,0,136.9021140878107,37.39526590827312,"MULTIPOLYGON (((136.90214375 37.395309167, 136.902133639 37.395292389, 136.902171056 37.395278056, 136.902141056 37.395228194, 136.902110833 37.395239778, 136.902097333 37.395217361, 136.902056694 37.395232944, 136.902110917 37.395323056, 136.90214375 37.395309167)))",1536.6170544736847,1001.3333134869213,38.217834874008304,38.217834874008304,石川県、輪島市、河井町伊右エ門,0,0,0,8.4,multi
C:\Users\admin\Documents\GitHub\SensingRisk\sitelens\data\noto_crops\all\bldg_001592.png,20230303-49284-13461-s-6244,survived,0,136.9009857142119,37.394787449603434,"MULTIPOLYGON (((136.901013083 37.39483725, 136.901021417 37.39473975, 136.90095875 37.394736333, 136.900950167 37.394836472, 136.901013083 37.39483725)))",1327.6764018219233,1116.1133497549931,35.519314468929906,35.519314468929906,石川県、輪島市、河井町森の下,0,0,0,8.4,multi
C:\Users\admin\Documents\GitHub\SensingRisk\sitelens\data\noto_crops\all\bldg_001593.png,20230303-49284-13461-s-6374,survived,0,136.90132948921837,37.39528623475866,"MULTIPOLYGON (((136.901269278 37.395229389, 136.901345778 37.395363056, 136.901389083 37.395348056, 136.901316417 37.395209806, 136.901269278 37.395229389)))",1382.4789493869223,989.6663571152707,53.938731259013025,53.938731259013025,石川県、輪島市、河井町森の下,0,0,0,8.4,multi
C:\Users\admin\Documents\GitHub\SensingRisk\sitelens\data\noto_crops\all\bldg_001594.png,20230303-49284-13461-s-6369,survived,0,136.90194347260388,37.395229402169456,"MULTIPOLYGON (((136.901913083 37.395279694, 136.902012583 37.395239389, 136.901974194 37.395179056, 136.901874111 37.395219583, 136.901913083 37.395279694)))",1504.0073127822334,1010.0936204455151,39.859871812081224,39.859871812081224,石川県、輪島市、河井町伊右エ門,0,0,0,8.4,multi
C:\Users\admin\Documents\GitHub\SensingRisk\sitelens\data\noto_crops\all\bldg_001595.png,20230303-49284-13461-s-6322,survived,0,136.90104571159029,37.395059354845934,"MULTIPOLYGON (((136.900971611 37.395114861, 136.901126333 37.395093167, 136.901106333 37.3950025, 136.90097275 37.395021222, 136.900985667 37.395079833, 136.900963833 37.395082889, 136.900971611 37.395114861)))",1333.7695558759901,1047.3568066940034,45.43829333517283,45.43829333517283,石川県、輪島市、河井町森の下,0,0,0,8.4,multi
C:\Users\admin\Documents\GitHub\SensingRisk\sitelens\data\noto_crops\all\bldg_001596.png,20230303-49284-13461-s-6301,survived,0,136.90202147997002,37.395018610335335,"MULTIPOLYGON (((136.901990667 37.395098667, 136.902083417 37.395067889, 136.902052528 37.395008667, 136.902087472 37.394997083, 136.902054833 37.394934528, 136.901978972 37.394959722, 136.901997944 37.394996056, 136.901946694 37.395013056, 136.901990667 37.395098667)))",1508.796992898804,1051.0648237055404,57.77128489119059,57.77128489119059,石川県、輪島市、河井町若葉，旭,0,0,0,8.4,multi
C:\Users\admin\Documents\GitHub\SensingRisk\sitelens\data\noto_crops\all\bldg_001597.png,20230303-49284-13461-s-6273,survived,0,136.90156931107467,37.39486014280113,"MULTIPOLYGON (((136.901505972 37.394845472, 136.9015185 37.394890194, 136.901629861 37.394876722, 136.901621083 37.394829028, 136.901505972 37.394845472)))",1436.6309933980306,1099.4654290751191,34.64187521404688,34.64187521404688,石川県、輪島市、河井町若葉，旭,0,0,0,8.4,multi
C:\Users\admin\Documents\GitHub\SensingRisk\sitelens\data\noto_crops\all\bldg_001598.png,20230303-49284-13461-s-6335,survived,0,136.9017125818931,37.39511237144676,"MULTIPOLYGON (((136.901662056 37.395074083, 136.90171475 37.395168389, 136.901761889 37.395151194, 136.901712889 37.395057528, 136.901662056 37.395074083)))",1461.2962854625962,1037.830329786118,39.01926059149764,39.01926059149764,石川県、輪島市、河井町若葉，旭,0,0,0,8.4,multi
C:\Users\admin\Documents\GitHub\SensingRisk\sitelens\data\noto_crops\all\bldg_001599.png,20230303-49284-13461-s-6124,survived,0,136.90226044948253,37.39446127071275,"MULTIPOLYGON (((136.902210222 37.394482861, 136.902314083 37.394478917, 136.902311972 37.394439583, 136.902205139 37.394444111, 136.902210222 37.394482861)))",1567.6616561995613,1195.034379092936,30.462950330310377,30.462950330310377,石川県、輪島市、河井町中央通,0,0,0,8.4,multi
C:\Users\admin\Documents\GitHub\SensingRisk\sitelens\data\noto_crops\all\bldg_001600.png,20230303-49284-13461-s-6285,survived,0,136.90117395985615,37.39493687409369,"MULTIPOLYGON (((136.901099778 37.39499475, 136.901299361 37.394963, 136.901284417 37.394903167, 136.901184167 37.394919111, 136.901173056 37.394874583, 136.901070111 37.394890944, 136.901099778 37.39499475)))",1350.4704355451797,1067.1235898899224,64.1029461330836,64.1029461330836,石川県、輪島市、河井町森の下,0,0,0,8.4,multi
C:\Users\admin\Documents\GitHub\SensingRisk\sitelens\data\noto_crops\all\bldg_001601.png,20230303-49284-13461-s-6257,survived,0,136.90166651527053,37.3947971588245,"MULTIPOLYGON (((136.901645028 37.394818944, 136.901700333 37.394808944, 136.901690806 37.394775389, 136.90163025 37.394786361, 136.901645028 37.394818944)))",1462.3056330786812,1121.6402645449666,19.59662714534329,19.59662714534329,石川県、輪島市、河井町若葉，旭,0,0,0,8.4,multi
C:\Users\admin\Documents\GitHub\SensingRisk\sitelens\data\noto_crops\all\bldg_001602.png,manual,destroyed,1,136.90299957231733,37.39387839539444,"MULTIPOLYGON (((136.9028815226648 37.39395428150316, 136.9028773413451 37.39381586597917, 136.9031087077052 37.3937953804599, 136.90312334232436 37.39394653024059, 136.9028815226648 37.39395428150316)))",1686.581937344869,1313.4654101114115,68.78685942226002,68.78685942226002,石川県、輪島市、河井町中央通,0,0,0,8.4,multi
C:\Users\admin\Documents\GitHub\SensingRisk\sitelens\data\noto_crops\all\bldg_001603.png,20230303-49284-13461-s-5951,survived,0,136.90273442262333,37.39385681394004,"MULTIPOLYGON (((136.90264835623935 37.39381863880394, 136.90264957823936 37.393899138803945, 136.90281991223935 37.39389533280394, 136.90281946723934 37.39381427780395, 136.90264835623935 37.39381863880394)))",1647.36540728675,1328.1259455587294,47.97053446239897,47.97053446239897,石川県、輪島市、河井町中央通,0,0,0,8.4,multi
C:\Users\admin\Documents\GitHub\SensingRisk\sitelens\data\noto_crops\all\bldg_001604.png,20230303-49284-13461-s-5952,survived,0,136.9025063475489,37.393863042574345,"MULTIPOLYGON (((136.9025034023057 37.39387988224401, 136.9025066243057 37.39392777124401, 136.9025601523057 37.39392963224401, 136.9025557353057 37.39381449324401, 136.9024350413057 37.39381968724401, 136.9024392913057 37.39388288224401, 136.9025034023057 37.39387988224401)))",1606.4094493828604,1327.6609378271696,41.69490323813989,41.69490323813989,石川県、輪島市、河井町中央通,0,0,0,8.4,multi
C:\Users\admin\Documents\GitHub\SensingRisk\sitelens\data\noto_crops\all\bldg_001605.png,manual,survived,0,136.90284593747563,37.394042764972845,"MULTIPOLYGON (((136.90276374882492 37.394110967567904, 136.90276374882492 37.39398030359314, 136.90282019664167 37.39398085725452, 136.90282089352831 37.39396535473405, 136.90287594757183 37.39396535473405, 136.9028745537986 37.39398030359314, 136.90292542652236 37.39398085725452, 136.902931698502 37.394108199265716, 136.90276374882492 37.394110967567904)))",1665.5896220755822,1282.5987811112964,53.87131162903506,53.87131162903506,石川県、輪島市、河井町中央通,0,0,0,8.4,multi
C:\Users\admin\Documents\GitHub\SensingRisk\sitelens\data\noto_crops\all\bldg_001606.png,20230303-49284-13461-s-6012,survived,0,136.90299938058405,37.394080072095264,"MULTIPOLYGON (((136.903022722 37.394122028, 136.903018556 37.394036806, 136.902976028 37.394038111, 136.902980222 37.394123361, 136.903022722 37.394122028)))",1705.5629438848814,1284.4654277669094,30.464384232987413,30.464384232987413,石川県、輪島市、河井町中央通,0,0,0,8.4,multi
C:\Users\admin\Documents\GitHub\SensingRisk\sitelens\data\noto_crops\all\bldg_001607.png,20230303-49284-13461-s-6051,survived,0,136.9031442145859,37.39421976782857,"MULTIPOLYGON (((136.903137333 37.394271528, 136.903188639 37.39425625, 136.903149111 37.394168056, 136.903101056 37.394180861, 136.903137333 37.394271528)))",1729.7038821816207,1248.706600694004,36.41858662769005,36.41858662769005,石川県、輪島市、河井町中央通,0,0,0,8.4,multi
C:\Users\admin\Documents\GitHub\SensingRisk\sitelens\data\noto_crops\all\bldg_001608.png,20230303-49284-13461-s-6056,destroyed,1,136.9024984052368,37.39423539606823,"MULTIPOLYGON (((136.902427167 37.394189472, 136.902431361 37.394269972, 136.902469472 37.39426825, 136.902480611 37.394287944, 136.902564972 37.394290222, 136.902554917 37.394184417, 136.902427167 37.394189472)))",1606.4751794025033,1242.3061645566127,40.99402236314745,40.99402236314745,石川県、輪島市、河井町中央通,0,0,0,8.4,multi
C:\Users\admin\Documents\GitHub\SensingRisk\sitelens\data\noto_crops\all\bldg_001609.png,20230303-49284-13461-s-6062,survived,0,136.90291987586446,37.394224786218466,"MULTIPOLYGON (((136.902868472 37.394249472, 136.902978278 37.394249722, 136.902975056 37.394207972, 136.902954083 37.394209278, 136.902952917 37.394197333, 136.902864167 37.394199417, 136.902868472 37.394249472)))",1690.2725799454583,1250.0855081648242,31.907748254140188,31.907748254140188,石川県、輪島市、河井町中央通,0,0,0,8.4,multi
C:\Users\admin\Documents\GitHub\SensingRisk\sitelens\data\noto_crops\all\bldg_001610.png,20230303-49284-13461-s-6070,survived,0,136.9030607703053,37.394326787204555,"MULTIPOLYGON (((136.903027028 37.394410167, 136.90310925 37.394405278, 136.903092611 37.394242833, 136.903014167 37.394246222, 136.903027028 37.394410167)))",1702.9670350721863,1212.429621568702,58.89581504701505,58.89581504701505,石川県、輪島市、河井町中央通,0,0,0,8.4,multi
C:\Users\admin\Documents\GitHub\SensingRisk\sitelens\data\noto_crops\all\bldg_001611.png,20230303-49284-13461-s-6073,survived,0,136.90268350693077,37.39426738527807,"MULTIPOLYGON (((136.9026965 37.394287528, 136.902695917 37.394247, 136.9026705 37.39424725, 136.902671111 37.394287778, 136.9026965 37.394287528)))",1654.7355411519218,1248.5713285741326,14.352454049797643,14.352454049797643,石川県、輪島市、河井町中央通,0,0,0,8.4,multi
C:\Users\admin\Documents\GitHub\SensingRisk\sitelens\data\noto_crops\all\bldg_001612.png,20230303-49284-13461-s-6085,survived,0,136.90315751134466,37.39431778437122,"MULTIPOLYGON (((136.903184111 37.394276639, 136.903104833 37.394296944, 136.903133278 37.39435975, 136.903208917 37.394338361, 136.903184111 37.394276639)))",1734.2988608534658,1227.9699595844875,31.712806290615163,31.712806290615163,石川県、輪島市、河井町中央通,0,0,0,8.4,multi
C:\Users\admin\Documents\GitHub\SensingRisk\sitelens\data\noto_crops\all\bldg_001613.png,20230303-49284-13461-s-6092,survived,0,136.90276428099293,37.39434850027201,"MULTIPOLYGON (((136.902724528 37.394392222, 136.902809694 37.394394194, 136.902802528 37.394301194, 136.902718111 37.394306361, 136.902724528 37.394392222)))",1660.5334791802147,1220.538088198573,32.732802654084935,32.732802654084935,石川県、輪島市、河井町中央通,0,0,0,8.4,multi
C:\Users\admin\Documents\GitHub\SensingRisk\sitelens\data\noto_crops\all\bldg_001614.png,20230303-49284-13461-s-6105,survived,0,136.9031840417127,37.39438504145534,"MULTIPOLYGON (((136.903148028 37.394419972, 136.903235472 37.394404083, 136.903220056 37.394350111, 136.903132611 37.394366, 136.903148028 37.394419972)))",1740.8384565247432,1213.7601220736447,28.762020248836734,28.762020248836734,石川県、輪島市、河井町中央通,0,0,0,8.4,multi
C:\Users\admin\Documents\GitHub\SensingRisk\sitelens\data\noto_crops\all\bldg_001615.png,20230303-49284-13461-s-6119,survived,0,136.90313595995997,37.394461726361634,"MULTIPOLYGON (((136.903055111 37.394499639, 136.903229278 37.394469639, 136.903216861 37.394423806, 136.903042583 37.394453833, 136.903055111 37.394499639)))",1720.149073372947,1184.0465622192753,52.20370568699309,52.20370568699309,石川県、輪島市、河井町中央通,0,0,0,8.4,multi
C:\Users\admin\Documents\GitHub\SensingRisk\sitelens\data\noto_crops\all\bldg_001616.png,20230303-49284-13461-s-6122,survived,0,136.90268146753615,37.394473865388726,"MULTIPOLYGON (((136.90271925 37.394509222, 136.902715028 37.394435889, 136.902643667 37.394438528, 136.902647917 37.394511833, 136.90271925 37.394509222)))",1648.1663664761281,1193.9353534230854,26.72967704208122,26.72967704208122,石川県、輪島市、河井町中央通,0,0,0,8.4,multi
C:\Users\admin\Documents\GitHub\SensingRisk\sitelens\data\noto_crops\all\bldg_001617.png,20230303-49284-13461-s-6168,destroyed,1,136.90266919792737,37.394596498649534,"MULTIPOLYGON (((136.902565472 37.394659361, 136.902638972 37.394655528, 136.902637056 37.394631917, 136.902678583 37.39462975, 136.9026805 37.394653528, 136.902778694 37.394648389, 136.902769583 37.394537139, 136.902561111 37.394548, 136.902565472 37.394659361)))",1628.9567022217645,1147.6927827042323,60.840616480509425,60.840616480509425,石川県、輪島市、河井町中央通,0,0,0,8.4,multi
C:\Users\admin\Documents\GitHub\SensingRisk\sitelens\data\noto_crops\all\bldg_001618.png,20230303-49284-13461-s-6172,survived,0,136.90320065940315,37.39459715065391,"MULTIPOLYGON (((136.903248389 37.394556694, 136.903131028 37.394579083, 136.903152472 37.394637556, 136.903270611 37.394615167, 136.903248389 37.394556694)))",1738.8319946924846,1158.8619473130193,39.03023569318975,39.03023569318975,石川県、輪島市、河井町中央通,0,0,0,8.4,multi
C:\Users\admin\Documents\GitHub\SensingRisk\sitelens\data\noto_crops\all\bldg_001619.png,20230303-49284-13461-s-6258,survived,0,136.90281869588858,37.394834088688114,"MULTIPOLYGON (((136.90279225 37.394890667, 136.902867 37.394878917, 136.902846444 37.394776333, 136.902784417 37.394783944, 136.902785083 37.394805417, 136.902767889 37.394805972, 136.90279225 37.394890667)))",1666.760014120208,1102.792330955386,40.24163718859336,40.24163718859336,石川県、輪島市、河井町中央通,0,0,0,8.4,multi
C:\Users\admin\Documents\GitHub\SensingRisk\sitelens\data\noto_crops\all\bldg_001620.png,20230303-49284-13461-s-6300,survived,0,136.90306595220508,37.394992203399106,"MULTIPOLYGON (((136.90297699397058 37.39490168156881, 136.90298091097057 37.394961653568814, 136.9030082439706 37.39496126456881, 136.90303091097059 37.39507404256881, 136.90317441097056 37.39505529256881, 136.90316118897059 37.394992098568814, 136.90309393897058 37.39500148756881, 136.90308224397057 37.394923959568814, 136.90305682797057 37.39492629256881, 136.90305246697056 37.394895875568814, 136.90297699397058 37.39490168156881)))",1702.5400554504458,1054.8906738493788,64.96710466680315,64.96710466680315,石川県、輪島市、河井町丁字,0,0,0,8.4,multi
C:\Users\admin\Documents\GitHub\SensingRisk\sitelens\data\noto_crops\all\bldg_001621.png,20230303-49284-13461-s-6315,survived,0,136.902870388139,37.39502999093614,"MULTIPOLYGON (((136.902917139 37.395072139, 136.902909972 37.394985083, 136.902820306 37.394988472, 136.902834944 37.395076722, 136.902917139 37.395072139)))",1680.0081711113771,1060.162313726765,32.8631472573702,32.8631472573702,石川県、輪島市、河井町丁字,0,0,0,8.4,multi
C:\Users\admin\Documents\GitHub\SensingRisk\sitelens\data\noto_crops\all\bldg_001622.png,20230303-49284-13461-s-6319,survived,0,136.90274211010924,37.395051749794774,"MULTIPOLYGON (((136.902687389 37.395099056, 136.90274775 37.395090583, 136.902751528 37.395107722, 136.902809611 37.395099556, 136.902786667 37.394995556, 136.902673806 37.395011389, 136.902687389 37.395099056)))",1651.6366452937227,1050.6022235578778,42.25194749204934,42.25194749204934,石川県、輪島市、河井町丁字,0,0,0,8.4,multi
C:\Users\admin\Documents\GitHub\SensingRisk\sitelens\data\noto_crops\all\bldg_001623.png,20230303-49284-13461-s-6354,survived,0,136.90275045433455,37.395157431310864,"MULTIPOLYGON (((136.902715 37.395193278, 136.902801694 37.39518275, 136.902783972 37.395120722, 136.902700278 37.395132444, 136.902715 37.395193278)))",1660.0305069961212,1032.5443341217776,28.92312678534563,28.92312678534563,石川県、輪島市、河井町丁字,0,0,0,8.4,multi
C:\Users\admin\Documents\GitHub\SensingRisk\sitelens\data\noto_crops\all\bldg_001624.png,20230303-49284-13461-s-6366,survived,0,136.9032487210797,37.39519008871089,"MULTIPOLYGON (((136.90314820532083 37.39523928038868, 136.90326631632084 37.39522105838868, 136.90326165032084 37.39520189138868, 136.90327531632082 37.39520200238868, 136.90327976132082 37.39521869638868, 136.90336645532082 37.39520578038868, 136.90335173332082 37.39514258538868, 136.90313267732083 37.39517400238868, 136.90314820532083 37.39523928038868)))",1734.7496452119617,1006.3592240281789,65.36906670464396,65.36906670464396,石川県、輪島市、河井町丁字,0,0,0,8.4,multi
C:\Users\admin\Documents\GitHub\SensingRisk\sitelens\data\noto_crops\all\bldg_001625.png,20230303-49284-13461-s-6379,survived,0,136.90309417889353,37.39519463188899,"MULTIPOLYGON (((136.90307151100532 37.39521019798048, 136.90312165000532 37.39520078198048, 136.90311526100533 37.39517911498048, 136.90306817800533 37.39518797598048, 136.90307151100532 37.39521019798048)))",1731.1289699819354,1030.6941124015057,14.951854896545456,14.951854896545456,石川県、輪島市、河井町丁字,0,0,0,8.4,multi
C:\Users\admin\Documents\GitHub\SensingRisk\sitelens\data\noto_crops\all\bldg_001628.png,20230303-49284-13461-s-6408,survived,0,136.9031425948047,37.39539466234992,"MULTIPOLYGON (((136.903204417 37.395443389, 136.903174167 37.395407083, 136.903194306 37.395396389, 136.903137361 37.395328028, 136.903073 37.395362167, 136.903160028 37.395466667, 136.903204417 37.395443389)))",1722.3707021629766,966.2117788292437,48.796161583538606,48.796161583538606,石川県、輪島市、河井町丁字,0,0,0,8.4,multi
C:\Users\admin\Documents\GitHub\SensingRisk\sitelens\data\noto_crops\all\bldg_001629.png,20230303-49284-13461-s-6409,survived,0,136.90291639260687,37.39536513723723,"MULTIPOLYGON (((136.902867583 37.39535275, 136.902890583 37.395401083, 136.902963889 37.395377417, 136.902944611 37.395329694, 136.902867583 37.39535275)))",1691.178804962059,984.0839477382735,28.049782763149892,28.049782763149892,石川県、輪島市、河井町丁字,0,0,0,8.4,multi
C:\Users\admin\Documents\GitHub\SensingRisk\sitelens\data\noto_crops\all\bldg_001631.png,20230303-49284-13461-s-6230,survived,0,136.90296434728901,37.394726972026746,"MULTIPOLYGON (((136.902922722 37.394752083, 136.903014667 37.394737972, 136.903005972 37.394701861, 136.902914028 37.394715972, 136.902922722 37.394752083)))",1700.1951847288344,1133.8389265795117,28.140704022513546,28.140704022513546,石川県、輪島市、河井町中央通,0,0,0,8.4,multi
C:\Users\admin\Documents\GitHub\SensingRisk\sitelens\data\noto_crops\all\bldg_001632.png,20230303-49284-13461-s-6095,survived,0,136.9025819427842,37.39435048718309,"MULTIPOLYGON (((136.902614722 37.394385417, 136.90260675 37.394315639, 136.90255225 37.39431375, 136.902554222 37.394384667, 136.902614722 37.394385417)))",1630.655647236455,1223.848970122697,25.224320086475927,25.224320086475927,石川県、輪島市、河井町中央通,0,0,0,8.4,multi
C:\Users\admin\Documents\GitHub\SensingRisk\sitelens\data\noto_crops\all\bldg_001633.png,20230303-49284-13461-s-6295,survived,0,136.90320582288402,37.39493146882993,"MULTIPOLYGON (((136.90312077764438 37.39499197100176, 136.90332408364438 37.394963804001755, 136.90330555564435 37.39488119300176, 136.90317938864436 37.39489672100176, 136.90317355564437 37.39487319300176, 136.90309874964436 37.394881638001756, 136.90312077764438 37.39499197100176)))",1728.818586842219,1068.1602008475827,63.00795317225993,63.00795317225993,石川県、輪島市、河井町丁字,0,0,0,8.4,multi
C:\Users\admin\Documents\GitHub\SensingRisk\sitelens\data\noto_crops\all\bldg_001634.png,20230303-49284-13461-s-5958,survived,0,136.90226908484772,37.39389094062142,"MULTIPOLYGON (((136.902240056 37.393859444, 136.902239083 37.393923222, 136.902298861 37.393922167, 136.902298333 37.393858389, 136.902240056 37.393859444)))",1573.2286547250665,1332.7010254392144,22.818987038311207,22.818987038311207,石川県、輪島市、河井町中央通,0,0,0,8.4,multi
C:\Users\admin\Documents\GitHub\SensingRisk\sitelens\data\noto_crops\all\bldg_001635.png,20230303-49284-13461-s-5985,survived,0,136.90230237483107,37.39393761905636,"MULTIPOLYGON (((136.902262139 37.3939525, 136.902344333 37.393949083, 136.902342611 37.39392275, 136.902260444 37.393926139, 136.902262139 37.3939525)))",1579.1389030668472,1321.3960837911495,23.45706454383003,23.45706454383003,石川県、輪島市、河井町中央通,0,0,0,8.4,multi
C:\Users\admin\Documents\GitHub\SensingRisk\sitelens\data\noto_crops\all\bldg_001636.png,20230303-49284-13461-s-5993,survived,0,136.90226167656988,37.39397905197762,"MULTIPOLYGON (((136.902177083 37.394004361, 136.902350139 37.393999167, 136.902346556 37.393953861, 136.902173222 37.393958833, 136.902177083 37.394004361)))",1558.5441247675155,1298.655396231932,49.46957871648988,49.46957871648988,石川県、輪島市、河井町中央通,0,0,0,8.4,multi
C:\Users\admin\Documents\GitHub\SensingRisk\sitelens\data\noto_crops\all\bldg_001637.png,20230303-49284-13461-s-6003,survived,0,136.90267746089802,37.394065809005355,"MULTIPOLYGON (((136.9027185 37.394122139, 136.902716222 37.394006778, 136.902636972 37.394009361, 136.902638056 37.394124389, 136.9027185 37.394122139)))",1640.1397664357044,1282.4024399458956,41.39502852847522,41.39502852847522,石川県、輪島市、河井町中央通,0,0,0,8.4,multi
C:\Users\admin\Documents\GitHub\SensingRisk\sitelens\data\noto_crops\all\bldg_001638.png,20230303-49284-13461-s-6004,survived,0,136.90259238560864,37.394062362349075,"MULTIPOLYGON (((136.902623889 37.394115417, 136.902618306 37.394007528, 136.902560778 37.394008, 136.902567111 37.394118861, 136.902623889 37.394115417)))",1625.3244066358584,1284.067823936606,39.18538836618745,39.18538836618745,石川県、輪島市、河井町中央通,0,0,0,8.4,multi
C:\Users\admin\Documents\GitHub\SensingRisk\sitelens\data\noto_crops\all\bldg_001639.png,20230303-49284-13461-s-6026,survived,0,136.90223097899744,37.39409356273763,"MULTIPOLYGON (((136.902183889 37.394110861, 136.902279528 37.394108083, 136.902278083 37.394076278, 136.902182444 37.394079028, 136.902183889 37.394110861)))",1563.9837176269955,1282.9598873312284,27.146653970082752,27.146653970082752,石川県、輪島市、河井町中央通,0,0,0,8.4,multi
C:\Users\admin\Documents\GitHub\SensingRisk\sitelens\data\noto_crops\all\bldg_001640.png,20230303-49284-13461-s-6052,survived,0,136.9030444895777,37.39420152425975,"MULTIPOLYGON (((136.903072472 37.394228472, 136.903067167 37.394170889, 136.903017389 37.394174111, 136.903020917 37.394231944, 136.903072472 37.394228472)))",1718.5426662431082,1260.4829597109447,21.48926092533543,21.48926092533543,石川県、輪島市、河井町中央通,0,0,0,8.4,multi
C:\Users\admin\Documents\GitHub\SensingRisk\sitelens\data\noto_crops\all\bldg_001641.png,20230303-49284-13461-s-6074,survived,0,136.90262993516257,37.394275063589475,"MULTIPOLYGON (((136.902601583 37.394302528, 136.902662111 37.394299083, 136.902657806 37.394249, 136.902599528 37.394248889, 136.902601583 37.394302528)))",1642.1272058446345,1243.8312315868984,19.928410723645584,19.928410723645584,石川県、輪島市、河井町中央通,0,0,0,8.4,multi
C:\Users\admin\Documents\GitHub\SensingRisk\sitelens\data\noto_crops\all\bldg_001642.png,20230303-49284-13461-s-6120,survived,0,136.90254471058492,37.39447908872732,"MULTIPOLYGON (((136.902459611 37.394522167, 136.902644167 37.394515417, 136.902639944 37.394442111, 136.902503917 37.394447083, 136.90250275 37.394426917, 136.902453194 37.394428722, 136.902459611 37.394522167)))",1610.079631222619,1180.4404389589135,53.39992118941427,53.39992118941427,石川県、輪島市、河井町中央通,0,0,0,8.4,multi
C:\Users\admin\Documents\GitHub\SensingRisk\sitelens\data\noto_crops\all\bldg_001643.png,20230303-49284-13461-s-6121,survived,0,136.90277246087112,37.3944674237627,"MULTIPOLYGON (((136.902813778 37.394506861, 136.902814056 37.394428167, 136.902731139 37.394428, 136.902730861 37.394506667, 136.902813778 37.394506861)))",1664.362417630266,1194.6766516794853,28.264833755140444,28.264833755140444,石川県、輪島市、河井町中央通,0,0,0,8.4,multi
C:\Users\admin\Documents\GitHub\SensingRisk\sitelens\data\noto_crops\all\bldg_001644.png,20230303-49284-13461-s-6125,survived,0,136.90238370823462,37.39446191695307,"MULTIPOLYGON (((136.902352917 37.394483167, 136.902418694 37.394478556, 136.9024145 37.394440667, 136.902348722 37.394445278, 136.902352917 37.394483167)))",1596.2436942047543,1200.3199822044653,19.565589300791544,19.565589300791544,石川県、輪島市、河井町中央通,0,0,0,8.4,multi
C:\Users\admin\Documents\GitHub\SensingRisk\sitelens\data\noto_crops\all\bldg_001645.png,20230303-49284-13461-s-6144,survived,0,136.90231114718088,37.394513662605846,"MULTIPOLYGON (((136.902251111 37.394541944, 136.902375139 37.394536861, 136.902375306 37.394486806, 136.902244972 37.394489806, 136.902251111 37.394541944)))",1574.090219338735,1179.5718212749366,36.444027837117346,36.444027837117346,石川県、輪島市、河井町中央通,0,0,0,8.4,multi
C:\Users\admin\Documents\GitHub\SensingRisk\sitelens\data\noto_crops\all\bldg_001646.png,20230303-49284-13461-s-6143,survived,0,136.90243429917462,37.39452224732231,"MULTIPOLYGON (((136.902408722 37.394552444, 136.902459528 37.394546583, 136.902453 37.394486361, 136.902426111 37.394486306, 136.902426028 37.394513139, 136.902405861 37.394513083, 136.902408722 37.394552444)))",1603.5190832323065,1184.98146537501,23.278302171582027,23.278302171582027,石川県、輪島市、河井町中央通,0,0,0,8.4,multi
C:\Users\admin\Documents\GitHub\SensingRisk\sitelens\data\noto_crops\all\bldg_001647.png,20230303-49284-13461-s-6165,destroyed,1,136.9025062782816,37.394552493190496,"MULTIPOLYGON (((136.902482611 37.394568111, 136.902535639 37.394567028, 136.902528306 37.394535306, 136.902476722 37.394539472, 136.902482611 37.394568111)))",1620.6198239644368,1180.7965692491905,16.474387258953584,16.474387258953584,石川県、輪島市、河井町中央通,0,0,0,8.4,multi
C:\Users\admin\Documents\GitHub\SensingRisk\sitelens\data\noto_crops\all\bldg_001648.png,20230303-49284-13461-s-6189,destroyed,1,136.90250488774714,37.39463142402133,"MULTIPOLYGON (((136.902528 37.394667917, 136.902523778 37.394593417, 136.902481778 37.394594917, 136.902486 37.394669444, 136.902528 37.394667917)))",1615.2368194505748,1156.948049015167,26.758890188036276,26.758890188036276,石川県、輪島市、河井町中央通,0,0,0,8.4,multi
C:\Users\admin\Documents\GitHub\SensingRisk\sitelens\data\noto_crops\all\bldg_001649.png,20230303-49284-13461-s-6214,survived,0,136.9023909078767,37.39470551374231,"MULTIPOLYGON (((136.902347528 37.394744222, 136.902442389 37.39474325, 136.902434444 37.394666333, 136.902338806 37.3946685, 136.902347528 37.394744222)))",1592.0964255453277,1137.7853981599067,30.42871838388305,30.42871838388305,石川県、輪島市、河井町中央通,0,0,0,8.4,multi
C:\Users\admin\Documents\GitHub\SensingRisk\sitelens\data\noto_crops\all\bldg_001650.png,20230303-49284-13461-s-6215,destroyed,1,136.9024804859574,37.39470597226651,"MULTIPOLYGON (((136.902500389 37.394737194, 136.902494639 37.394672806, 136.902460583 37.39467475, 136.902466333 37.394739139, 136.902500389 37.394737194)))",1612.3937478991097,1141.1632122135018,23.346935468565334,23.346935468565334,石川県、輪島市、河井町中央通,0,0,0,8.4,multi
C:\Users\admin\Documents\GitHub\SensingRisk\sitelens\data\noto_crops\all\bldg_001651.png,20230303-49284-13461-s-6217,survived,0,136.90263166804777,37.39470963170821,"MULTIPOLYGON (((136.902655611 37.394741222, 136.902651361 37.394676222, 136.902607722 37.394678056, 136.902611972 37.394743028, 136.902655611 37.394741222)))",1640.492595846115,1140.2229360601677,23.5134152068199,23.5134152068199,石川県、輪島市、河井町中央通,0,0,0,8.4,multi
C:\Users\admin\Documents\GitHub\SensingRisk\sitelens\data\noto_crops\all\bldg_001652.png,20230303-49284-13461-s-6224,survived,0,136.90180430140603,37.39471550934539,"MULTIPOLYGON (((136.901830861 37.394737222, 136.901823472 37.394689556, 136.901777694 37.394694083, 136.901785 37.394741194, 136.901830861 37.394737222)))",1488.8357219926797,1141.4533492072924,18.354185826457297,18.354185826457297,石川県、輪島市、河井町若葉，旭,0,0,0,8.4,multi
C:\Users\admin\Documents\GitHub\SensingRisk\sitelens\data\noto_crops\all\bldg_001653.png,20230303-49284-13461-s-6032,survived,0,136.90240499302982,37.39412029589674,"MULTIPOLYGON (((136.902421333 37.394149528, 136.902421528 37.394091111, 136.902388667 37.394091056, 136.902388444 37.394149472, 136.902421333 37.394149528)))",1599.702928677916,1279.9728799320128,20.580133730068383,20.580133730068383,石川県、輪島市、河井町中央通,0,0,0,8.4,multi
C:\Users\admin\Documents\GitHub\SensingRisk\sitelens\data\noto_crops\all\bldg_001654.png,20230303-49284-13461-s-6059,survived,0,136.90268975006023,37.394214013741426,"MULTIPOLYGON (((136.902709389 37.394238389, 136.902706583 37.394188333, 136.902670111 37.394189639, 136.902672917 37.394239694, 136.902709389 37.394238389)))",1654.0381995180403,1259.2331297940552,18.077306205864716,18.077306205864716,石川県、輪島市、河井町中央通,0,0,0,8.4,multi
C:\Users\admin\Documents\GitHub\SensingRisk\sitelens\data\noto_crops\all\bldg_001655.png,20230303-49284-13461-s-5970,survived,0,136.90261263533606,37.39391961602772,"MULTIPOLYGON (((136.90257566898342 37.393872871132565, 136.90257683598344 37.39396706613257, 136.90265002998342 37.393967233132564, 136.90264739098342 37.39387067713257, 136.90257566898342 37.393872871132565)))",1631.7493611213913,1320.5131875081686,33.98439239713548,33.98439239713548,石川県、輪島市、河井町中央通,0,0,0,8.4,multi
C:\Users\admin\Documents\GitHub\SensingRisk\sitelens\data\noto_crops\all\bldg_001656.png,20230303-49284-13461-s-6094,survived,0,136.90266727740448,37.394345736257876,"MULTIPOLYGON (((136.902710583 37.394379944, 136.902706361 37.394308417, 136.902623972 37.394311528, 136.902628194 37.394383056, 136.902710583 37.394379944)))",1645.0502053034638,1223.526334971894,27.674939375652002,27.674939375652002,石川県、輪島市、河井町中央通,0,0,0,8.4,multi
C:\Users\admin\Documents\GitHub\SensingRisk\sitelens\data\noto_crops\all\bldg_001657.png,20230303-49284-13461-s-5990,survived,0,136.90270758394288,37.393951977317435,"MULTIPOLYGON (((136.90266740253495 37.39397873150117, 136.90274734653494 37.39397950850117, 136.90274679153492 37.39392525850117, 136.90266909653494 37.39392389750117, 136.90266740253495 37.39397873150117)))",1655.148327445585,1318.6073245071127,22.427953233457174,22.427953233457174,石川県、輪島市、河井町中央通,0,0,0,8.4,multi
C:\Users\admin\Documents\GitHub\SensingRisk\sitelens\data\noto_crops\all\bldg_001658.png,20230303-49284-13461-s-6147,survived,0,136.9031117439926,37.39453047081021,"MULTIPOLYGON (((136.903081 37.394567639, 136.903143833 37.394549917, 136.903133806 37.394527333, 136.903166556 37.394518111, 136.903156139 37.394494611, 136.903062611 37.394521028, 136.903081 37.394567639)))",1727.6062641685724,1179.1982596112666,29.330585652155605,29.330585652155605,石川県、輪島市、河井町中央通,0,0,0,8.4,multi
C:\Users\admin\Documents\GitHub\SensingRisk\sitelens\data\noto_crops\all\bldg_001659.png,20230303-49284-13461-s-5983,survived,0,136.90243789922013,37.39396964648568,"MULTIPOLYGON (((136.902362083 37.394001583, 136.902559306 37.394000833, 136.902559389 37.393978194, 136.902511556 37.393979278, 136.902507194 37.393947083, 136.90242225 37.393950083, 136.902420639 37.393919444, 136.902357889 37.393920528, 136.902362083 37.394001583)))",1591.8228977892134,1299.5822308016022,56.34348373413104,56.34348373413104,石川県、輪島市、河井町中央通,0,0,0,8.4,multi
C:\Users\admin\Documents\GitHub\SensingRisk\sitelens\data\noto_crops\all\bldg_001660.png,20230303-49284-13461-s-6184,survived,0,136.90310693205961,37.3946124248509,"MULTIPOLYGON (((136.903139556 37.39464675, 136.903112417 37.39456925, 136.90307425 37.39457775, 136.903101611 37.394655917, 136.903139556 37.39464675)))",1725.5879058322926,1159.4979226098778,30.50380438401612,30.50380438401612,石川県、輪島市、河井町中央通,0,0,0,8.4,multi
C:\Users\admin\Documents\GitHub\SensingRisk\sitelens\data\noto_crops\all\bldg_001661.png,20230303-49284-13461-s-6113,survived,0,136.90239599369576,37.39441472650931,"MULTIPOLYGON (((136.902351583 37.394434278, 136.902444222 37.394432111, 136.902441389 37.394396333, 136.90234875 37.394396139, 136.902351583 37.394434278)))",1595.0605276478661,1207.7146812418118,26.695906103981997,26.695906103981997,石川県、輪島市、河井町中央通,0,0,0,8.4,multi
C:\Users\admin\Documents\GitHub\SensingRisk\sitelens\data\noto_crops\all\bldg_001662.png,20230303-49284-13461-s-6065,destroyed,1,136.90223346230206,37.39422822912459,"MULTIPOLYGON (((136.902196111 37.394251556, 136.902272306 37.394249944, 136.902270806 37.394204889, 136.902194611 37.394206528, 136.902196111 37.394251556)))",1567.1554037094118,1254.0751815949218,21.725096612506377,21.725096612506377,石川県、輪島市、河井町中央通,0,0,0,8.4,multi
C:\Users\admin\Documents\GitHub\SensingRisk\sitelens\data\noto_crops\all\bldg_001663.png,20230303-49284-13461-s-6076,survived,0,136.9029042501531,37.394268333250494,"MULTIPOLYGON (((136.902879556 37.394281694, 136.902928861 37.394281806, 136.902928944 37.394254972, 136.902879639 37.394254861, 136.902879556 37.394281694)))",1696.1576078891756,1248.6209917150825,13.809885729683629,13.809885729683629,石川県、輪島市、河井町中央通,0,0,0,8.4,multi
C:\Users\admin\Documents\GitHub\SensingRisk\sitelens\data\noto_crops\all\bldg_001664.png,20230303-49284-13461-s-6057,survived,0,136.90263009636496,37.3942141427921,"MULTIPOLYGON (((136.90259825 37.394186306, 136.902601778 37.394243528, 136.902662306 37.394241861, 136.902658028 37.394184639, 136.90259825 37.394186306)))",1641.323915535391,1257.5888050803055,21.333105509452253,21.333105509452253,石川県、輪島市、河井町中央通,0,0,0,8.4,multi
C:\Users\admin\Documents\GitHub\SensingRisk\sitelens\data\noto_crops\all\bldg_001665.png,20230303-49284-13461-s-6017,survived,0,136.90235504229705,37.3940665334899,"MULTIPOLYGON (((136.9023095 37.394086111, 136.902403611 37.394085139, 136.902398389 37.394046417, 136.902308139 37.394047944, 136.9023095 37.394086111)))",1587.490088552899,1289.5923260909185,26.695906098683736,26.695906098683736,石川県、輪島市、河井町中央通,0,0,0,8.4,multi
C:\Users\admin\Documents\GitHub\SensingRisk\sitelens\data\noto_crops\all\bldg_001666.png,20230303-49284-13461-s-6700,destroyed,1,136.9029321805,37.396641097,"MULTIPOLYGON (((136.902996722 37.396667611, 136.902916333 37.396584583, 136.902867639 37.396614583, 136.902948028 37.396697611, 136.902996722 37.396667611)))",1687.4363869431393,677.939030685893,41.6655727698851,41.6655727698851,石川県、輪島市、河井町本町二,1,0,0,8.4,multi
C:\Users\admin\Documents\GitHub\SensingRisk\sitelens\data\noto_crops\all\bldg_001667.png,20230303-49284-13461-s-6254,survived,0,136.90297238956396,37.394810613891025,"MULTIPOLYGON (((136.903023611 37.394838694, 136.902999222 37.394766806, 136.902921139 37.394783667, 136.902944806 37.394853444, 136.903023611 37.394838694)))",1699.5863352389172,1112.2223111655876,32.351271923839704,32.351271923839704,石川県、輪島市、河井町中央通,0,0,0,8.4,multi
C:\Users\admin\Documents\GitHub\SensingRisk\sitelens\data\noto_crops\all\bldg_001668.png,20230303-49284-13461-s-6628,destroyed,1,136.90299319922576,37.39622053434604,"MULTIPOLYGON (((136.902971222 37.396263167, 136.903050583 37.396212083, 136.903014861 37.396178611, 136.902936528 37.396227556, 136.902971222 37.396263167)))",1703.0994611218416,780.7601551037134,33.22168290187733,33.22168290187733,石川県、輪島市、河井町本町二,1,0,0,8.4,multi
C:\Users\admin\Documents\GitHub\SensingRisk\sitelens\data\noto_crops\all\bldg_001669.png,20230303-49284-13461-s-6698,destroyed,1,136.90303084955875,37.3966163553047,"MULTIPOLYGON (((136.902961417 37.396614944, 136.903012389 37.396666167, 136.903097 37.396616306, 136.903056833 37.396567333, 136.902961417 37.396614944)))",1706.8076876818068,684.9358725679057,39.09763160435523,39.09763160435523,石川県、輪島市、河井町本町二,1,0,0,8.4,multi
C:\Users\admin\Documents\GitHub\SensingRisk\sitelens\data\noto_crops\all\bldg_001670.png,20230303-49284-13461-s-6407,survived,0,136.90303594398873,37.395383618646854,"MULTIPOLYGON (((136.903104194 37.395417056, 136.903020833 37.395322694, 136.902966944 37.395352972, 136.903054028 37.395444361, 136.903104194 37.395417056)))",1705.2167727062845,971.5272222824714,44.65082783373009,44.65082783373009,石川県、輪島市、河井町丁字,0,0,0,8.4,multi
C:\Users\admin\Documents\GitHub\SensingRisk\sitelens\data\noto_crops\all\bldg_001671.png,20230303-49284-13461-s-6387,survived,0,136.9030164427948,37.39527717082508,"MULTIPOLYGON (((136.902988806 37.395297, 136.903053833 37.395285806, 136.903044972 37.395258389, 136.902979917 37.395267111, 136.902988806 37.395297)))",1713.7231666300033,1008.351482021665,20.66841163105437,20.66841163105437,石川県、輪島市、河井町丁字,0,0,0,8.4,multi
C:\Users\admin\Documents\GitHub\SensingRisk\sitelens\data\noto_crops\all\bldg_001672.png,20230303-49284-13461-s-6398,survived,0,136.90305618037866,37.395327166584934,"MULTIPOLYGON (((136.903088472 37.395348917, 136.903040833 37.39529575, 136.903023889 37.395305417, 136.903071528 37.395358583, 136.903088472 37.395348917)))",1720.2242641676235,995.9172078655625,22.320369076311863,22.320369076311863,石川県、輪島市、河井町丁字,0,0,0,8.4,multi
C:\Users\admin\Documents\GitHub\SensingRisk\sitelens\data\noto_crops\all\bldg_001673.png,20230303-49284-13461-s-6655,destroyed,1,136.9030657495292,37.396337745019075,"MULTIPOLYGON (((136.903106889 37.3963475, 136.903060722 37.396304889, 136.903025528 37.396327056, 136.903068722 37.396370667, 136.903106889 37.3963475)))",1720.7638927441114,757.4538130058402,24.97982129892887,24.97982129892887,石川県、輪島市、河井町本町二,1,0,0,8.4,multi
C:\Users\admin\Documents\GitHub\SensingRisk\sitelens\data\noto_crops\all\bldg_001675.png,20230303-49284-13461-s-6648,destroyed,1,136.9031201142296,37.39630254394719,"MULTIPOLYGON (((136.903160833 37.39631125, 136.903119139 37.39626825, 136.903078694 37.396295583, 136.903122639 37.396336194, 136.903160833 37.39631125)))",1730.4475109431503,765.4970486737524,25.579336073658737,25.579336073658737,石川県、輪島市、河井町本町二,1,0,0,8.4,multi
C:\Users\admin\Documents\GitHub\SensingRisk\sitelens\data\noto_crops\all\bldg_001676.png,20230303-49284-13461-s-6449,survived,0,136.90313746280492,37.39549788733768,"MULTIPOLYGON (((136.903175472 37.395509583, 136.903136778 37.395465389, 136.903099444 37.395486194, 136.903138167 37.395530389, 136.903175472 37.395509583)))",1734.4498773953655,954.9326299117062,24.17159091472513,24.17159091472513,石川県、輪島市、河井町丁字,0,0,0,8.4,multi
C:\Users\admin\Documents\GitHub\SensingRisk\sitelens\data\noto_crops\all\bldg_001678.png,20230303-49284-13461-s-6352,survived,0,136.90311096671172,37.39509996268003,"MULTIPOLYGON (((136.90309776632353 37.395117059139, 136.90312915532354 37.395115947139, 136.90312476632354 37.395082559139, 136.90309190532352 37.395084864139, 136.90309776632353 37.395117059139)))",1735.28326561723,1054.192650892525,12.465449041647616,12.465449041647616,石川県、輪島市、河井町丁字,0,0,0,8.4,multi
C:\Users\admin\Documents\GitHub\SensingRisk\sitelens\data\noto_crops\all\bldg_001680.png,20230303-49284-13461-s-6344,survived,0,136.90326239434833,37.395101998627055,"MULTIPOLYGON (((136.9032364226738 37.39514346697318, 136.9033522556738 37.39513538397318, 136.90333683867382 37.39505907797318, 136.90316197767382 37.39507774497318, 136.90316925567382 37.39513021697318, 136.90323053367382 37.395124383973176, 136.9032364226738 37.39514346697318)))",1742.238873826133,1033.4792206490097,53.20558509826651,53.20558509826651,石川県、輪島市、河井町丁字,0,0,0,8.4,multi
C:\Users\admin\Documents\GitHub\SensingRisk\sitelens\data\noto_crops\all\bldg_001681.png,20230303-49284-13461-s-6667,destroyed,1,136.9032057431378,37.39639151476316,"MULTIPOLYGON (((136.903197056 37.396417444, 136.903237472 37.3963925, 136.903217417 37.396365639, 136.9031725 37.396390556, 136.903197056 37.396417444)))",1749.2346264113007,747.4392765599521,19.778356045679516,19.778356045679516,石川県、輪島市、河井町本町二,1,0,0,8.4,multi
C:\Users\admin\Documents\GitHub\SensingRisk\sitelens\data\noto_crops\all\bldg_001682.png,20230303-49284-13461-s-6389,survived,0,136.90323087191646,37.395260727240924,"MULTIPOLYGON (((136.9032441663289 37.3952803124942, 136.9032362773289 37.395238395494204, 136.9032175553289 37.3952406174942, 136.9032256393289 37.3952835624942, 136.9032441663289 37.3952803124942)))",1755.998606560069,1014.6592611669201,15.8972311547642,15.8972311547642,石川県、輪島市、河井町丁字,0,0,0,8.4,multi
C:\Users\admin\Documents\GitHub\SensingRisk\sitelens\data\noto_crops\all\bldg_001683.png,20230303-49284-13461-s-6324,survived,0,136.90327725262358,37.39500205020696,"MULTIPOLYGON (((136.9032175443101 37.39501668078727, 136.90328332231013 37.39500920878727, 136.90328518331012 37.39501973678727, 136.90332960031012 37.39501468078727, 136.90332404431012 37.39498340278727, 136.90321568331012 37.39499568078727, 136.9032175443101 37.39501668078727)))",1755.8090105851493,1067.5498740103653,31.853501918580605,31.853501918580605,石川県、輪島市、河井町丁字,0,0,0,8.4,multi
C:\Users\admin\Documents\GitHub\SensingRisk\sitelens\data\noto_crops\all\bldg_001684.png,20230303-49284-13461-s-6201,survived,0,136.90327026512054,37.394658487844595,"MULTIPOLYGON (((136.903244944 37.39468425, 136.90330625 37.394672444, 136.90329425 37.394632694, 136.903235472 37.394644, 136.903244944 37.39468425)))",1761.2032442039965,1153.781824959889,20.401100550747287,20.401100550747287,石川県、輪島市、河井町中央通,0,0,0,8.4,multi
C:\Users\admin\Documents\GitHub\SensingRisk\sitelens\data\noto_crops\all\bldg_001687.png,20230303-49284-13461-s-6146,destroyed,1,136.9032271396163,37.394521630200394,"MULTIPOLYGON (((136.903177611 37.394506472, 136.903194611 37.394555972, 136.903276861 37.394535889, 136.903260361 37.394487972, 136.903177611 37.394506472)))",1749.395349322425,1182.135090918985,27.75231146282613,27.75231146282613,石川県、輪島市、河井町中央通,0,0,0,8.4,multi
C:\Users\admin\Documents\GitHub\SensingRisk\sitelens\data\noto_crops\all\bldg_001688.png,20230303-49284-13461-s-6503,survived,0,136.90296941210963,37.39572509120869,"MULTIPOLYGON (((136.902967778 37.395687472, 136.902924611 37.395708722, 136.90296925 37.395763056, 136.903015083 37.395739833, 136.902967778 37.395687472)))",1701.115889110753,899.4914747445803,28.34965746948012,28.34965746948012,石川県、輪島市、河井町丁字,0,0,0,8.4,multi
C:\Users\admin\Documents\GitHub\SensingRisk\sitelens\data\noto_crops\all\bldg_001689.png,20230303-49284-13461-s-6513,survived,0,136.90305440389224,37.3957991782059,"MULTIPOLYGON (((136.90307125 37.395858056, 136.903120667 37.395829556, 136.903035833 37.395738778, 136.902989389 37.395770861, 136.90307125 37.395858056)))",1709.4747982856165,874.8066006337284,43.38961769543789,43.38961769543789,石川県、輪島市、河井町丁字,0,0,0,8.4,multi
C:\Users\admin\Documents\GitHub\SensingRisk\sitelens\data\noto_crops\all\bldg_001690.png,20230303-49284-13461-s-6673,destroyed,1,136.9031892384667,37.39650734544157,"MULTIPOLYGON (((136.903117167 37.396613361, 136.903342444 37.396498833, 136.903250167 37.396396111, 136.903139389 37.396457833, 136.903182167 37.396507972, 136.903228889 37.396481222, 136.903242111 37.396495917, 136.903183778 37.396529278, 136.903132278 37.396471944, 136.903033833 37.39652825, 136.903117167 37.396613361)))",1712.391615503445,687.176485703977,87.18317460202877,87.18317460202877,石川県、輪島市、河井町本町二,1,0,0,8.4,multi
C:\Users\admin\Documents\GitHub\SensingRisk\sitelens\data\noto_crops\all\bldg_001691.png,20230303-49284-13461-s-6475,survived,0,136.9030816048085,37.39567080278476,"MULTIPOLYGON (((136.90325182779776 37.39571532890001, 136.90314932779776 37.39560718990001, 136.90310957779778 37.395631189900016, 136.90302102279776 37.39553777290001, 136.90291149479776 37.39560613390001, 136.90310652279777 37.39580207890001, 136.90325182779776 37.39571532890001)))",1685.161286078393,875.6779149879729,101.94625520739419,101.94625520739419,石川県、輪島市、河井町丁字,0,0,0,8.4,multi
C:\Users\admin\Documents\GitHub\SensingRisk\sitelens\data\noto_crops\all\bldg_001694.png,20230303-49284-13461-s-6563,destroyed,1,136.90321420030975,37.39598148191213,"MULTIPOLYGON (((136.903194333 37.395914972, 136.903131472 37.395948806, 136.903239444 37.396049167, 136.903294833 37.396015333, 136.903194333 37.395914972)))",1735.3192323100466,828.0815807418652,50.653836123434075,50.653836123434075,石川県、輪島市、河井町本町三,0,0,0,8.4,multi
C:\Users\admin\Documents\GitHub\SensingRisk\sitelens\data\noto_crops\all\bldg_001697.png,20230303-49284-13461-s-6664,destroyed,1,136.90302470490226,37.396430798277,"MULTIPOLYGON (((136.903028639 37.396508861, 136.903116222 37.396455417, 136.903023194 37.396355056, 136.902931889 37.396402556, 136.903028639 37.396508861)))",1696.5380774983232,718.9870211135635,57.715674324473184,57.715674324473184,石川県、輪島市、河井町本町二,1,0,0,8.4,multi
C:\Users\admin\Documents\GitHub\SensingRisk\sitelens\data\noto_crops\all\bldg_001699.png,20230303-49284-13461-s-6597,destroyed,1,136.90292664693595,37.39614418565975,"MULTIPOLYGON (((136.902947556 37.396193972, 136.902962472 37.396205306, 136.903011889 37.396172639, 136.902928556 37.396071139, 136.9028395 37.396122194, 136.902918361 37.396209389, 136.902947556 37.396193972)))",1680.7278460990892,789.9568994321398,52.66449839045492,52.66449839045492,石川県、輪島市、河井町本町二,1,0,0,8.4,multi
C:\Users\admin\Documents\GitHub\SensingRisk\sitelens\data\noto_crops\all\bldg_001700.png,20230303-49284-13461-s-6638,destroyed,1,136.9029156725149,37.39630150372637,"MULTIPOLYGON (((136.9030085 37.396334056, 136.902904639 37.396226583, 136.90286675 37.396249889, 136.90286 37.396242917, 136.902821806 37.396266389, 136.90292975 37.396378111, 136.9030085 37.396334056)))",1676.3658235381429,749.5281925141961,57.45838745626156,57.45838745626156,石川県、輪島市、河井町本町二,1,0,0,8.4,multi
C:\Users\admin\Documents\GitHub\SensingRisk\sitelens\data\noto_crops\all\bldg_001701.png,20230303-49284-13461-s-6686,destroyed,1,136.90297106347725,37.396544123860224,"MULTIPOLYGON (((136.902953333 37.39652375, 136.902914972 37.396543167, 136.902967056 37.396596917, 136.903029222 37.396556528, 136.902964472 37.396486056, 136.902935278 37.3965015, 136.902953333 37.39652375)))",1696.001716031718,702.4363657848642,39.41686442013395,39.41686442013395,石川県、輪島市、河井町本町二,1,0,0,8.4,multi
C:\Users\admin\Documents\GitHub\SensingRisk\sitelens\data\noto_crops\all\bldg_001702.png,20230303-49284-13461-s-6634,destroyed,1,136.90303590396238,37.39626431157736,"MULTIPOLYGON (((136.903056556 37.396216861, 136.902968222 37.396269694, 136.903005444 37.396305556, 136.903029417 37.396290694, 136.903041306 37.396302639, 136.903099722 37.396263444, 136.903056556 37.396216861)))",1708.8594517072042,769.5252454755173,36.77006507449687,36.77006507449687,石川県、輪島市、河井町本町二,1,0,0,8.4,multi
C:\Users\admin\Documents\GitHub\SensingRisk\sitelens\data\noto_crops\all\bldg_001703.png,20230303-49284-13461-s-6677,destroyed,1,136.90290386714867,37.396469724922724,"MULTIPOLYGON (((136.902970806 37.396476056, 136.902918389 37.396418, 136.902837556 37.396459556, 136.902889639 37.396523444, 136.902970806 37.396476056)))",1682.8622308048032,718.5617879825176,40.374914841038276,40.374914841038276,石川県、輪島市、河井町本町二,1,0,0,8.4,multi
C:\Users\admin\Documents\GitHub\SensingRisk\sitelens\data\noto_crops\all\bldg_001704.png,20230303-49284-13461-s-6440,survived,0,136.90325978712653,37.395502103451,"MULTIPOLYGON (((136.903277 37.395558722, 136.903265861 37.395546167, 136.903352694 37.395493917, 136.903289889 37.395432139, 136.903169639 37.395498278, 136.903240333 37.395580083, 136.903277 37.395558722)))",1741.5013637084508,936.9939394987537,56.19048997188759,56.19048997188759,石川県、輪島市、河井町丁字,0,0,0,8.4,multi
C:\Users\admin\Documents\GitHub\SensingRisk\sitelens\data\noto_crops\all\bldg_001705.png,20230303-49284-13461-s-6489,survived,0,136.90327496620898,37.39568013243274,"MULTIPOLYGON (((136.903325806 37.395706056, 136.903266278 37.395634389, 136.903222861 37.395658139, 136.903288 37.395725639, 136.903325806 37.395706056)))",1755.306644329191,907.5394619497969,33.488942128895474,33.488942128895474,石川県、輪島市、河井町丁字,0,0,0,8.4,multi
C:\Users\admin\Documents\GitHub\SensingRisk\sitelens\data\noto_crops\all\bldg_001706.png,20230303-49284-13461-s-6471,survived,0,136.90318927329412,37.39558293126079,"MULTIPOLYGON (((136.903240556 37.395591361, 136.903191417 37.395541194, 136.903138 37.3955745, 136.903187111 37.395624667, 136.903240556 37.395591361)))",1740.38638125123,931.254729440727,31.618479498332135,31.618479498332135,石川県、輪島市、河井町丁字,0,0,0,8.4,multi
C:\Users\admin\Documents\GitHub\SensingRisk\sitelens\data\noto_crops\all\bldg_001707.png,20230303-49284-13461-s-6525,survived,0,136.90289099670503,37.395812236805874,"MULTIPOLYGON (((136.90300112563563 37.39585537618911, 136.90292223663562 37.39576376518911, 136.9028862926356 37.39578157018911, 136.9028297646356 37.39571587618911, 136.90277737563562 37.39574137618911, 136.90290682063562 37.39590259818911, 136.90300112563563 37.39585537618911)))",1665.2345071709808,858.930560363172,70.06391881373406,70.06391881373406,石川県、輪島市、河井町丁字,0,0,0,8.4,multi
C:\Users\admin\Documents\GitHub\SensingRisk\sitelens\data\noto_crops\all\bldg_001708.png,20230303-49284-13461-s-6573,survived,0,136.90308637914558,37.39603885345049,"MULTIPOLYGON (((136.903073306 37.3961245, 136.903163167 37.396068667, 136.903151028 37.39605625, 136.903171111 37.396043778, 136.903133722 37.3960055, 136.903157194 37.395990917, 136.903118444 37.395951222, 136.902986722 37.396033056, 136.903073306 37.3961245)))",1704.4770152819842,809.171641200128,62.29146202682978,62.29146202682978,石川県、輪島市、河井町本町三,0,0,0,8.4,multi
C:\Users\admin\Documents\GitHub\SensingRisk\sitelens\data\noto_crops\all\bldg_001709.png,20230303-49284-13461-s-6219,survived,0,136.9022768947014,37.39472101038625,"MULTIPOLYGON (((136.902307694 37.394748694, 136.90229225 37.394686083, 136.902246083 37.394693333, 136.902261556 37.394755944, 136.902307694 37.394748694)))",1573.8195557157965,1137.0130682660724,24.58867017677676,24.58867017677676,石川県、輪島市、河井町中央通,0,0,0,8.4,multi
C:\Users\admin\Documents\GitHub\SensingRisk\sitelens\data\noto_crops\all\bldg_001710.png,20230303-49284-13461-s-6228,survived,0,136.90160789676202,37.39473270290565,"MULTIPOLYGON (((136.901542861 37.394767444, 136.901681111 37.394749306, 136.901663389 37.394695028, 136.901588639 37.394704389, 136.901585611 37.394715111, 136.901530306 37.394725111, 136.901542861 37.394767444)))",1439.9128032631345,1125.8246905009482,42.16813430786124,42.16813430786124,石川県、輪島市、河井町若葉，旭,0,0,0,8.4,multi
C:\Users\admin\Documents\GitHub\SensingRisk\sitelens\data\noto_crops\all\bldg_001711.png,20230303-49284-13461-s-6247,survived,0,136.9023154684078,37.39477841702251,"MULTIPOLYGON (((136.902245694 37.394809556, 136.902350306 37.39480025, 136.902347472 37.394779833, 136.902376472 37.394777278, 136.902378778 37.394793694, 136.902407806 37.394791111, 136.902403944 37.394763444, 136.902382583 37.394765361, 136.902380333 37.394749278, 136.902238944 37.394761861, 136.902245694 37.394809556)))",1571.170983754264,1111.994768562928,47.21723747253418,47.21723747253418,石川県、輪島市、河井町中央通,0,0,0,8.4,multi
C:\Users\admin\Documents\GitHub\SensingRisk\sitelens\data\noto_crops\all\bldg_001712.png,20230303-49284-13461-s-6249,survived,0,136.90183638376084,37.394796189069055,"MULTIPOLYGON (((136.901864639 37.394826, 136.901845472 37.394752639, 136.901815583 37.394754944, 136.901826917 37.394794583, 136.901808722 37.394797944, 136.901819 37.394833472, 136.901864639 37.394826)))",1489.82795342576,1118.1779800815357,28.4504369582437,28.4504369582437,石川県、輪島市、河井町若葉，旭,0,0,0,8.4,multi
C:\Users\admin\Documents\GitHub\SensingRisk\sitelens\data\noto_crops\all\bldg_001713.png,20230303-49284-13461-s-6260,survived,0,136.9015486216619,37.39480867832745,"MULTIPOLYGON (((136.901495528 37.394803889, 136.901506 37.394832944, 136.901598722 37.394815861, 136.901591361 37.394783056, 136.901495528 37.394803889)))",1435.6485475911036,1114.4689981921288,28.855133793088953,28.855133793088953,石川県、輪島市、河井町若葉，旭,0,0,0,8.4,multi
C:\Users\admin\Documents\GitHub\SensingRisk\sitelens\data\noto_crops\all\bldg_001714.png,manual,survived,0,136.90233555239564,37.394923743735085,"MULTIPOLYGON (((136.90228598383146 37.394975466478925, 136.90227331227825 37.39488342398082, 136.90238192559164 37.394874794990834, 136.9024036482543 37.394958208519135, 136.90228598383146 37.394975466478925)))",1578.138830204663,1081.9559726033356,38.91319601564123,38.91319601564123,石川県、輪島市、河井町中央通,0,0,0,8.4,multi
C:\Users\admin\Documents\GitHub\SensingRisk\sitelens\data\noto_crops\all\bldg_001715.png,20230303-49284-13461-s-6288,survived,0,136.9016033365516,37.394916143755786,"MULTIPOLYGON (((136.901557167 37.394948111, 136.901655167 37.394907778, 136.90164 37.394884306, 136.901595 37.394902806, 136.90159925 37.394909361, 136.901545361 37.3949315, 136.901557167 37.394948111)))",1444.6299505551656,1088.1541257318809,30.703982999589698,30.703982999589698,石川県、輪島市、河井町若葉，旭,0,0,0,8.4,multi
C:\Users\admin\Documents\GitHub\SensingRisk\sitelens\data\noto_crops\all\bldg_001716.png,20230303-49284-13461-s-6293,survived,0,136.90213194735153,37.39494483528174,"MULTIPOLYGON (((136.90218525 37.394996583, 136.902164694 37.394896417, 136.902072028 37.394903361, 136.90208675 37.394972528, 136.902127444 37.394968167, 136.902131444 37.395003611, 136.90218525 37.394996583)))",1539.260271529383,1076.3559585958533,38.43581891849317,38.43581891849317,石川県、輪島市、河井町若葉，旭,0,0,0,8.4,multi
C:\Users\admin\Documents\GitHub\SensingRisk\sitelens\data\noto_crops\all\bldg_001717.png,20230303-49284-13461-s-6294,survived,0,136.90174306657852,37.39493444085991,"MULTIPOLYGON (((136.901781694 37.394952056, 136.901760972 37.394901944, 136.901704417 37.394916833, 136.901725194 37.394966944, 136.901781694 37.394952056)))",1474.4411439584505,1087.0682082229748,24.318125935366652,24.318125935366652,石川県、輪島市、河井町若葉，旭,0,0,0,8.4,multi
C:\Users\admin\Documents\GitHub\SensingRisk\sitelens\data\noto_crops\all\bldg_001718.png,20230303-49284-13461-s-6298,survived,0,136.90162705399086,37.394964931955,"MULTIPOLYGON (((136.901556361 37.394960028, 136.901581611 37.395007167, 136.901696778 37.394972861, 136.901670056 37.394920917, 136.901556361 37.394960028)))",1445.2539231777191,1072.6505660829075,39.26343898773189,39.26343898773189,石川県、輪島市、河井町若葉，旭,0,0,0,8.4,multi
C:\Users\admin\Documents\GitHub\SensingRisk\sitelens\data\noto_crops\all\bldg_001719.png,20230303-49284-13461-s-6313,survived,0,136.9018950860628,37.39506420998618,"MULTIPOLYGON (((136.901960806 37.395098, 136.90193175 37.3950735, 136.901951944 37.395061028, 136.901922167 37.395032944, 136.901896194 37.394984028, 136.901859556 37.394995861, 136.901882556 37.395047694, 136.901833917 37.395064944, 136.901868806 37.395127611, 136.901960806 37.395098)))",1490.0967903711785,1045.479129317486,50.536279605815025,50.536279605815025,石川県、輪島市、河井町若葉，旭,0,0,0,8.4,multi
C:\Users\admin\Documents\GitHub\SensingRisk\sitelens\data\noto_crops\all\bldg_001720.png,20230303-49284-13461-s-6338,survived,0,136.9016357395947,37.39509429752177,"MULTIPOLYGON (((136.90162675 37.395122306, 136.901670889 37.3951075, 136.901647111 37.395066917, 136.901599278 37.395081111, 136.90162675 37.395122306)))",1455.7736577291512,1050.9458593253253,21.398219152446018,21.398219152446018,石川県、輪島市、河井町若葉，旭,0,0,0,8.4,multi
C:\Users\admin\Documents\GitHub\SensingRisk\sitelens\data\noto_crops\all\bldg_001721.png,20230303-49284-13461-s-6341,survived,0,136.90287422278325,37.39509464585945,"MULTIPOLYGON (((136.902825833 37.395113639, 136.902925972 37.395106722, 136.902922583 37.395075639, 136.902822472 37.395082583, 136.902825833 37.395113639)))",1682.9945770422619,1047.1681673978455,28.94069760110642,28.94069760110642,石川県、輪島市、河井町丁字,0,0,0,8.4,multi
C:\Users\admin\Documents\GitHub\SensingRisk\sitelens\data\noto_crops\all\bldg_001722.png,20230303-49284-13461-s-6356,survived,0,136.90267200330095,37.39516416293579,"MULTIPOLYGON (((136.902651472 37.395201472, 136.902707528 37.395192083, 136.902692806 37.395126472, 136.902636 37.395137056, 136.902651472 37.395201472)))",1646.525308465842,1032.17125056711,26.39742149270205,26.39742149270205,石川県、輪島市、河井町丁字,0,0,0,8.4,multi
C:\Users\admin\Documents\GitHub\SensingRisk\sitelens\data\noto_crops\all\bldg_001723.png,20230303-49284-13461-s-6383,survived,0,136.9025046710064,37.39529384288273,"MULTIPOLYGON (((136.902449222 37.395352417, 136.902549444 37.395318667, 136.902538333 37.395295389, 136.902607139 37.395275278, 136.902595278 37.395244278, 136.902557111 37.395255222, 136.902551083 37.395243861, 136.902415417 37.395289556, 136.902449222 37.395352417)))",1603.0025820838082,987.0838353776805,53.60935676362783,53.60935676362783,石川県、輪島市、河井町丁字,0,0,0,8.4,multi
C:\Users\admin\Documents\GitHub\SensingRisk\sitelens\data\noto_crops\all\bldg_001724.png,20230303-49284-13461-s-6386,survived,0,136.90179912953977,37.39532833217706,"MULTIPOLYGON (((136.901867111 37.395391639, 136.90177125 37.395251972, 136.901731583 37.395266167, 136.90182675 37.395404083, 136.901867111 37.395391639)))",1470.3247818783448,980.1064429289995,53.53784241765243,53.53784241765243,石川県、輪島市、河井町伊右エ門,0,0,0,8.4,multi
C:\Users\admin\Documents\GitHub\SensingRisk\sitelens\data\noto_crops\all\bldg_001725.png,20230303-49284-13461-s-6390,destroyed,1,136.90172902350693,37.39532064454448,"MULTIPOLYGON (((136.901783583 37.395352111, 136.901722611 37.395267944, 136.901675222 37.395289111, 136.901733833 37.395372667, 136.901783583 37.395352111)))",1465.4122469631147,990.0444268535095,37.28571259300338,37.28571259300338,石川県、輪島市、河井町伊右エ門,0,0,0,8.4,multi
C:\Users\admin\Documents\GitHub\SensingRisk\sitelens\data\noto_crops\all\bldg_001726.png,20230303-49284-13461-s-6413,survived,0,136.90210043055907,37.39537189027529,"MULTIPOLYGON (((136.902094944 37.395398722, 136.902133111 37.395383917, 136.902109278 37.395344833, 136.902065583 37.395361806, 136.902094944 37.395398722)))",1542.7341422596423,986.3260860592411,20.567228325436645,20.567228325436645,石川県、輪島市、河井町伊右エ門,0,0,0,8.4,multi
C:\Users\admin\Documents\GitHub\SensingRisk\sitelens\data\noto_crops\all\bldg_001727.png,20230303-49284-13461-s-6421,survived,0,136.90219882562806,37.39540880081892,"MULTIPOLYGON (((136.902239306 37.395426944, 136.902204639 37.395372417, 136.902158472 37.395391111, 136.902192667 37.395444833, 136.902239306 37.395426944)))",1558.3359512125796,974.7258858361128,26.475557865961605,26.475557865961605,石川県、輪島市、河井町伊右エ門,0,0,0,8.4,multi
C:\Users\admin\Documents\GitHub\SensingRisk\sitelens\data\noto_crops\all\bldg_001728.png,20230303-49284-13461-s-6425,survived,0,136.9025206670697,37.39540432401442,"MULTIPOLYGON (((136.902487833 37.395425222, 136.902561111 37.395400944, 136.902552167 37.39538375, 136.902481472 37.395407167, 136.902487833 37.395425222)))",1620.5395729541779,977.8005160278217,22.26867841614626,22.26867841614626,石川県、輪島市、河井町丁字,0,0,0,8.4,multi
C:\Users\admin\Documents\GitHub\SensingRisk\sitelens\data\noto_crops\all\bldg_001729.png,20230303-49284-13461-s-6432,survived,0,136.90233666426946,37.39544942692873,"MULTIPOLYGON (((136.902373222 37.395402417, 136.902265889 37.395448111, 136.902303056 37.39549575, 136.902405111 37.395452222, 136.902373222 37.395402417)))",1577.5752199278938,959.005684360943,38.929292768902314,38.929292768902314,石川県、輪島市、河井町伊右エ門,0,0,0,8.4,multi
C:\Users\admin\Documents\GitHub\SensingRisk\sitelens\data\noto_crops\all\bldg_001730.png,20230303-49284-13461-s-6434,destroyed,1,136.9015190173928,37.395466594052515,"MULTIPOLYGON (((136.901444861 37.395437194, 136.901512528 37.395527944, 136.901592583 37.395491167, 136.901531306 37.395409111, 136.901494611 37.395427806, 136.901485556 37.395416639, 136.901444861 37.395437194)))",1422.1741904738587,951.300696678657,45.21444211475591,45.21444211475591,石川県、輪島市、河井町伊右エ門,1,0,0,8.4,multi
C:\Users\admin\Documents\GitHub\SensingRisk\sitelens\data\noto_crops\all\bldg_001731.png,20230303-49284-13461-s-6446,survived,0,136.90276427714508,37.39550258894684,"MULTIPOLYGON (((136.902750361 37.395550389, 136.902818417 37.395524917, 136.902799194 37.395464056, 136.902766306 37.395474722, 136.902757389 37.395460389, 136.902703528 37.395479361, 136.902750361 37.395550389)))",1659.0552239653387,947.9601323193787,34.59692990046426,34.59692990046426,石川県、輪島市、河井町丁字,0,0,0,8.4,multi
C:\Users\admin\Documents\GitHub\SensingRisk\sitelens\data\noto_crops\all\bldg_001732.png,20230303-49284-13461-s-6467,destroyed,1,136.90157550887866,37.39554811983525,"MULTIPOLYGON (((136.90162 37.395555611, 136.901582778 37.395516722, 136.901531889 37.395541694, 136.901566139 37.395578722, 136.90162 37.395555611)))",1443.0058287390277,942.8827936075304,24.885259870382356,24.885259870382356,石川県、輪島市、河井町伊右エ門,1,0,0,8.4,multi
C:\Users\admin\Documents\GitHub\SensingRisk\sitelens\data\noto_crops\all\bldg_001733.png,20230303-49284-13461-s-6474,destroyed,1,136.90242194081426,37.3955831445841,"MULTIPOLYGON (((136.90239525 37.39561575, 136.902471583 37.39558075, 136.902449611 37.39555025, 136.9023715 37.395586056, 136.90239525 37.39561575)))",1599.0865468502045,933.0550438749094,27.98523515065517,27.98523515065517,石川県、輪島市、河井町伊右エ門,0,0,0,8.4,multi
C:\Users\admin\Documents\GitHub\SensingRisk\sitelens\data\noto_crops\all\bldg_001734.png,20230303-49284-13461-s-6351,survived,0,136.9016636223335,37.395165475039875,"MULTIPOLYGON (((136.901615472 37.395147306, 136.901647083 37.395204389, 136.901711722 37.395184472, 136.901679806 37.395126, 136.901615472 37.395147306)))",1456.9452094741644,1030.240249853243,29.685718959971155,29.685718959971155,石川県、輪島市、河井町若葉，旭,0,0,0,8.4,multi
C:\Users\admin\Documents\GitHub\SensingRisk\sitelens\data\noto_crops\all\bldg_001735.png,20230303-49284-13461-s-6385,survived,0,136.9022595944915,37.395288070280074,"MULTIPOLYGON (((136.902203667 37.395283917, 136.902225194 37.395327472, 136.902315722 37.395289556, 136.902297167 37.395250167, 136.902203667 37.395283917)))",1567.2422724088033,1000.4088516694711,31.332848972744614,31.332848972744614,石川県、輪島市、河井町伊右エ門,0,0,0,8.4,multi
C:\Users\admin\Documents\GitHub\SensingRisk\sitelens\data\noto_crops\all\bldg_001736.png,20230303-49284-13461-s-6436,survived,0,136.90259717198316,37.39545502528272,"MULTIPOLYGON (((136.902566028 37.395493944, 136.902634167 37.395469778, 136.902627028 37.395458333, 136.902652833 37.395447639, 136.90263725 37.395417222, 136.902541528 37.395449194, 136.902566028 37.395493944)))",1630.2590802139707,961.3836968236642,31.123133781221213,31.123133781221213,石川県、輪島市、河井町丁字,0,0,0,8.4,multi
C:\Users\admin\Documents\GitHub\SensingRisk\sitelens\data\noto_crops\all\bldg_001737.png,20230303-49284-13461-s-6361,survived,0,136.9028871743807,37.3951611839726,"MULTIPOLYGON (((136.902942167 37.395177083, 136.902939333 37.395135361, 136.902830222 37.395144667, 136.902839028 37.395188194, 136.902942167 37.395177083)))",1684.0457162327236,1030.2338416423656,31.302090745502028,31.302090745502028,石川県、輪島市、河井町丁字,0,0,0,8.4,multi
C:\Users\admin\Documents\GitHub\SensingRisk\sitelens\data\noto_crops\all\bldg_001738.png,20230303-49284-13461-s-6443,destroyed,1,136.90168427666964,37.39548562656667,"MULTIPOLYGON (((136.901670167 37.3955265, 136.901734528 37.395496861, 136.901698833 37.395444917, 136.901633833 37.395474222, 136.901670167 37.3955265)))",1460.1467780536173,954.3981701179862,30.956666814137293,30.956666814137293,石川県、輪島市、河井町伊右エ門,0,0,0,8.4,multi
C:\Users\admin\Documents\GitHub\SensingRisk\sitelens\data\noto_crops\all\bldg_001739.png,20230303-49284-13461-s-6381,survived,0,136.9021904769444,37.39525603071777,"MULTIPOLYGON (((136.90218875 37.395282111, 136.902219417 37.395270833, 136.902192667 37.395229667, 136.90216125 37.395242111, 136.90218875 37.395282111)))",1560.4139103247608,1014.2372530278113,19.129918051981235,19.129918051981235,石川県、輪島市、河井町伊右エ門,0,0,0,8.4,multi
C:\Users\admin\Documents\GitHub\SensingRisk\sitelens\data\noto_crops\all\bldg_001740.png,20230303-49284-13461-s-6430,survived,0,136.9026974832745,37.39542459848657,"MULTIPOLYGON (((136.902683278 37.395460806, 136.902741028 37.395438306, 136.902717278 37.395389389, 136.902650722 37.395411278, 136.902683278 37.395460806)))",1650.542424606203,970.4222848790276,27.352421545481434,27.352421545481434,石川県、輪島市、河井町丁字,0,0,0,8.4,multi
C:\Users\admin\Documents\GitHub\SensingRisk\sitelens\data\noto_crops\all\bldg_001741.png,20230303-49284-13461-s-6400,survived,0,136.90229027421643,37.39533863825599,"MULTIPOLYGON (((136.902266111 37.395373472, 136.902340917 37.395345028, 136.902314917 37.395303833, 136.902239361 37.395332278, 136.902266111 37.395373472)))",1574.3854051325056,990.1837164281137,28.39711580276503,28.39711580276503,石川県、輪島市、河井町伊右エ門,0,0,0,8.4,multi
C:\Users\admin\Documents\GitHub\SensingRisk\sitelens\data\noto_crops\all\bldg_001742.png,20230303-49284-13461-s-6431,survived,0,136.9021268908168,37.39544081049824,"MULTIPOLYGON (((136.9021275 37.395491167, 136.902179889 37.395465083, 136.902136056 37.39539225, 136.902068722 37.395418917, 136.9021275 37.395491167)))",1539.5440699494648,962.0745402881133,36.25257617696775,36.25257617696775,石川県、輪島市、河井町伊右エ門,0,0,0,8.4,multi
C:\Users\admin\Documents\GitHub\SensingRisk\sitelens\data\noto_crops\all\bldg_001743.png,20230303-49284-13461-s-6372,survived,0,136.90270509573674,37.39524902710296,"MULTIPOLYGON (((136.902636944 37.395295028, 136.902789417 37.395272111, 136.902774722 37.395205333, 136.902623 37.395222861, 136.902636944 37.395295028)))",1642.8781564394633,1001.874892925165,46.53356591330635,46.53356591330635,石川県、輪島市、河井町丁字,0,0,0,8.4,multi
C:\Users\admin\Documents\GitHub\SensingRisk\sitelens\data\noto_crops\all\bldg_001744.png,20230303-49284-13461-s-6404,survived,0,136.90264084165614,37.395344793519705,"MULTIPOLYGON (((136.90267625 37.395358278, 136.902653972 37.395315306, 136.902605444 37.395331306, 136.902627694 37.395374278, 136.90267625 37.395358278)))",1642.8884208931092,991.8694272521093,22.144503590749878,22.144503590749878,石川県、輪島市、河井町丁字,0,0,0,8.4,multi
C:\Users\admin\Documents\GitHub\SensingRisk\sitelens\data\noto_crops\all\bldg_001745.png,20230303-49284-13461-s-6417,survived,0,136.90283433498809,37.39539552512619,"MULTIPOLYGON (((136.902806833 37.395428444, 136.902881583 37.395409417, 136.902863806 37.395362889, 136.902785806 37.395381833, 136.902806833 37.395428444)))",1676.519457128313,977.6137006153623,26.78119028939136,26.78119028939136,石川県、輪島市、河井町丁字,0,0,0,8.4,multi
C:\Users\admin\Documents\GitHub\SensingRisk\sitelens\data\noto_crops\all\bldg_001746.png,20230303-49284-13461-s-6320,survived,0,136.90214289549067,37.395026893479155,"MULTIPOLYGON (((136.902106611 37.395053028, 136.902191139 37.395024611, 136.902178611 37.395000889, 136.902095167 37.395028944, 136.902106611 37.395053028)))",1547.7659285757277,1064.1014641788577,26.835716226365776,26.835716226365776,石川県、輪島市、河井町若葉，旭,0,0,0,8.4,multi
C:\Users\admin\Documents\GitHub\SensingRisk\sitelens\data\noto_crops\all\bldg_001747.png,20230303-49284-13461-s-6410,survived,0,136.90190567850073,37.395390558660644,"MULTIPOLYGON (((136.901887917 37.395423889, 136.90195 37.395402583, 136.901918778 37.395357806, 136.901864944 37.395375556, 136.901887917 37.395423889)))",1504.507217996114,979.3925979923935,25.484891964077633,25.484891964077633,石川県、輪島市、河井町伊右エ門,0,0,0,8.4,multi
C:\Users\admin\Documents\GitHub\SensingRisk\sitelens\data\noto_crops\all\bldg_001748.png,20230303-49284-13461-s-6368,survived,0,136.90223975761683,37.39522117658558,"MULTIPOLYGON (((136.902285389 37.395243778, 136.902242194 37.395170778, 136.902208528 37.395183194, 136.902224111 37.395206472, 136.902197194 37.395217139, 136.902228389 37.3952655, 136.902285389 37.395243778)))",1562.8086853241684,1015.9905697629699,33.33888745259674,33.33888745259674,石川県、輪島市、河井町伊右エ門,0,0,0,8.4,multi
C:\Users\admin\Documents\GitHub\SensingRisk\sitelens\data\noto_crops\all\bldg_001749.png,20230303-49284-13461-s-6252,survived,0,136.90263224382278,37.39480059646819,"MULTIPOLYGON (((136.902597444 37.394838944, 136.902680417 37.394827833, 136.902670639 37.394763972, 136.902582 37.394772778, 136.902597444 37.394838944)))",1637.5948371714928,1115.862515589931,29.1381777790034,29.1381777790034,石川県、輪島市、河井町中央通,0,0,0,8.4,multi
C:\Users\admin\Documents\GitHub\SensingRisk\sitelens\data\noto_crops\all\bldg_001750.png,20230303-49284-13461-s-6405,survived,0,136.90252730741923,37.395359360139274,"MULTIPOLYGON (((136.902476278 37.395402056, 136.902600889 37.395355139, 136.902578583 37.395316944, 136.902454167 37.395362972, 136.902476278 37.395402056)))",1612.323257637024,978.9773164344829,41.02644477420381,41.02644477420381,石川県、輪島市、河井町丁字,0,0,0,8.4,multi
C:\Users\admin\Documents\GitHub\SensingRisk\sitelens\data\noto_crops\all\bldg_001751.png,20230303-49284-13461-s-6435,survived,0,136.90293053227268,37.395475861041874,"MULTIPOLYGON (((136.902826583 37.395544583, 136.903027944 37.395428806, 136.903014528 37.395414472, 136.902818861 37.395536028, 136.902826583 37.395544583)))",1677.400913418664,942.0949144156682,58.46384421454536,58.46384421454536,石川県、輪島市、河井町丁字,0,0,0,8.4,multi
C:\Users\admin\Documents\GitHub\SensingRisk\sitelens\data\noto_crops\all\bldg_001752.png,20230303-49284-13461-s-6205,survived,0,136.90172615768464,37.39469944159151,"MULTIPOLYGON (((136.901755083 37.39474275, 136.901750056 37.39467475, 136.901734361 37.3946755, 136.90173225 37.394647083, 136.901700139 37.394648611, 136.901707278 37.394745167, 136.901755083 37.39474275)))",1466.4600455240093,1137.8862363089866,34.52219586723072,34.52219586723072,石川県、輪島市、河井町若葉，旭,0,0,0,8.4,multi
C:\Users\admin\Documents\GitHub\SensingRisk\sitelens\data\noto_crops\all\bldg_001753.png,20230303-49284-13461-s-6455,survived,0,136.9020737647813,37.39552270248225,"MULTIPOLYGON (((136.902039111 37.395552972, 136.902124417 37.395517389, 136.902108111 37.395492528, 136.902023389 37.395527861, 136.902039111 37.395552972)))",1534.1499128924477,947.0602090320888,28.24947630564361,28.24947630564361,石川県、輪島市、河井町伊右エ門,0,0,0,8.4,multi
C:\Users\admin\Documents\GitHub\SensingRisk\sitelens\data\noto_crops\all\bldg_001754.png,20230303-49284-13461-s-6470,destroyed,1,136.90271823740812,37.395584477072084,"MULTIPOLYGON (((136.9026395 37.395628833, 136.902815278 37.395567833, 136.902803417 37.395539194, 136.902618639 37.395601222, 136.9026395 37.395628833)))",1640.6567598289914,919.3177252029473,54.984249618318245,54.984249618318245,石川県、輪島市、河井町丁字,0,0,0,8.4,multi
C:\Users\admin\Documents\GitHub\SensingRisk\sitelens\data\noto_crops\all\bldg_001755.png,20230303-49284-13461-s-6462,survived,0,136.90291018921448,37.395544652993344,"MULTIPOLYGON (((136.90285693231561 37.39561029437208, 136.90300440431562 37.39552957137207, 136.90296271031562 37.395479988372074, 136.90281754331562 37.39555776637207, 136.90285693231561 37.39561029437208)))",1678.0667755242116,929.6817664389145,52.498370619099774,52.498370619099774,石川県、輪島市、河井町丁字,0,0,0,8.4,multi
C:\Users\admin\Documents\GitHub\SensingRisk\sitelens\data\noto_crops\all\bldg_001756.png,20230303-49284-13461-s-6460,destroyed,1,136.90265112955117,37.395544510411554,"MULTIPOLYGON (((136.90270775 37.395553278, 136.902681028 37.395501944, 136.90259275 37.395536333, 136.902623972 37.395587056, 136.90270775 37.395553278)))",1638.9820119359651,939.349938699067,33.463013992330616,33.463013992330616,石川県、輪島市、河井町丁字,0,0,0,8.4,multi
C:\Users\admin\Documents\GitHub\SensingRisk\sitelens\data\noto_crops\all\bldg_001757.png,20230303-49281-13461-s-8018,destroyed,1,136.8997630595231,37.39578174284261,"MULTIPOLYGON (((136.899689333 37.395830806, 136.899867333 37.395772194, 136.899846222 37.395731333, 136.899778833 37.395753528, 136.899784472 37.395764417, 136.899754389 37.395774306, 136.899746139 37.395758361, 136.899660667 37.3957865, 136.899689333 37.395830806)))",1088.7835214720833,871.6778908588799,57.788002035352974,57.788002035352974,石川県、輪島市、河井町川端丁,1,0,0,8.4,multi
C:\Users\admin\Documents\GitHub\SensingRisk\sitelens\data\noto_crops\all\bldg_001758.png,20230303-49281-13461-s-8895,destroyed,1,136.8999455308689,37.3961471143407,"MULTIPOLYGON (((136.899874806 37.396191167, 136.9 37.396159806, 136.900005278 37.3961585, 136.900032611 37.396151667, 136.900011861 37.396100944, 136.900005278 37.396102889, 136.9 37.396104417, 136.899856306 37.3961465, 136.899874806 37.396191167)))",1126.6681995285883,790.2809838137443,49.29845111105169,49.29845111105169,石川県、輪島市、河井町川端丁,1,0,0,8.4,multi
C:\Users\admin\Documents\GitHub\SensingRisk\sitelens\data\noto_crops\all\bldg_001759.png,20230303-49281-13461-s-8898,destroyed,1,136.89999737521242,37.39629426340023,"MULTIPOLYGON (((136.9 37.396264083, 136.899881556 37.396287667, 136.89989225 37.396321833, 136.899958056 37.39630875, 136.899965194 37.396331583, 136.9 37.396324639, 136.900005278 37.396323583, 136.900015944 37.396321472, 136.900019278 37.396329861, 136.900090306 37.396315694, 136.900069806 37.396250194, 136.900005278 37.396263028, 136.9 37.396264083)))",1129.8630940861174,751.7606862756043,58.370730675591176,58.370730675591176,石川県、輪島市、河井町川端丁,1,0,0,8.4,multi
C:\Users\admin\Documents\GitHub\SensingRisk\sitelens\data\noto_crops\all\bldg_001760.png,20230303-49281-13461-s-8902,destroyed,1,136.9000441920401,37.396530154252254,"MULTIPOLYGON (((136.899972667 37.396626583, 136.9 37.39661625, 136.900005278 37.396614278, 136.900172389 37.396551333, 136.900182194 37.396523944, 136.900139889 37.396442167, 136.900008278 37.396484556, 136.900005278 37.396478639, 136.900001 37.396470167, 136.9 37.396470444, 136.899898389 37.396498861, 136.899972667 37.396626583)))",1129.5031762017145,684.1346521085502,79.35762978129924,79.35762978129924,石川県、輪島市、河井町川端丁,1,0,0,8.4,multi
C:\Users\admin\Documents\GitHub\SensingRisk\sitelens\data\noto_crops\all\bldg_001761.png,20230303-49281-13461-s-8900,destroyed,1,136.90004402271572,37.396396250975144,"MULTIPOLYGON (((136.899991167 37.396459139, 136.9 37.396456611, 136.900005278 37.396455111, 136.900130944 37.396419333, 136.900099389 37.396333806, 136.900005278 37.396359611, 136.9 37.396361056, 136.899955611 37.396373222, 136.899991167 37.396459139)))",1144.7491214827337,731.1819259121338,49.979000712307766,49.979000712307766,石川県、輪島市、河井町川端丁,1,0,0,8.4,multi
C:\Users\admin\Documents\GitHub\SensingRisk\sitelens\data\noto_crops\all\bldg_001762.png,20230303-49281-13461-s-8891,destroyed,1,136.90013674860532,37.39563315599261,"MULTIPOLYGON (((136.899984083 37.395721806, 136.9 37.395717278, 136.900005278 37.395715778, 136.900310139 37.395628944, 136.900287778 37.395579, 136.900269194 37.395584278, 136.900251056 37.39554375, 136.900157056 37.395570528, 136.900159722 37.395576444, 136.900111889 37.395590083, 136.900124333 37.395617889, 136.900062139 37.395635583, 136.900047583 37.395603056, 136.900005278 37.395615083, 136.9 37.395616583, 136.899977639 37.395622972, 136.899998611 37.395669833, 136.899967028 37.395678833, 136.899984083 37.395721806)))",1139.5345532682206,887.3971703711463,95.94078931808485,95.94078931808485,石川県、輪島市、河井町森の下,1,0,0,8.4,multi
C:\Users\admin\Documents\GitHub\SensingRisk\sitelens\data\noto_crops\all\bldg_001763.png,20230303-49284-13461-s-6586,destroyed,1,136.90027191402172,37.39604304394537,"MULTIPOLYGON (((136.900295028 37.396089472, 136.900280861 37.396054722, 136.900322361 37.396043944, 136.900303111 37.395996722, 136.900223583 37.396017389, 136.900257667 37.396100917, 136.900295028 37.396089472)))",1194.2202511827252,819.4094998309683,36.67305777070919,36.67305777070919,石川県、輪島市、河井町川端丁,1,0,0,8.4,multi
C:\Users\admin\Documents\GitHub\SensingRisk\sitelens\data\noto_crops\all\bldg_001764.png,20230303-49284-13461-s-6530,destroyed,1,136.90039420944618,37.39583303563344,"MULTIPOLYGON (((136.900355806 37.395809667, 136.90038475 37.395870583, 136.900432278 37.395855972, 136.900404417 37.395796056, 136.900355806 37.395809667)))",1221.8962974555704,875.0821897140244,26.45913280233833,26.45913280233833,石川県、輪島市、河井町森の下,0,0,0,8.4,multi
C:\Users\admin\Documents\GitHub\SensingRisk\sitelens\data\noto_crops\all\bldg_001765.png,20230303-49284-13461-s-6561,destroyed,1,136.9006019191359,37.3959690659635,"MULTIPOLYGON (((136.900600889 37.396016944, 136.900607139 37.396033333, 136.900673778 37.396017139, 136.900660611 37.395982694, 136.900621306 37.39599225, 136.900609639 37.395961667, 136.900635444 37.395955417, 136.900615 37.395901889, 136.900541444 37.39591975, 136.900579944 37.396020583, 136.900600889 37.396016944)))",1251.753918303054,833.6170027070042,46.368185414868094,46.368185414868094,石川県、輪島市、河井町川端丁,1,0,0,8.4,multi
C:\Users\admin\Documents\GitHub\SensingRisk\sitelens\data\noto_crops\all\bldg_001766.png,20230303-49284-13461-s-6438,destroyed,1,136.9006944121261,37.39558360384562,"MULTIPOLYGON (((136.900715472 37.395715694, 136.900822472 37.395670056, 136.900803583 37.395641861, 136.900821833 37.395634056, 136.900785417 37.395588889, 136.900771778 37.395595889, 136.9006545 37.395428278, 136.900603611 37.395451389, 136.90063975 37.395502, 136.900621528 37.395510278, 136.900630944 37.395523444, 136.90062325 37.395526944, 136.90061525 37.395515722, 136.900564167 37.395538972, 136.900615556 37.395610917, 136.900634639 37.39560225, 136.900715472 37.395715694)))",1240.3349581150924,899.0517523636903,101.1605506230635,101.1605506230635,石川県、輪島市、河井町森の下,0,0,0,8.4,multi
C:\Users\admin\Documents\GitHub\SensingRisk\sitelens\data\noto_crops\all\bldg_001767.png,20230303-49284-13461-s-6590,destroyed,1,136.900647523153,37.39606496779533,"MULTIPOLYGON (((136.900620111 37.396064778, 136.900593194 37.396068889, 136.900608 37.396108861, 136.900674444 37.396099278, 136.900667917 37.396084, 136.900702361 37.396074639, 136.900677806 37.396017222, 136.9006105 37.396035528, 136.900620111 37.396064778)))",1265.2704916844848,817.2538277315364,34.310195240030794,34.310195240030794,石川県、輪島市、河井町川端丁,1,0,0,8.4,multi
C:\Users\admin\Documents\GitHub\SensingRisk\sitelens\data\noto_crops\all\bldg_001768.png,20230303-49284-13461-s-6617,destroyed,1,136.90071270865397,37.39617408073765,"MULTIPOLYGON (((136.900739889 37.396210472, 136.900777278 37.396196861, 136.900740778 37.396133028, 136.900642417 37.396168861, 136.900663722 37.396206111, 136.900723361 37.396184389, 136.900739889 37.396210472)))",1275.1413415484958,790.0462212303155,37.70986878077201,37.70986878077201,石川県、輪島市、河井町川端丁,1,0,0,8.4,multi
C:\Users\admin\Documents\GitHub\SensingRisk\sitelens\data\noto_crops\all\bldg_001769.png,20230303-49284-13461-s-6920,destroyed,1,136.90081958478197,37.39547151840132,"MULTIPOLYGON (((136.900825778 37.395579444, 136.900841417 37.395594972, 136.900930472 37.395550472, 136.900914861 37.395529583, 136.900956778 37.395504056, 136.900836333 37.395342861, 136.900669444 37.395424722, 136.900804083 37.395590722, 136.900825778 37.395579444)))",1266.8125711656432,927.3832249417187,92.8668327536542,92.8668327536542,石川県、輪島市、河井町森の下,0,0,0,8.4,multi
C:\Users\admin\Documents\GitHub\SensingRisk\sitelens\data\noto_crops\all\bldg_001770.png,20230303-49284-13461-s-6603,destroyed,1,136.90070912176856,37.39611025990844,"MULTIPOLYGON (((136.900697583 37.396131111, 136.900733472 37.396119278, 136.900718056 37.396089472, 136.900686778 37.396099778, 136.900697583 37.396131111)))",1286.423726428781,815.697729062149,15.248558521467885,15.248558521467885,石川県、輪島市、河井町川端丁,1,0,0,8.4,multi
C:\Users\admin\Documents\GitHub\SensingRisk\sitelens\data\noto_crops\all\bldg_001771.png,20230303-49284-13461-s-6636,destroyed,1,136.90079524349196,37.39626062239049,"MULTIPOLYGON (((136.900753972 37.396239722, 136.900783639 37.396299972, 136.900838139 37.396279528, 136.900804583 37.396221583, 136.900753972 37.396239722)))",1295.9325525206357,773.8773500836626,28.26811876786519,28.26811876786519,石川県、輪島市、河井町川端丁,1,0,0,8.4,multi
C:\Users\admin\Documents\GitHub\SensingRisk\sitelens\data\noto_crops\all\bldg_001772.png,20230303-49284-13461-s-6539,destroyed,1,136.90085727171285,37.39586818423831,"MULTIPOLYGON (((136.900808444 37.395836917, 136.900855222 37.395917472, 136.900905333 37.395897917, 136.900860944 37.395820444, 136.900808444 37.395836917)))",1304.3314449412437,862.8741448645555,34.150520171825065,34.150520171825065,石川県、輪島市、河井町上本町,1,0,0,8.4,multi
C:\Users\admin\Documents\GitHub\SensingRisk\sitelens\data\noto_crops\all\bldg_001773.png,20230303-49284-13461-s-6645,destroyed,1,136.9009134497731,37.396281192559925,"MULTIPOLYGON (((136.900901667 37.396309194, 136.900947278 37.396293194, 136.90092525 37.396253194, 136.900879611 37.396269194, 136.900901667 37.396309194)))",1321.4100730541538,772.6813709089967,21.07886901103302,21.07886901103302,石川県、輪島市、河井町上本町,1,0,0,8.4,multi
C:\Users\admin\Documents\GitHub\SensingRisk\sitelens\data\noto_crops\all\bldg_001774.png,20230303-49284-13461-s-6682,destroyed,1,136.9003254178656,37.396472042062385,"MULTIPOLYGON (((136.900287583 37.396507472, 136.900390056 37.396479694, 136.900375278 37.396445056, 136.900338583 37.396455028, 136.900332306 37.396440306, 136.900267139 37.396457972, 136.900287583 37.396507472)))",1205.7410826683044,720.8210864980622,34.3700843175252,34.3700843175252,石川県、輪島市、河井町川端丁,1,0,0,8.4,multi
C:\Users\admin\Documents\GitHub\SensingRisk\sitelens\data\noto_crops\all\bldg_001775.png,20230303-49281-13461-s-7988,destroyed,1,136.89972637946224,37.3956271906473,"MULTIPOLYGON (((136.899819306 37.395618333, 136.899797861 37.395565222, 136.899651278 37.395608389, 136.89967575 37.3956615, 136.899656306 37.395665639, 136.899670361 37.395705, 136.899727944 37.395686639, 136.899714833 37.39565, 136.899819306 37.395618333)))",1086.0702667385417,908.5644444951707,52.51139334769857,52.51139334769857,石川県、輪島市、河井町川端丁,0,0,0,8.4,multi
C:\Users\admin\Documents\GitHub\SensingRisk\sitelens\data\noto_crops\all\bldg_001776.png,20230303-49284-13461-s-6680,destroyed,1,136.90049169158962,37.39649170662739,"MULTIPOLYGON (((136.900421167 37.396552472, 136.9005985 37.396478389, 136.900566472 37.396429611, 136.900381139 37.396507056, 136.900421167 37.396552472)))",1222.5908135202196,703.5921313970575,60.778540791405476,60.778540791405476,石川県、輪島市、河井町川端丁,1,0,0,8.4,multi
C:\Users\admin\Documents\GitHub\SensingRisk\sitelens\data\noto_crops\all\bldg_001777.png,20230303-49284-13461-s-6659,destroyed,1,136.9005391735061,37.396377488647246,"MULTIPOLYGON (((136.900600972 37.396410444, 136.900556444 37.396319722, 136.900480194 37.396337444, 136.90050375 37.396385389, 136.900494944 37.396388139, 136.900518694 37.396436472, 136.900600972 37.396410444)))",1241.6608068731002,739.7008431182908,41.56455863318752,41.56455863318752,石川県、輪島市、河井町川端丁,1,0,0,8.4,multi
C:\Users\admin\Documents\GitHub\SensingRisk\sitelens\data\noto_crops\all\bldg_001778.png,20230303-49284-13461-s-6671,destroyed,1,136.9004348972857,37.39643242396348,"MULTIPOLYGON (((136.900400528 37.396475556, 136.90050075 37.39644, 136.900465056 37.396389861, 136.900372306 37.396423028, 136.900400528 37.396475556)))",1225.0880555258857,729.7111027018674,35.91554552714024,35.91554552714024,石川県、輪島市、河井町川端丁,1,0,0,8.4,multi
C:\Users\admin\Documents\GitHub\SensingRisk\sitelens\data\noto_crops\all\bldg_001779.png,20230303-49281-13461-s-8897,destroyed,1,136.89998591404222,37.396222377547474,"MULTIPOLYGON (((136.899909667 37.39627, 136.9 37.396245833, 136.900005278 37.396244417, 136.900057722 37.396230389, 136.900033917 37.396173722, 136.900005278 37.396181389, 136.9 37.396182806, 136.899948222 37.396196667, 136.899961167 37.396227417, 136.899897583 37.396244444, 136.899909667 37.39627)))",1135.116180229187,774.7538678884489,44.778109889560255,44.778109889560255,石川県、輪島市、河井町川端丁,1,0,0,8.4,multi
C:\Users\admin\Documents\GitHub\SensingRisk\sitelens\data\noto_crops\all\bldg_001780.png,20230303-49281-13461-s-8001,destroyed,1,136.89980593186095,37.395685054575466,"MULTIPOLYGON (((136.899793111 37.395733389, 136.899854111 37.395716333, 136.899819278 37.395636194, 136.899757194 37.395655139, 136.899793111 37.395733389)))",1108.3374620437194,906.0582732995935,34.20929843063459,34.20929843063459,石川県、輪島市、河井町川端丁,0,0,0,8.4,multi
C:\Users\admin\Documents\GitHub\SensingRisk\sitelens\data\noto_crops\all\bldg_001781.png,20230303-49284-13461-s-6521,destroyed,1,136.90029919621713,37.39583179305918,"MULTIPOLYGON (((136.900290528 37.395889389, 136.900342139 37.395874611, 136.900298444 37.395767806, 136.900260917 37.395777139, 136.900284 37.395838694, 136.900269778 37.395843444, 136.900290528 37.395889389)))",1196.4834863061487,868.0232259034957,42.793035966533125,42.793035966533125,石川県、輪島市、河井町森の下,1,0,0,8.4,multi
C:\Users\admin\Documents\GitHub\SensingRisk\sitelens\data\noto_crops\all\bldg_001782.png,20230303-49281-13461-s-8029,destroyed,1,136.89978319729693,37.39584463431667,"MULTIPOLYGON (((136.89971075 37.395905361, 136.899769806 37.395887028, 136.899756389 37.3958595, 136.899809556 37.395842972, 136.899821889 37.39586825, 136.8998985 37.395844472, 136.899869528 37.395785083, 136.899679583 37.395845694, 136.899677194 37.395886806, 136.89971075 37.395905361)))",1091.1821041213143,854.5780875543263,61.88164273367988,61.88164273367988,石川県、輪島市、河井町川端丁,1,0,0,8.4,multi
C:\Users\admin\Documents\GitHub\SensingRisk\sitelens\data\noto_crops\all\bldg_001783.png,20230303-49284-13461-s-6687,destroyed,1,136.9007106377975,37.39653426873457,"MULTIPOLYGON (((136.900678056 37.3965775, 136.900773861 37.396534806, 136.900743194 37.396491028, 136.900647417 37.39653375, 136.900678056 37.3965775)))",1276.4656697326236,706.1613599544714,35.35630500051707,35.35630500051707,石川県、輪島市、河井町川端丁,1,0,0,8.4,multi
C:\Users\admin\Documents\GitHub\SensingRisk\sitelens\data\noto_crops\all\bldg_001784.png,20230303-49284-13461-s-6615,destroyed,1,136.90020541465566,37.39615659190857,"MULTIPOLYGON (((136.900166917 37.396194861, 136.900267139 37.396163528, 136.900244861 37.396118167, 136.900142861 37.396150083, 136.900166917 37.396194861)))",1182.5105571428935,795.1008639991301,34.75064749187891,34.75064749187891,石川県、輪島市、河井町川端丁,1,0,0,8.4,multi
C:\Users\admin\Documents\GitHub\SensingRisk\sitelens\data\noto_crops\all\bldg_001785.png,20230303-49281-13461-s-8084,destroyed,1,136.89981407997516,37.39611469643372,"MULTIPOLYGON (((136.899754111 37.396109306, 136.8997665 37.396150889, 136.899876583 37.396116722, 136.899863278 37.396080361, 136.899754111 37.396109306)))",1110.1264703909555,804.9477092474083,34.245653306113354,34.245653306113354,石川県、輪島市、河井町川端丁,1,0,0,8.4,multi
C:\Users\admin\Documents\GitHub\SensingRisk\sitelens\data\noto_crops\all\bldg_001786.png,20230303-49281-13461-s-8013,destroyed,1,136.89969992033713,37.39572935262893,"MULTIPOLYGON (((136.899670917 37.395759833, 136.899746444 37.395736778, 136.899728306 37.395698944, 136.899653917 37.395721667, 136.899670917 37.395759833)))",1092.8444932089913,899.7623031399895,25.872424411773636,25.872424411773636,石川県、輪島市、河井町川端丁,0,0,0,8.4,multi
C:\Users\admin\Documents\GitHub\SensingRisk\sitelens\data\noto_crops\all\bldg_001787.png,20230303-49284-13461-s-6654,destroyed,1,136.90076024972942,37.3964017379799,"MULTIPOLYGON (((136.900649167 37.396513056, 136.90083475 37.396422889, 136.900816972 37.396399556, 136.90088125 37.396373528, 136.900843417 37.396297139, 136.900763361 37.396332111, 136.900757722 37.396323889, 136.900722111 37.396339444, 136.900769194 37.396408056, 136.90072075 37.396429194, 136.90069525 37.396392056, 136.900644389 37.396414278, 136.900676167 37.396460583, 136.900625083 37.396482889, 136.900649167 37.396513056)))",1261.7127397442875,713.7888408713716,80.71756616466223,80.71756616466223,石川県、輪島市、河井町川端丁,1,0,0,8.4,multi
C:\Users\admin\Documents\GitHub\SensingRisk\sitelens\data\noto_crops\all\bldg_001788.png,20230303-49284-13461-s-6744,destroyed,1,136.9016677594367,37.396858732644475,"MULTIPOLYGON (((136.901696083 37.396862917, 136.901671528 37.396837806, 136.901639333 37.396852639, 136.901664639 37.396880722, 136.901696083 37.396862917)))",1464.1904212272407,639.2163011293519,16.72798734050832,16.72798734050832,石川県、輪島市、河井町本町一川端丁,1,0,0,8.4,multi
C:\Users\admin\Documents\GitHub\SensingRisk\sitelens\data\noto_crops\all\bldg_001789.png,20230303-49284-13461-s-6718,destroyed,1,136.90169267753967,37.39672828343307,"MULTIPOLYGON (((136.901638722 37.396693, 136.901711306 37.396781278, 136.90174725 37.396762278, 136.901671583 37.396674556, 136.901638722 37.396693)))",1458.3793965358907,659.5128678910788,37.77435819452887,37.77435819452887,石川県、輪島市、河井町本町二,1,0,0,8.4,multi
C:\Users\admin\Documents\GitHub\SensingRisk\sitelens\data\noto_crops\all\bldg_001790.png,20230303-49284-13461-s-6784,destroyed,1,136.90170180506178,37.39712175439309,"MULTIPOLYGON (((136.90165625 37.397122944, 136.901688333 37.397155556, 136.901746722 37.397121111, 136.901716222 37.397087667, 136.90165625 37.397122944)))",1465.5790535594083,572.7500575604918,26.54407383897785,26.54407383897785,石川県、輪島市、河井町本町一川端丁,1,0,0,8.4,multi
C:\Users\admin\Documents\GitHub\SensingRisk\sitelens\data\noto_crops\all\bldg_001791.png,20230303-49284-13461-s-6714,destroyed,1,136.9017427083328,37.396690031887104,"MULTIPOLYGON (((136.90179225 37.396709944, 136.901738222 37.396645694, 136.901693028 37.396669194, 136.901747333 37.396734861, 136.90179225 37.396709944)))",1470.2408707671038,670.9502253555767,32.563389868337936,32.563389868337936,石川県、輪島市、河井町本町二,1,0,0,8.4,multi
C:\Users\admin\Documents\GitHub\SensingRisk\sitelens\data\noto_crops\all\bldg_001792.png,20230303-49284-13461-s-6792,destroyed,1,136.9017466623347,37.397180507833454,"MULTIPOLYGON (((136.901696639 37.397167111, 136.901749361 37.397222444, 136.901796528 37.397195722, 136.901744444 37.397137778, 136.901696639 37.397167111)))",1471.4651177662067,556.5027965954471,31.58551205712206,31.58551205712206,石川県、輪島市、河井町本町一川端丁,1,0,0,8.4,multi
C:\Users\admin\Documents\GitHub\SensingRisk\sitelens\data\noto_crops\all\bldg_001793.png,20230303-49284-13461-s-6762,destroyed,1,136.90175371893943,37.39698363436731,"MULTIPOLYGON (((136.901722389 37.397029278, 136.901818944 37.396982972, 136.901785056 37.396938, 136.9016885 37.396984278, 136.901722389 37.397029278)))",1470.22771347145,600.0356056384855,36.721746348412466,36.721746348412466,石川県、輪島市、河井町本町一川端丁,1,0,0,8.4,multi
C:\Users\admin\Documents\GitHub\SensingRisk\sitelens\data\noto_crops\all\bldg_001794.png,20230303-49284-13461-s-6736,destroyed,1,136.90178377361465,37.39683079620613,"MULTIPOLYGON (((136.901731917 37.396805528, 136.901793167 37.396878028, 136.901836556 37.396856667, 136.901772583 37.396782611, 136.901731917 37.396805528)))",1476.9441787923279,637.03921778606,34.665445875147725,34.665445875147725,石川県、輪島市、河井町本町二,1,0,0,8.4,multi
C:\Users\admin\Documents\GitHub\SensingRisk\sitelens\data\noto_crops\all\bldg_001795.png,20230303-49284-13461-s-6771,destroyed,1,136.90180096481083,37.3970516777454,"MULTIPOLYGON (((136.901775889 37.397113417, 136.901880694 37.397056444, 136.901827083 37.396988944, 136.901720083 37.397048944, 136.901775889 37.397113417)))",1473.2628555233969,578.5232909637613,48.049994470869024,48.049994470869024,石川県、輪島市、河井町本町一川端丁,1,0,0,8.4,multi
C:\Users\admin\Documents\GitHub\SensingRisk\sitelens\data\noto_crops\all\bldg_001796.png,20230303-49284-13461-s-6803,destroyed,1,136.9018051465682,37.39726168547405,"MULTIPOLYGON (((136.901743222 37.397248833, 136.901796111 37.397312556, 136.901867972 37.397273972, 136.901812556 37.397210861, 136.901743222 37.397248833)))",1479.009787775993,533.9002097530737,38.49799951065995,38.49799951065995,石川県、輪島市、河井町本町一川端丁,1,0,0,8.4,multi
C:\Users\admin\Documents\GitHub\SensingRisk\sitelens\data\noto_crops\all\bldg_001797.png,20230303-49284-13461-s-6706,destroyed,1,136.90182607419294,37.396680481325326,"MULTIPOLYGON (((136.901901278 37.396720917, 136.901812194 37.396610139, 136.901749167 37.396641889, 136.901844417 37.396751778, 136.901901278 37.396720917)))",1476.3769193433284,663.8782388131149,51.080653101359644,51.080653101359644,石川県、輪島市、河井町本町二,1,0,0,8.4,multi
C:\Users\admin\Documents\GitHub\SensingRisk\sitelens\data\noto_crops\all\bldg_001798.png,20230303-49284-13461-s-6785,destroyed,1,136.90185638148787,37.39714322645437,"MULTIPOLYGON (((136.901814 37.397108139, 136.901769111 37.397131306, 136.901827139 37.397201167, 136.901943917 37.397138833, 136.9019015 37.397088667, 136.9018285 37.39713, 136.901814 37.397108139)))",1483.310754108429,556.1139544734709,48.8793003400167,48.8793003400167,石川県、輪島市、河井町本町一川端丁,1,0,0,8.4,multi
C:\Users\admin\Documents\GitHub\SensingRisk\sitelens\data\noto_crops\all\bldg_001799.png,20230303-49284-13461-s-6730,destroyed,1,136.90185572132737,37.39681916396374,"MULTIPOLYGON (((136.901779306 37.396778444, 136.901870833 37.396886556, 136.901933667 37.396859278, 136.901836944 37.396750556, 136.901779306 37.396778444)))",1482.73454229405,632.121436823452,50.02147122812664,50.02147122812664,石川県、輪島市、河井町本町二,1,0,0,8.4,multi
C:\Users\admin\Documents\GitHub\SensingRisk\sitelens\data\noto_crops\all\bldg_001800.png,20230303-49284-13461-s-6757,destroyed,1,136.9018733000275,37.39694163248245,"MULTIPOLYGON (((136.901913944 37.396951, 136.901878222 37.396910417, 136.901833306 37.396930583, 136.901867528 37.396973556, 136.901913944 37.396951)))",1498.8022394953164,616.0320910987843,24.2757727401804,24.2757727401804,石川県、輪島市、河井町本町二,1,0,0,8.4,multi
C:\Users\admin\Documents\GitHub\SensingRisk\sitelens\data\noto_crops\all\bldg_001801.png,20230303-49284-13461-s-6818,destroyed,1,136.90189975539158,37.397398131258704,"MULTIPOLYGON (((136.901833444 37.397388139, 136.90189575 37.397449861, 136.901965361 37.397408889, 136.901905056 37.397346167, 136.901833444 37.397388139)))",1495.841451038123,501.26202718951885,39.80789822498804,39.80789822498804,石川県、輪島市、河井町本町一川端丁,1,0,0,8.4,multi
C:\Users\admin\Documents\GitHub\SensingRisk\sitelens\data\noto_crops\all\bldg_001802.png,20230303-49284-13461-s-6802,destroyed,1,136.90188098361173,37.39722815277328,"MULTIPOLYGON (((136.901841722 37.397213472, 136.901884444 37.397263278, 136.901919639 37.3972425, 136.901878722 37.397193528, 136.901841722 37.397213472)))",1499.5014815296634,548.2102519473689,25.507769729182996,25.507769729182996,石川県、輪島市、河井町本町一川端丁,1,0,0,8.4,multi
C:\Users\admin\Documents\GitHub\SensingRisk\sitelens\data\noto_crops\all\bldg_001803.png,20230303-49284-13461-s-6727,destroyed,1,136.90191803769997,37.39677794097955,"MULTIPOLYGON (((136.901860944 37.396753, 136.901924833 37.396827056, 136.901974222 37.396803333, 136.901913222 37.396729278, 136.901860944 37.396753)))",1501.0179992756962,648.4927070075978,36.23298342458702,36.23298342458702,石川県、輪島市、河井町本町二,1,0,0,8.4,multi
C:\Users\admin\Documents\GitHub\SensingRisk\sitelens\data\noto_crops\all\bldg_001804.png,20230303-49284-13461-s-6767,destroyed,1,136.90192039262735,37.39699170465547,"MULTIPOLYGON (((136.901921389 37.396953417, 136.9018735 37.396975972, 136.901918611 37.397031111, 136.90196775 37.397004861, 136.901921389 37.396953417)))",1505.0575619831652,601.7286775919221,29.28799781236944,29.28799781236944,石川県、輪島市、河井町本町二,1,0,0,8.4,multi
C:\Users\admin\Documents\GitHub\SensingRisk\sitelens\data\noto_crops\all\bldg_001805.png,20230303-49284-13461-s-6699,destroyed,1,136.90192705814766,37.396616224108286,"MULTIPOLYGON (((136.901875611 37.396588528, 136.901939583 37.396665556, 136.901977028 37.396643583, 136.901917667 37.396568361, 136.901875611 37.396588528)))",1503.41077693916,687.0834494586594,34.7046313799093,34.7046313799093,石川県、輪島市、河井町本町二,1,0,0,8.4,multi
C:\Users\admin\Documents\GitHub\SensingRisk\sitelens\data\noto_crops\all\bldg_001806.png,20230303-49284-13461-s-6701,destroyed,1,136.90189270817748,37.39665833318779,"MULTIPOLYGON (((136.901950944 37.396712722, 136.90185875 37.396592111, 136.901834472 37.396603944, 136.901926667 37.396724556, 136.901950944 37.396712722)))",1491.1894116305102,671.4193368650378,46.61608653410519,46.61608653410519,石川県、輪島市、河井町本町二,1,0,0,8.4,multi
C:\Users\admin\Documents\GitHub\SensingRisk\sitelens\data\noto_crops\all\bldg_001807.png,20230303-49281-13461-s-8341,survived,0,136.8986903917258,37.39739707922051,"MULTIPOLYGON (((136.898784806 37.397461333, 136.898741889 37.397404167, 136.898779972 37.397385972, 136.898711528 37.397294806, 136.898582167 37.397356611, 136.898680056 37.397501639, 136.898784806 37.397461333)))",879.8561546170447,484.71800054658513,72.79810506958427,72.79810506958427,石川県、輪島市、鳳至町下町,0,0,0,8.4,multi
C:\Users\admin\Documents\GitHub\SensingRisk\sitelens\data\noto_crops\all\bldg_001808.png,20230303-49281-13461-s-8557,survived,0,136.89925488460682,37.39843953653832,"MULTIPOLYGON (((136.899280111 37.398461861, 136.899277278 37.398415361, 136.899229667 37.398417222, 136.899232472 37.398463694, 136.899280111 37.398461861)))",1014.1427430393364,268.15173610288963,17.259220785154298,17.259220785154298,石川県、輪島市、鳳至町浜町上，下,0,0,0,8.4,multi
C:\Users\admin\Documents\GitHub\SensingRisk\sitelens\data\noto_crops\all\bldg_001809.png,20230303-49281-13461-s-8500,survived,0,136.8992724724885,37.39808001370571,"MULTIPOLYGON (((136.899232306 37.398095944, 136.89931525 37.398090778, 136.899312639 37.398064083, 136.899229694 37.39806925, 136.899232306 37.398095944)))",1014.0884664323595,349.1774626532565,23.92319153679739,23.92319153679739,石川県、輪島市、鳳至町下町,0,0,0,8.4,multi
C:\Users\admin\Documents\GitHub\SensingRisk\sitelens\data\noto_crops\all\bldg_001810.png,20230303-49281-13461-s-8515,survived,0,136.8992780781236,37.39824473403231,"MULTIPOLYGON (((136.89932725 37.398283306, 136.899323806 37.398206417, 136.899222833 37.398209306, 136.89922475 37.398251583, 136.899239889 37.398251167, 136.899241472 37.398285972, 136.89932725 37.398283306)))",1011.0703110632682,306.6869853095336,30.9174813077085,30.9174813077085,石川県、輪島市、鳳至町下町,0,0,0,8.4,multi
C:\Users\admin\Documents\GitHub\SensingRisk\sitelens\data\noto_crops\all\bldg_001811.png,20230303-49281-13461-s-8552,survived,0,136.89931780173453,37.398424280755854,"MULTIPOLYGON (((136.89935575 37.398456944, 136.899353722 37.398403222, 136.899326889 37.398403889, 136.899326167 37.398384722, 136.899284306 37.39838575, 136.899287056 37.398457861, 136.89935575 37.398456944)))",1022.0439363972481,268.1891031211735,25.742413475221667,25.742413475221667,石川県、輪島市、鳳至町浜町上，下,0,0,0,8.4,multi
C:\Users\admin\Documents\GitHub\SensingRisk\sitelens\data\noto_crops\all\bldg_001812.png,20230303-49281-13461-s-8399,survived,0,136.8994201112082,37.39755790288542,"MULTIPOLYGON (((136.899442306 37.397585722, 136.899437278 37.397527889, 136.899397917 37.397530083, 136.899402944 37.397587917, 136.899442306 37.397585722)))",1043.0081636542482,473.08512617882656,21.12779223500314,21.12779223500314,石川県、輪島市、鳳至町浜町上，下,0,0,0,8.4,multi
C:\Users\admin\Documents\GitHub\SensingRisk\sitelens\data\noto_crops\all\bldg_001813.png,20230303-49281-13461-s-8504,survived,0,136.8996049794579,37.398174557712885,"MULTIPOLYGON (((136.899713722 37.398220417, 136.899701472 37.398097611, 136.8995285 37.398108611, 136.899533194 37.398155528, 136.899494306 37.398158, 136.899503722 37.398252222, 136.899628611 37.398244278, 136.899627083 37.39822875, 136.899713722 37.398220417)))",1056.8435702679308,307.8602627017103,62.02080046645443,62.02080046645443,石川県、輪島市、鳳至町浜町上，下,0,0,0,8.4,multi
C:\Users\admin\Documents\GitHub\SensingRisk\sitelens\data\noto_crops\all\bldg_001814.png,20230303-49281-13461-s-8477,survived,0,136.89959053339132,37.39797233194799,"MULTIPOLYGON (((136.899546361 37.398013806, 136.899639028 37.39800925, 136.899631833 37.397930556, 136.899545167 37.397933917, 136.899546361 37.398013806)))",1070.3595537675333,371.1682601016708,30.546040256902415,30.546040256902415,石川県、輪島市、鳳至町浜町上，下,0,0,0,8.4,multi
C:\Users\admin\Documents\GitHub\SensingRisk\sitelens\data\noto_crops\all\bldg_001815.png,20230303-49281-13461-s-8436,survived,0,136.89967350488885,37.397755053035645,"MULTIPOLYGON (((136.8997565 37.3977455, 136.8997325 37.397746722, 136.899730556 37.397722361, 136.899597167 37.397729139, 136.899601722 37.39778625, 136.899758639 37.39777825, 136.8997565 37.3977455)))",1079.0524565696717,414.98898199643213,45.15084370507134,45.15084370507134,石川県、輪島市、鳳至町浜町上，下,0,0,0,8.4,multi
C:\Users\admin\Documents\GitHub\SensingRisk\sitelens\data\noto_crops\all\bldg_001816.png,20230303-49281-13461-s-8572,survived,0,136.89964767762768,37.39850042374453,"MULTIPOLYGON (((136.899681722 37.398515083, 136.899679194 37.398483778, 136.899613444 37.398484833, 136.899617806 37.398518222, 136.899681722 37.398515083)))",1086.4298644860587,252.81125250006437,19.09191256099257,19.09191256099257,石川県、輪島市、鳳至町浜町上，下,0,0,0,8.4,multi
C:\Users\admin\Documents\GitHub\SensingRisk\sitelens\data\noto_crops\all\bldg_001817.png,20230303-49281-13461-s-8426,survived,0,136.89966344079886,37.397691020848434,"MULTIPOLYGON (((136.899631111 37.397713, 136.899696861 37.397711944, 136.899695778 37.397669056, 136.899630028 37.397670083, 136.899631111 37.397713)))",1089.5886880291832,443.06814288476386,18.68786128362035,18.68786128362035,石川県、輪島市、鳳至町浜町上，下,0,0,0,8.4,multi
C:\Users\admin\Documents\GitHub\SensingRisk\sitelens\data\noto_crops\all\bldg_001818.png,20230303-49281-13461-s-8545,survived,0,136.8997503161775,37.39839679923567,"MULTIPOLYGON (((136.899705194 37.398438306, 136.899803833 37.398431361, 136.899795444 37.398355306, 136.899696806 37.398362222, 136.899705194 37.398438306)))",1099.1112728979058,270.7896597643484,32.03203910472655,32.03203910472655,石川県、輪島市、鳳至町浜町上，下,0,0,0,8.4,multi
C:\Users\admin\Documents\GitHub\SensingRisk\sitelens\data\noto_crops\all\bldg_001819.png,20230303-49281-13461-s-8464,survived,0,136.89981071189362,37.397930112162214,"MULTIPOLYGON (((136.899841611 37.397972778, 136.899838806 37.397924556, 136.899874361 37.39792325, 136.89987175 37.397878583, 136.899836361 37.397879889, 136.899837528 37.397899806, 136.899755944 37.397902806, 136.899760167 37.397975528, 136.899841611 37.397972778)))",1108.8928184697206,378.7094754725591,36.64044229139705,36.64044229139705,石川県、輪島市、鳳至町浜町上，下,0,0,0,8.4,multi
C:\Users\admin\Documents\GitHub\SensingRisk\sitelens\data\noto_crops\all\bldg_001820.png,20230303-49281-13461-s-8904,survived,0,136.89995629533533,37.39827056794685,"MULTIPOLYGON (((136.9 37.398224417, 136.899999861 37.398223444, 136.899898194 37.398239917, 136.899915694 37.398317667, 136.9 37.398304667, 136.900005278 37.398303861, 136.900011417 37.398302917, 136.900005278 37.398260694, 136.9 37.398224417)))",1135.5500595832295,298.7333835502474,35.392372200668945,35.392372200668945,石川県、輪島市、鳳至町浜町上，下,0,0,0,8.4,multi
C:\Users\admin\Documents\GitHub\SensingRisk\sitelens\data\noto_crops\all\bldg_001821.png,20230303-49284-13461-s-6841,survived,0,136.90007700981937,37.39817295219295,"MULTIPOLYGON (((136.900128722 37.398135528, 136.900014361 37.398148361, 136.900025306 37.398210389, 136.900139667 37.398197528, 136.900128722 37.398135528)))",1158.5085126876832,321.81104682505327,35.03809713257692,35.03809713257692,石川県、輪島市、鳳至町浜町上，下,0,0,0,8.4,multi
C:\Users\admin\Documents\GitHub\SensingRisk\sitelens\data\noto_crops\all\bldg_001822.png,20230303-49284-13461-s-6717,destroyed,1,136.9001495833228,37.396725185953144,"MULTIPOLYGON (((136.900193667 37.39666225, 136.9000425 37.396728056, 136.90008775 37.396794194, 136.900241833 37.396727083, 136.900231556 37.396712056, 136.900268528 37.396695944, 136.900252472 37.396672472, 136.90021225 37.396689972, 136.900193667 37.39666225)))",1159.0600170665318,646.7274758330822,63.20200962490503,63.20200962490503,石川県、輪島市、河井町本町一川端丁,1,0,0,8.4,multi
C:\Users\admin\Documents\GitHub\SensingRisk\sitelens\data\noto_crops\all\bldg_001823.png,20230303-49284-13461-s-6849,survived,0,136.90012423483302,37.398490938094355,"MULTIPOLYGON (((136.900140389 37.398515, 136.900134611 37.398464917, 136.900108083 37.398466861, 136.900113861 37.398516972, 136.900140389 37.398515)))",1175.6695949032598,255.555883800975,18.3215703471449,18.3215703471449,石川県、輪島市、鳳至町浜町上，下,0,0,0,8.4,multi
C:\Users\admin\Documents\GitHub\SensingRisk\sitelens\data\noto_crops\all\bldg_001824.png,20230303-49284-13461-s-6746,destroyed,1,136.90024540353423,37.39689986645269,"MULTIPOLYGON (((136.9001805 37.396948278, 136.900333806 37.396906917, 136.900310278 37.396851444, 136.900157 37.396892833, 136.9001805 37.396948278)))",1182.6982755449083,613.3351921839071,49.43854086663987,49.43854086663987,石川県、輪島市、河井町本町一川端丁,1,0,0,8.4,multi
C:\Users\admin\Documents\GitHub\SensingRisk\sitelens\data\noto_crops\all\bldg_001825.png,20230303-49284-13461-s-6708,destroyed,1,136.90030832450657,37.39666570748562,"MULTIPOLYGON (((136.900358722 37.396675583, 136.900327528 37.39662725, 136.900257917 37.396655833, 136.900289139 37.396704167, 136.900358722 37.396675583)))",1204.208669400858,678.0595202510044,29.874724498098658,29.874724498098658,石川県、輪島市、河井町本町一川端丁,1,0,0,8.4,multi
C:\Users\admin\Documents\GitHub\SensingRisk\sitelens\data\noto_crops\all\bldg_001826.png,20230303-49284-13461-s-6843,survived,0,136.90012253014496,37.39824481639947,"MULTIPOLYGON (((136.900213889 37.39823525, 136.900193806 37.398237361, 136.900186833 37.398195222, 136.900050139 37.398209639, 136.900057167 37.398252056, 136.900037639 37.398254111, 136.900045 37.398298417, 136.900100222 37.398292583, 136.900098278 37.398280889, 136.900220111 37.398268056, 136.900213889 37.39823525)))",1160.1837177064683,296.48763897085894,51.02286930084233,51.02286930084233,石川県、輪島市、鳳至町浜町上，下,0,0,0,8.4,multi
C:\Users\admin\Documents\GitHub\SensingRisk\sitelens\data\noto_crops\all\bldg_001827.png,20230303-49281-13461-s-8513,survived,0,136.8989534411918,37.39824707722164,"MULTIPOLYGON (((136.899015306 37.398196306, 136.898965639 37.3982175, 136.898947139 37.398189889, 136.898859639 37.398227222, 136.898917 37.398312778, 136.899053167 37.398254694, 136.899015306 37.398196306)))",940.0733546680875,293.8827162609386,54.114350975884236,54.114350975884236,石川県、輪島市、鳳至町下町,0,0,0,8.4,multi
C:\Users\admin\Documents\GitHub\SensingRisk\sitelens\data\noto_crops\all\bldg_001828.png,20230303-49281-13461-s-8449,survived,0,136.89975209610313,37.39784096741896,"MULTIPOLYGON (((136.899673778 37.397891306, 136.899718556 37.397889528, 136.899716444 37.397855778, 136.899733778 37.397855083, 136.899735861 37.397888222, 136.899803778 37.397885528, 136.899802361 37.397862722, 136.899841722 37.397861167, 136.89983775 37.3977975, 136.899667389 37.397804278, 136.899673778 37.397891306)))",1091.5434201081594,392.05006891274854,48.74703994856941,48.74703994856941,石川県、輪島市、鳳至町浜町上，下,0,0,0,8.4,multi
C:\Users\admin\Documents\GitHub\SensingRisk\sitelens\data\noto_crops\all\bldg_001829.png,20230303-49281-13461-s-8299,survived,0,136.89922916868557,37.39716680778782,"MULTIPOLYGON (((136.899156556 37.397124806, 136.899230861 37.397235861, 136.899302694 37.397205028, 136.899225389 37.39709875, 136.899156556 37.397124806)))",993.4040911565768,550.6415717890802,49.317422666043626,49.317422666043626,石川県、輪島市、鳳至町下町,0,0,0,8.4,multi
C:\Users\admin\Documents\GitHub\SensingRisk\sitelens\data\noto_crops\all\bldg_001830.png,20230303-49281-13461-s-8519,survived,0,136.89974673824878,37.39828528426434,"MULTIPOLYGON (((136.899806694 37.398332333, 136.899792861 37.398229167, 136.899686778 37.39823825, 136.899700611 37.398341389, 136.899806694 37.398332333)))",1094.2587994834507,292.77454694220734,40.40096029823576,40.40096029823576,石川県、輪島市、鳳至町浜町上，下,0,0,0,8.4,multi
C:\Users\admin\Documents\GitHub\SensingRisk\sitelens\data\noto_crops\all\bldg_001831.png,20230303-49281-13461-s-8567,survived,0,136.89972883424622,37.39846983872989,"MULTIPOLYGON (((136.899691111 37.398492167, 136.899769611 37.398488056, 136.899765972 37.398448222, 136.89968975 37.398450444, 136.899691111 37.398492167)))",1100.1145269340939,258.4201496567811,22.330754121144764,22.330754121144764,石川県、輪島市、鳳至町浜町上，下,0,0,0,8.4,multi
C:\Users\admin\Documents\GitHub\SensingRisk\sitelens\data\noto_crops\all\bldg_001832.png,20230303-49281-13461-s-8584,survived,0,136.89865829199996,37.398612833,"MULTIPOLYGON (((136.898604028 37.398653583, 136.898732806 37.398613833, 136.898712556 37.398572083, 136.898583778 37.398611833, 136.898604028 37.398653583)))",890.7229873922137,215.28067011219918,41.671249103546074,41.671249103546074,石川県、輪島市、鳳至町鳳至丁南鳳至本町,0,0,0,8.4,multi
C:\Users\admin\Documents\GitHub\SensingRisk\sitelens\data\noto_crops\all\bldg_001833.png,20230303-49281-13461-s-8219,survived,0,136.89861740184358,37.39671379712046,"MULTIPOLYGON (((136.898572889 37.396758111, 136.898676889 37.396719611, 136.898648167 37.39667025, 136.898569611 37.396699333, 136.898585639 37.396726889, 136.898557611 37.396737278, 136.898572889 37.396758111)))",886.6028523086964,664.3182545005881,34.60995262739573,34.60995262739573,石川県、輪島市、鳳至町横町，住吉区,0,0,0,8.4,multi
C:\Users\admin\Documents\GitHub\SensingRisk\sitelens\data\noto_crops\all\bldg_001834.png,20230303-49281-13461-s-8585,survived,0,136.8989330725836,37.39864370524032,"MULTIPOLYGON (((136.898893694 37.398687917, 136.898967972 37.398664472, 136.898954417 37.398637167, 136.899007917 37.398620278, 136.898997417 37.398599056, 136.89887175 37.398638722, 136.898893694 37.398687917)))",945.004225063324,209.88611615420706,38.07505284415345,38.07505284415345,石川県、輪島市、鳳至町浜町上，下,0,0,0,8.4,multi
C:\Users\admin\Documents\GitHub\SensingRisk\sitelens\data\noto_crops\all\bldg_001835.png,20230303-49281-13461-s-8327,survived,0,136.89923251836709,37.397267444383324,"MULTIPOLYGON (((136.899172361 37.397302472, 136.899306944 37.397269389, 136.899292694 37.397232417, 136.899158083 37.3972655, 136.899172361 37.397302472)))",997.7889816602071,530.9910167233118,41.624552509519845,41.624552509519845,石川県、輪島市、鳳至町下町,0,0,0,8.4,multi
C:\Users\admin\Documents\GitHub\SensingRisk\sitelens\data\noto_crops\all\bldg_001836.png,20230303-49281-13461-s-8476,survived,0,136.89946457606862,37.397961971087554,"MULTIPOLYGON (((136.899507583 37.397997028, 136.899505583 37.397929083, 136.899413639 37.397930806, 136.899414583 37.39796225, 136.899430778 37.397961944, 136.899431833 37.3979975, 136.899507583 37.397997028)))",1047.584060124484,374.98949217442913,27.075307281956725,27.075307281956725,石川県、輪島市、鳳至町浜町上，下,0,0,0,8.4,multi
C:\Users\admin\Documents\GitHub\SensingRisk\sitelens\data\noto_crops\all\bldg_001837.png,20230303-49281-13461-s-8534,survived,0,136.8987572180318,37.39834162457388,"MULTIPOLYGON (((136.898703806 37.398384417, 136.8988325 37.39833525, 136.898810611 37.398298833, 136.898681944 37.398348, 136.898703806 37.398384417)))",908.9512461662293,278.7043014663538,42.09850886662798,42.09850886662798,石川県、輪島市、鳳至町下町,0,0,0,8.4,multi
C:\Users\admin\Documents\GitHub\SensingRisk\sitelens\data\noto_crops\all\bldg_001838.png,20230303-49281-13461-s-8566,survived,0,136.89984692652936,37.39848555741696,"MULTIPOLYGON (((136.899879889 37.398528694, 136.899876472 37.398445444, 136.899806389 37.398447278, 136.89980775 37.398480306, 136.899821889 37.398479944, 136.899823944 37.39853, 136.899879889 37.398528694)))",1117.5496988626014,250.59240596680527,29.760804963438346,29.760804963438346,石川県、輪島市、鳳至町浜町上，下,0,0,0,8.4,multi
C:\Users\admin\Documents\GitHub\SensingRisk\sitelens\data\noto_crops\all\bldg_001839.png,20230303-49281-13461-s-8453,survived,0,136.8990817289483,37.3978423458588,"MULTIPOLYGON (((136.899032139 37.397870778, 136.89913 37.397872194, 136.899131333 37.397813917, 136.899033444 37.3978125, 136.899032139 37.397870778)))",976.6259683820937,403.03769006538585,27.736652729246316,27.736652729246316,石川県、輪島市、鳳至町下町,0,0,0,8.4,multi
C:\Users\admin\Documents\GitHub\SensingRisk\sitelens\data\noto_crops\all\bldg_001840.png,20230303-49281-13461-s-8451,survived,0,136.89959014580924,37.3978442673639,"MULTIPOLYGON (((136.899562472 37.397809028, 136.899567583 37.39788175, 136.899617833 37.3978795, 136.899612694 37.397806778, 136.899562472 37.397809028)))",1072.0762163890693,403.26242113824776,26.38756645786259,26.38756645786259,石川県、輪島市、鳳至町浜町上，下,0,0,0,8.4,multi
C:\Users\admin\Documents\GitHub\SensingRisk\sitelens\data\noto_crops\all\bldg_001841.png,20230303-49284-13461-s-6848,survived,0,136.90030011777284,37.39849005436739,"MULTIPOLYGON (((136.900252861 37.398515472, 136.900349972 37.398512111, 136.900347389 37.398464639, 136.90025025 37.398468, 136.900252861 37.398515472)))",1203.6737102296618,250.9831211527058,27.884292226367506,27.884292226367506,石川県、輪島市、鳳至町浜町上，下,0,0,0,8.4,multi
C:\Users\admin\Documents\GitHub\SensingRisk\sitelens\data\noto_crops\all\bldg_001842.png,20230303-49281-13461-s-8579,survived,0,136.89951527758808,37.39856508329252,"MULTIPOLYGON (((136.899477111 37.398584667, 136.899553306 37.398584833, 136.899553444 37.3985455, 136.89947725 37.398545333, 136.899477111 37.398584667)))",1060.6401610692342,236.64840666235233,21.34425380494872,21.34425380494872,石川県、輪島市、鳳至町浜町上，下,0,0,0,8.4,multi
C:\Users\admin\Documents\GitHub\SensingRisk\sitelens\data\noto_crops\all\bldg_001843.png,20230303-49281-13461-s-8573,survived,0,136.89930999663645,37.39851632623705,"MULTIPOLYGON (((136.899263556 37.398547222, 136.899356222 37.398547417, 136.899356444 37.398485444, 136.899263778 37.398485222, 136.899263556 37.398547222)))",1020.0591047763825,245.77590023578125,25.973367336061187,25.973367336061187,石川県、輪島市、鳳至町浜町上，下,0,0,0,8.4,multi
C:\Users\admin\Documents\GitHub\SensingRisk\sitelens\data\noto_crops\all\bldg_001844.png,20230303-49281-13461-s-8531,survived,0,136.8995934722714,37.398318250029654,"MULTIPOLYGON (((136.899652222 37.398290139, 136.899528917 37.398299972, 136.899534722 37.398346361, 136.899658028 37.398336528, 136.899652222 37.398290139)))",1067.8378663486906,287.1873273530681,36.10205224884885,36.10205224884885,石川県、輪島市、鳳至町浜町上，下,0,0,0,8.4,multi
C:\Users\admin\Documents\GitHub\SensingRisk\sitelens\data\noto_crops\all\bldg_001845.png,20230303-49281-13461-s-8372,survived,0,136.8994529329144,37.397467961526125,"MULTIPOLYGON (((136.899400694 37.397507083, 136.89946075 37.397505528, 136.899459833 37.397482111, 136.899505806 37.397480944, 136.899503611 37.397426667, 136.899452889 37.397427972, 136.899453861 37.397452139, 136.899400444 37.3974535, 136.899400694 37.397507083)))",1044.1110328507198,489.3929838924928,31.230378745972075,31.230378745972075,石川県、輪島市、鳳至町浜町上，下,0,0,0,8.4,multi
C:\Users\admin\Documents\GitHub\SensingRisk\sitelens\data\noto_crops\all\bldg_001846.png,20230303-49281-13461-s-8499,survived,0,136.8990251486456,37.39811347110803,"MULTIPOLYGON (((136.899079722 37.398140306, 136.899030694 37.398063889, 136.898973861 37.398081056, 136.899014667 37.398164, 136.899079722 37.398140306)))",962.2967821083255,335.2222459787825,35.91023095148404,35.91023095148404,石川県、輪島市、鳳至町下町,0,0,0,8.4,multi
C:\Users\admin\Documents\GitHub\SensingRisk\sitelens\data\noto_crops\all\bldg_001847.png,20230303-49281-13461-s-8454,survived,0,136.8989614863145,37.39785909704775,"MULTIPOLYGON (((136.899014167 37.397876111, 136.898978528 37.397815833, 136.898908806 37.397842083, 136.898944444 37.397902361, 136.899014167 37.397876111)))",951.7459612396741,396.64353167384144,32.664404000033926,32.664404000033926,石川県、輪島市、鳳至町下町,0,0,0,8.4,multi
C:\Users\admin\Documents\GitHub\SensingRisk\sitelens\data\noto_crops\all\bldg_001848.png,20230303-49281-13461-s-8554,survived,0,136.89879598632868,37.398432583502924,"MULTIPOLYGON (((136.898749861 37.398461417, 136.898854556 37.398433639, 136.898842111 37.39840375, 136.898737417 37.398431528, 136.898749861 37.398461417)))",920.8495079464383,262.03349346640795,32.754438410864964,32.754438410864964,石川県、輪島市、鳳至町下町,0,0,0,8.4,multi
C:\Users\admin\Documents\GitHub\SensingRisk\sitelens\data\noto_crops\all\bldg_001849.png,20230303-49281-13461-s-8432,survived,0,136.89891011992623,37.397743158835766,"MULTIPOLYGON (((136.898940083 37.397768639, 136.898928556 37.397750556, 136.898973 37.397732583, 136.898950194 37.397696722, 136.898849556 37.397737444, 136.898884472 37.397792361, 136.898940083 37.397768639)))",940.2567331587829,421.39357808300144,36.9237746168061,36.9237746168061,石川県、輪島市、鳳至町下町,0,0,0,8.4,multi
C:\Users\admin\Documents\GitHub\SensingRisk\sitelens\data\noto_crops\all\bldg_001850.png,20230303-49281-13461-s-8282,survived,0,136.89856958858883,37.39703870516941,"MULTIPOLYGON (((136.898610694 37.397052056, 136.898580222 37.397003694, 136.898528278 37.397024528, 136.898559667 37.397074333, 136.898610694 37.397052056)))",881.8818741110995,592.2810990984334,26.24419913264751,26.24419913264751,石川県、輪島市、鳳至町横町，住吉区,0,0,0,8.4,multi
C:\Users\admin\Documents\GitHub\SensingRisk\sitelens\data\noto_crops\all\bldg_001851.png,20230303-49281-13461-s-8503,survived,0,136.89985351425122,37.398105929283915,"MULTIPOLYGON (((136.899918194 37.398079028, 136.899786667 37.398087056, 136.899791 37.398133556, 136.899919528 37.398124333, 136.899918194 37.398079028)))",1115.711186170578,336.397658601795,37.15062824885058,37.15062824885058,石川県、輪島市、鳳至町浜町上，下,0,0,0,8.4,multi
C:\Users\admin\Documents\GitHub\SensingRisk\sitelens\data\noto_crops\all\bldg_001852.png,20230303-49281-13461-s-8107,survived,0,136.8987468798641,37.39626882948219,"MULTIPOLYGON (((136.898729111 37.396316194, 136.898811444 37.396272278, 136.898765306 37.396223306, 136.898683 37.396261861, 136.898729111 37.396316194)))",909.7039259724929,767.473628935214,36.864879030694965,36.864879030694965,石川県、輪島市、鳳至町住吉区，末広北,0,0,0,8.4,multi
C:\Users\admin\Documents\GitHub\SensingRisk\sitelens\data\noto_crops\all\bldg_001853.png,20230303-49281-13461-s-8510,survived,0,136.89877741144042,37.398209678722026,"MULTIPOLYGON (((136.898696778 37.398267583, 136.898883056 37.398189917, 136.898858083 37.398151778, 136.898671778 37.398229417, 136.898696778 37.398267583)))",904.2263161023458,301.1747023750463,59.077610704634026,59.077610704634026,石川県、輪島市、鳳至町下町,0,0,0,8.4,multi
C:\Users\admin\Documents\GitHub\SensingRisk\sitelens\data\noto_crops\all\bldg_001854.png,20230303-49281-13461-s-8536,survived,0,136.89926169523955,37.398332586109326,"MULTIPOLYGON (((136.899203722 37.398361111, 136.899287389 37.398358333, 136.89928625 37.39833625, 136.899328639 37.398334833, 136.899327083 37.398304667, 136.899256917 37.398307, 136.899257444 37.398317139, 136.899201972 37.398319, 136.899203722 37.398361111)))",1007.0047996097142,284.094073509204,35.41866032282519,35.41866032282519,石川県、輪島市、鳳至町下町,0,0,0,8.4,multi
C:\Users\admin\Documents\GitHub\SensingRisk\sitelens\data\noto_crops\all\bldg_001855.png,20230303-49281-13461-s-8416,survived,0,136.8994655966714,37.3976398996895,"MULTIPOLYGON (((136.899416111 37.397671972, 136.899517694 37.397669222, 136.899515111 37.397607833, 136.899413472 37.397610583, 136.899416111 37.397671972)))",1047.4772700256772,449.8370606782161,29.142583433786967,29.142583433786967,石川県、輪島市、鳳至町浜町上，下,0,0,0,8.4,multi
C:\Users\admin\Documents\GitHub\SensingRisk\sitelens\data\noto_crops\all\bldg_001856.png,20230303-49281-13461-s-7978,survived,0,136.8985693047928,37.39556314323636,"MULTIPOLYGON (((136.898611444 37.395578861, 136.898563833 37.395526278, 136.898527167 37.395547444, 136.898574778 37.3956, 136.898611444 37.395578861)))",881.3773551350791,938.1149499972539,27.1859418088942,27.1859418088942,石川県、輪島市、鳳至町末広南,0,0,0,8.4,multi
C:\Users\admin\Documents\GitHub\SensingRisk\sitelens\data\noto_crops\all\bldg_001857.png,20230303-49281-13461-s-8507,destroyed,1,136.89927394144962,37.398158188676305,"MULTIPOLYGON (((136.899217722 37.398198417, 136.899335806 37.39819275, 136.899330139 37.398117944, 136.899212083 37.398123639, 136.899217722 37.398198417)))",1009.0268269697825,325.4999315517511,34.59545825322482,34.59545825322482,石川県、輪島市、鳳至町下町,0,0,0,8.4,multi
C:\Users\admin\Documents\GitHub\SensingRisk\sitelens\data\noto_crops\all\bldg_001858.png,20230303-49281-13461-s-8770,survived,0,136.8987367180875,37.39942169385848,"MULTIPOLYGON (((136.898690306 37.399451917, 136.898772472 37.3994515, 136.898771972 37.399383528, 136.898721889 37.39938375, 136.898722139 37.399414972, 136.898690472 37.399415139, 136.898690306 37.399451917)))",912.3414202498637,34.41054664386555,25.68692023080405,25.68692023080405,石川県、輪島市、鳳至町下町鳳至丁北,0,0,0,8.4,multi
C:\Users\admin\Documents\GitHub\SensingRisk\sitelens\data\noto_crops\all\bldg_001859.png,20230303-49281-13461-s-8605,survived,0,136.8987404444132,37.39874206927655,"MULTIPOLYGON (((136.898785361 37.398771444, 136.898771417 37.398702861, 136.898695528 37.398712694, 136.898709472 37.398781278, 136.898785361 37.398771444)))",912.4032306520608,191.3220408388755,28.939434526668805,28.939434526668805,石川県、輪島市、鳳至町鳳至丁南鳳至本町,0,0,0,8.4,multi
C:\Users\admin\Documents\GitHub\SensingRisk\sitelens\data\noto_crops\all\bldg_001860.png,20230303-49281-13461-s-8769,survived,0,136.89885820212888,37.39940103501489,"MULTIPOLYGON (((136.898798722 37.399423556, 136.898917528 37.399423806, 136.898917694 37.399378528, 136.898798889 37.39937825, 136.898798722 37.399423556)))",932.1921642515395,34.53777560532582,33.26698236465461,33.26698236465461,石川県、輪島市、鳳至町下町鳳至丁北,0,0,0,8.4,multi
C:\Users\admin\Documents\GitHub\SensingRisk\sitelens\data\noto_crops\all\bldg_001861.png,20230303-49281-13461-s-8814,survived,0,136.8990474928342,37.39954935134114,"MULTIPOLYGON (((136.899099444 37.399529139, 136.899003056 37.399530111, 136.89900375 37.399572472, 136.899073917 37.399571778, 136.899073667 37.399555917, 136.899099333 37.399555639, 136.899099444 37.399529139)))",971.3352733135224,2.5508938952074107,26.95203826162549,26.95203826162549,石川県、輪島市、鳳至町浜町下,0,0,0,8.4,multi
C:\Users\admin\Documents\GitHub\SensingRisk\sitelens\data\noto_crops\all\bldg_001862.png,20230303-49281-13461-s-8622,survived,0,136.8991215555,37.3988370555,"MULTIPOLYGON (((136.899153722 37.398888278, 136.899144389 37.39878275, 136.899089389 37.398785833, 136.899098722 37.398891361, 136.899153722 37.398888278)))",978.8035185768579,164.39021821110262,38.22733794695009,38.22733794695009,石川県、輪島市、鳳至町浜町下,0,0,0,8.4,multi
C:\Users\admin\Documents\GitHub\SensingRisk\sitelens\data\noto_crops\all\bldg_001863.png,20230303-49281-13461-s-8586,survived,0,136.89913453157138,37.39867586550867,"MULTIPOLYGON (((136.899095556 37.398736389, 136.899185222 37.398727056, 136.899164667 37.398601361, 136.899119056 37.398606111, 136.899124972 37.398642278, 136.899078556 37.398647111, 136.899095556 37.398736389)))",976.0808847011523,199.20378294876994,47.52521373270682,47.52521373270682,石川県、輪島市、鳳至町浜町上，下,0,0,0,8.4,multi
C:\Users\admin\Documents\GitHub\SensingRisk\sitelens\data\noto_crops\all\bldg_001864.png,20230303-49281-13461-s-8660,survived,0,136.8991907576043,37.39899667593526,"MULTIPOLYGON (((136.89916475 37.399028, 136.899223028 37.399024556, 136.89921875 37.398964944, 136.899155972 37.398970778, 136.89916475 37.399028)))",999.251544541076,134.76638653671512,22.662831625762664,22.662831625762664,石川県、輪島市、鳳至町浜町下,0,0,0,8.4,multi
C:\Users\admin\Documents\GitHub\SensingRisk\sitelens\data\noto_crops\all\bldg_001865.png,20230303-49281-13461-s-8785,survived,0,136.89923530752006,37.39944177101042,"MULTIPOLYGON (((136.899179611 37.399465528, 136.899291694 37.399464, 136.899291861 37.399418694, 136.899179111 37.399418944, 136.899179611 37.399465528)))",1003.3917795446184,25.767805213033448,31.52718506389192,31.52718506389192,石川県、輪島市、鳳至町浜町下,0,0,0,8.4,multi
C:\Users\admin\Documents\GitHub\SensingRisk\sitelens\data\noto_crops\all\bldg_001866.png,20230303-49281-13461-s-8623,survived,0,136.89922825000002,37.39881855549999,"MULTIPOLYGON (((136.899252778 37.398851194, 136.899250778 37.398785028, 136.899203722 37.398785917, 136.899205722 37.398852083, 136.899252778 37.398851194)))",1006.0059565884583,176.04426917311983,23.601054648019442,23.601054648019442,石川県、輪島市、鳳至町浜町下,0,0,0,8.4,multi
C:\Users\admin\Documents\GitHub\SensingRisk\sitelens\data\noto_crops\all\bldg_001868.png,20230303-49281-13461-s-8649,survived,0,136.89931318176392,37.39900717703353,"MULTIPOLYGON (((136.899367778 37.399071972, 136.899366028 37.398934889, 136.899265917 37.398935694, 136.899267389 37.3990515, 136.899231833 37.399051778, 136.899232111 37.399074, 136.899367778 37.399071972)))",1006.6642512258368,119.7459604011546,48.96228935656089,48.96228935656089,石川県、輪島市、鳳至町浜町下,0,0,0,8.4,multi
C:\Users\admin\Documents\GitHub\SensingRisk\sitelens\data\noto_crops\all\bldg_001869.png,20230303-49281-13461-s-8617,survived,0,136.8993143301188,37.39880221530249,"MULTIPOLYGON (((136.899262528 37.3988375, 136.899367139 37.398836528, 136.899366139 37.398766944, 136.899261528 37.398767889, 136.899262528 37.3988375)))",1019.0881234063042,176.9118621438517,29.53097597757983,29.53097597757983,石川県、輪島市、鳳至町浜町下,0,0,0,8.4,multi
C:\Users\admin\Documents\GitHub\SensingRisk\sitelens\data\noto_crops\all\bldg_001870.png,20230303-49281-13461-s-8696,survived,0,136.89934011074808,37.39917434609551,"MULTIPOLYGON (((136.899376194 37.399226972, 136.899370611 37.399119667, 136.899304861 37.399120722, 136.899308972 37.399229194, 136.899376194 37.399226972)))",1019.4616576769217,85.06608393647905,38.549738456488015,38.549738456488015,石川県、輪島市、鳳至町浜町下,0,0,0,8.4,multi
C:\Users\admin\Documents\GitHub\SensingRisk\sitelens\data\noto_crops\all\bldg_001871.png,20230303-49281-13461-s-8788,survived,0,136.899349306,37.39945043049999,"MULTIPOLYGON (((136.899316306 37.399474194, 136.899382806 37.39947375, 136.899382306 37.399426667, 136.899315806 37.399427111, 136.899316306 37.399474194)))",1030.8667184839162,30.073039665504517,19.012478858329324,19.012478858329324,石川県、輪島市、鳳至町浜町下,0,0,0,8.4,multi
C:\Users\admin\Documents\GitHub\SensingRisk\sitelens\data\noto_crops\all\bldg_001872.png,20230303-49281-13461-s-8754,survived,0,136.89934592293974,37.39937143035342,"MULTIPOLYGON (((136.899392 37.399408194, 136.899387778 37.399333083, 136.899299611 37.399335278, 136.899303833 37.399409194, 136.899392 37.399408194)))",1025.3713070406634,43.835540675497505,28.698220753513645,28.698220753513645,石川県、輪島市、鳳至町浜町下,0,0,0,8.4,multi
C:\Users\admin\Documents\GitHub\SensingRisk\sitelens\data\noto_crops\all\bldg_001873.png,20230303-49281-13461-s-8762,survived,0,136.8992464375333,37.399374470287235,"MULTIPOLYGON (((136.899288889 37.399409167, 136.899287667 37.399338833, 136.899203972 37.399339778, 136.899205222 37.399410111, 136.899288889 37.399409167)))",1007.8517955065943,44.058686879500776,26.687558486492726,26.687558486492726,石川県、輪島市、鳳至町浜町下,0,0,0,8.4,multi
C:\Users\admin\Documents\GitHub\SensingRisk\sitelens\data\noto_crops\all\bldg_001874.png,20230303-49281-13461-s-8726,survived,0,136.89873158978355,37.39924903447019,"MULTIPOLYGON (((136.8986835 37.399267111, 136.898779889 37.39926675, 136.898779667 37.399230944, 136.898683278 37.399231333, 136.8986835 37.399267111)))",911.7139410018922,73.33003680505666,27.014393583933497,27.014393583933497,石川県、輪島市、鳳至町下町鳳至丁北,0,0,0,8.4,multi
C:\Users\admin\Documents\GitHub\SensingRisk\sitelens\data\noto_crops\all\bldg_001875.png,20230303-49281-13461-s-8591,survived,0,136.8990253806966,37.398649304074574,"MULTIPOLYGON (((136.899065417 37.398665, 136.899047667 37.398618472, 136.898985333 37.398633611, 136.899003111 37.398680139, 136.899065417 37.398665)))",968.0551524338115,215.62556020209826,23.86538082421066,23.86538082421066,石川県、輪島市、鳳至町浜町上，下,0,0,0,8.4,multi
C:\Users\admin\Documents\GitHub\SensingRisk\sitelens\data\noto_crops\all\bldg_001876.png,20230303-49284-13461-s-6641,destroyed,1,136.90214270333297,37.39630025669751,"MULTIPOLYGON (((136.902088 37.396313028, 136.902121444 37.396360806, 136.902205056 37.396318667, 136.902148778 37.396236889, 136.902096417 37.396257639, 136.902120639 37.396296389, 136.902088 37.396313028)))",1540.0056704271701,757.271260170862,43.61452372560245,43.61452372560245,石川県、輪島市、河井町伊右エ門,1,0,0,8.4,multi
C:\Users\admin\Documents\GitHub\SensingRisk\sitelens\data\noto_crops\all\bldg_001877.png,20230303-49284-13461-s-6612,destroyed,1,136.90215811818726,37.39614828970057,"MULTIPOLYGON (((136.902161194 37.396105167, 136.902110306 37.396127722, 136.902153944 37.396191583, 136.902206556 37.396167861, 136.902161194 37.396105167)))",1548.2472101549686,798.6013510406269,31.56920431579863,31.56920431579863,石川県、輪島市、河井町伊右エ門,1,0,0,8.4,multi
C:\Users\admin\Documents\GitHub\SensingRisk\sitelens\data\noto_crops\all\bldg_001878.png,20230303-49284-13461-s-6485,destroyed,1,136.90222611062387,37.395656671088126,"MULTIPOLYGON (((136.902194 37.395701722, 136.902292028 37.395654278, 136.902259333 37.395611278, 136.902159306 37.395659694, 136.902194 37.395701722)))",1558.0096306271023,911.2454655556189,37.11176103485968,37.11176103485968,石川県、輪島市、河井町伊右エ門,0,0,0,8.4,multi
C:\Users\admin\Documents\GitHub\SensingRisk\sitelens\data\noto_crops\all\bldg_001879.png,20230303-49284-13461-s-6633,destroyed,1,136.90223724971148,37.396269344745605,"MULTIPOLYGON (((136.90230025 37.396292056, 136.90224525 37.396211472, 136.902173417 37.3962435, 136.902231389 37.396329444, 136.90230025 37.396292056)))",1557.3662589984488,764.459102060096,42.56167723655358,42.56167723655358,石川県、輪島市、河井町伊右エ門,1,0,0,8.4,multi
C:\Users\admin\Documents\GitHub\SensingRisk\sitelens\data\noto_crops\all\bldg_001880.png,20230303-49284-13461-s-6681,destroyed,1,136.90223087450664,37.3964763621225,"MULTIPOLYGON (((136.902280306 37.396505083, 136.902216167 37.396430639, 136.902182417 37.396449139, 136.902244167 37.396520806, 136.902280306 37.396505083)))",1561.3062211056827,721.2550875694286,32.64164355722835,32.64164355722835,石川県、輪島市、河井町本町二,1,0,0,8.4,multi
C:\Users\admin\Documents\GitHub\SensingRisk\sitelens\data\noto_crops\all\bldg_001881.png,20230303-49284-13461-s-6526,survived,0,136.9022487843449,37.395829826482775,"MULTIPOLYGON (((136.902197 37.395811111, 136.902246444 37.395874111, 136.902298056 37.395850389, 136.902255722 37.395785917, 136.902197 37.395811111)))",1564.3655720019547,872.8122461096981,32.55024982077384,32.55024982077384,石川県、輪島市、河井町伊右エ門,0,0,0,8.4,multi
C:\Users\admin\Documents\GitHub\SensingRisk\sitelens\data\noto_crops\all\bldg_001882.png,20230303-49284-13461-s-6574,destroyed,1,136.9022430726452,37.39598978031384,"MULTIPOLYGON (((136.902230944 37.396026056, 136.902290111 37.39598625, 136.902257056 37.395954972, 136.902195972 37.395990222, 136.902230944 37.396026056)))",1565.9423627339602,837.5650597257235,27.723979920254692,27.723979920254692,石川県、輪島市、河井町伊右エ門,0,0,0,8.4,multi
C:\Users\admin\Documents\GitHub\SensingRisk\sitelens\data\noto_crops\all\bldg_001883.png,20230303-49284-13461-s-6675,destroyed,1,136.90227380330631,37.39645616100093,"MULTIPOLYGON (((136.902317472 37.396489194, 136.902300583 37.396468722, 136.902307944 37.396464861, 136.902263306 37.396410694, 136.902227306 37.396429583, 136.902288306 37.396503639, 136.902317472 37.396489194)))",1568.9184009354378,725.573236436674,32.71344454797111,32.71344454797111,石川県、輪島市、河井町本町二,1,0,0,8.4,multi
C:\Users\admin\Documents\GitHub\SensingRisk\sitelens\data\noto_crops\all\bldg_001884.png,20230303-49284-13461-s-6551,survived,0,136.90229265750082,37.3958978382227,"MULTIPOLYGON (((136.90233972188577 37.39591693359095, 136.90229469388575 37.39585709959094, 136.90224572188575 37.39587918359094, 136.90229033288577 37.395938266590946, 136.90233972188577 37.39591693359095)))",1574.0286552975847,858.1724494505777,30.073585077734833,30.073585077734833,石川県、輪島市、河井町伊右エ門,0,0,0,8.4,multi
C:\Users\admin\Documents\GitHub\SensingRisk\sitelens\data\noto_crops\all\bldg_001885.png,20230303-49284-13461-s-6587,destroyed,1,136.902286431352,37.3960396921629,"MULTIPOLYGON (((136.902270389 37.396076806, 136.9023355 37.396041806, 136.902297528 37.396002361, 136.902239833 37.396037694, 136.902270389 37.396076806)))",1573.7771129421126,825.567255673959,28.69188537099683,28.69188537099683,石川県、輪島市、河井町伊右エ門,0,0,0,8.4,multi
C:\Users\admin\Documents\GitHub\SensingRisk\sitelens\data\noto_crops\all\bldg_001886.png,20230303-49284-13461-s-6565,survived,0,136.90241138074265,37.39604514239147,"MULTIPOLYGON (((136.90254426385005 37.39613375434649, 136.90235006885004 37.395917338346486, 136.90227595785004 37.395954727346485, 136.90247765285005 37.39617631034648, 136.90254426385005 37.39613375434649)))",1564.826175386951,792.0920175646191,92.24432289485355,92.24432289485355,石川県、輪島市、河井町伊右エ門,0,0,0,8.4,multi
C:\Users\admin\Documents\GitHub\SensingRisk\sitelens\data\noto_crops\all\bldg_001887.png,20230303-49284-13461-s-6537,survived,0,136.90250469471962,37.39596117545017,"MULTIPOLYGON (((136.90258991577156 37.39592191009289, 136.90256972177156 37.39592902109289, 136.90245363777157 37.39579643709289, 136.90231894377158 37.395865882092885, 136.90254660977158 37.396125660092885, 136.90268583277157 37.396049076092886, 136.90258991577156 37.39592191009289)))",1568.0029834911975,798.1938117192857,120.2942229736343,120.2942229736343,石川県、輪島市、河井町伊右エ門,0,0,0,8.4,multi
C:\Users\admin\Documents\GitHub\SensingRisk\sitelens\data\noto_crops\all\bldg_001888.png,20230303-49284-13461-s-6505,destroyed,1,136.9024175632594,37.39574646733489,"MULTIPOLYGON (((136.902475278 37.395773694, 136.902412917 37.3956915, 136.902356778 37.395723556, 136.902429722 37.395801806, 136.902475278 37.395773694)))",1592.158745983325,888.754880831108,39.78525510281497,39.78525510281497,石川県、輪島市、河井町伊右エ門,0,0,0,8.4,multi
C:\Users\admin\Documents\GitHub\SensingRisk\sitelens\data\noto_crops\all\bldg_001889.png,20230303-49284-13461-s-6660,destroyed,1,136.90245972474602,37.39638861798977,"MULTIPOLYGON (((136.902520167 37.396423083, 136.902439806 37.396329917, 136.902400139 37.396351278, 136.902476 37.396446833, 136.902520167 37.396423083)))",1599.5191106678094,737.3136949615779,41.515518090252044,41.515518090252044,石川県、輪島市、河井町本町二,1,0,0,8.4,multi
C:\Users\admin\Documents\GitHub\SensingRisk\sitelens\data\noto_crops\all\bldg_001890.png,20230303-49284-13461-s-6685,destroyed,1,136.90257744276155,37.396526494443265,"MULTIPOLYGON (((136.902641528 37.396538972, 136.902604333 37.396493611, 136.902573667 37.396506639, 136.902545361 37.396484528, 136.902513167 37.396502944, 136.902572694 37.396572194, 136.902641528 37.396538972)))",1624.17733941608,707.2784459672923,35.89233704672938,35.89233704672938,石川県、輪島市、河井町本町二,1,0,0,8.4,multi
C:\Users\admin\Documents\GitHub\SensingRisk\sitelens\data\noto_crops\all\bldg_001891.png,20230303-49284-13461-s-6538,survived,0,136.90263277199367,37.395871845881224,"MULTIPOLYGON (((136.902608583 37.395926778, 136.902702139 37.395878111, 136.902650444 37.395814861, 136.902587917 37.395847389, 136.902599417 37.395861444, 136.902564833 37.395879444, 136.902608583 37.395926778)))",1631.4036721704074,858.3278049510864,42.3696213303009,42.3696213303009,石川県、輪島市、河井町伊右エ門,0,0,0,8.4,multi
C:\Users\admin\Documents\GitHub\SensingRisk\sitelens\data\noto_crops\all\bldg_001892.png,20230303-49284-13461-s-6642,destroyed,1,136.90265052279597,37.396313917903505,"MULTIPOLYGON (((136.90257 37.396274778, 136.902668972 37.396385861, 136.902731111 37.39635025, 136.902630639 37.396242722, 136.90257 37.396274778)))",1629.5262104702103,749.2104262196628,52.488515582593095,52.488515582593095,石川県、輪島市、河井町本町二,1,0,0,8.4,multi
C:\Users\admin\Documents\GitHub\SensingRisk\sitelens\data\noto_crops\all\bldg_001893.png,20230303-49284-13461-s-6635,destroyed,1,136.90271717846517,37.39629112213201,"MULTIPOLYGON (((136.902644861 37.396236194, 136.902760167 37.39637175, 136.902784861 37.396361083, 136.902755861 37.396327056, 136.902773806 37.396318139, 136.902679361 37.396218306, 136.902644861 37.396236194)))",1640.7543760046487,752.9712375297502,54.0070125874297,54.0070125874297,石川県、輪島市、河井町本町二,1,0,0,8.4,multi
C:\Users\admin\Documents\GitHub\SensingRisk\sitelens\data\noto_crops\all\bldg_001894.png,20230303-49284-13461-s-6569,survived,0,136.9027376149798,37.39598835897484,"MULTIPOLYGON (((136.902805528 37.396005889, 136.902740806 37.395930639, 136.902668944 37.395971, 136.902735917 37.396046278, 136.902805528 37.396005889)))",1650.3497551293121,830.3302304262985,43.15825896045658,43.15825896045658,石川県、輪島市、河井町伊右エ門,0,0,0,8.4,multi
C:\Users\admin\Documents\GitHub\SensingRisk\sitelens\data\noto_crops\all\bldg_001895.png,20230303-49284-13461-s-6631,destroyed,1,136.90274186652505,37.39623266786721,"MULTIPOLYGON (((136.902688361 37.396210583, 136.902756028 37.396279361, 136.902794944 37.396256806, 136.902729639 37.396185694, 136.902688361 37.396210583)))",1655.5107333638439,777.3986487914416,34.482893036835094,34.482893036835094,石川県、輪島市、河井町本町二,1,0,0,8.4,multi
C:\Users\admin\Documents\GitHub\SensingRisk\sitelens\data\noto_crops\all\bldg_001896.png,20230303-49284-13461-s-6668,destroyed,1,136.90276838476893,37.39644778775287,"MULTIPOLYGON (((136.902836 37.396477417, 136.902732556 37.39636575, 136.902708583 37.396377611, 136.9027525 37.396427361, 136.902715833 37.39644975, 136.902775361 37.396511861, 136.902836 37.396477417)))",1652.750679102083,720.5252281947479,51.426048694968244,51.426048694968244,石川県、輪島市、河井町本町二,1,0,0,8.4,multi
C:\Users\admin\Documents\GitHub\SensingRisk\sitelens\data\noto_crops\all\bldg_001897.png,20230303-49284-13461-s-6647,destroyed,1,136.9028086242251,37.396318191509216,"MULTIPOLYGON (((136.902861167 37.396334444, 136.902803111 37.396266361, 136.902762694 37.396291306, 136.902789472 37.39632175, 136.90277375 37.396332444, 136.902797528 37.396367667, 136.902861167 37.396334444)))",1668.0248340681214,756.9877518628368,35.656229094329774,35.656229094329774,石川県、輪島市、河井町本町二,1,0,0,8.4,multi
C:\Users\admin\Documents\GitHub\SensingRisk\sitelens\data\noto_crops\all\bldg_001898.png,20230303-49284-13461-s-6650,destroyed,1,136.902556153004,37.39634779596418,"MULTIPOLYGON (((136.902461472 37.396329972, 136.902530694 37.396406417, 136.902572056 37.396382583, 136.902601222 37.396414778, 136.902654611 37.396384, 136.9025525 37.396271194, 136.902461472 37.396329972)))",1610.3493501906862,740.5464405191112,56.35051700699273,56.35051700699273,石川県、輪島市、河井町本町二,1,0,0,8.4,multi
C:\Users\admin\Documents\GitHub\SensingRisk\sitelens\data\noto_crops\all\bldg_001899.png,20230303-49284-13461-s-6540,survived,0,136.90216469425948,37.39587735658575,"MULTIPOLYGON (((136.902154333 37.395934111, 136.902246389 37.395889611, 136.902221833 37.395855583, 136.902194889 37.395869833, 136.902159222 37.395821472, 136.902090028 37.395849972, 136.902154333 37.395934111)))",1543.4671692122854,855.4893782094645,44.774602409898876,44.774602409898876,石川県、輪島市、河井町伊右エ門,0,0,0,8.4,multi
C:\Users\admin\Documents\GitHub\SensingRisk\sitelens\data\noto_crops\all\bldg_001900.png,20230303-49284-13461-s-6674,destroyed,1,136.90268011608305,37.39648886307571,"MULTIPOLYGON (((136.902695944 37.396574278, 136.902777556 37.396526167, 136.902656944 37.396403722, 136.902585083 37.396445889, 136.902695944 37.396574278)))",1630.2046976284928,703.1598311150445,62.60119177300123,62.60119177300123,石川県、輪島市、河井町本町二,1,0,0,8.4,multi
C:\Users\admin\Documents\GitHub\SensingRisk\sitelens\data\noto_crops\all\bldg_001901.png,20230303-49284-13461-s-6669,destroyed,1,136.9023320308463,37.39642106754838,"MULTIPOLYGON (((136.902276694 37.396399889, 136.90233475 37.39646975, 136.902386389 37.396443056, 136.902331333 37.396372583, 136.902276694 37.396399889)))",1578.4673225148742,732.5425076782604,35.669251821261355,35.669251821261355,石川県、輪島市、河井町本町二,1,0,0,8.4,multi
C:\Users\admin\Documents\GitHub\SensingRisk\sitelens\data\noto_crops\all\bldg_001902.png,20230303-49284-13461-s-6616,destroyed,1,136.9028181793723,37.39618738720771,"MULTIPOLYGON (((136.902841639 37.396215889, 136.90286575 37.39624125, 136.902905722 37.396217056, 136.902816111 37.396122778, 136.902734722 37.396172028, 136.902801722 37.396242528, 136.902841639 37.396215889)))",1663.3182817446514,782.2625203515099,48.1606289994736,48.1606289994736,石川県、輪島市、河井町本町二,1,0,0,8.4,multi
C:\Users\admin\Documents\GitHub\SensingRisk\sitelens\data\noto_crops\all\bldg_001903.png,20230303-49284-13461-s-6480,destroyed,1,136.90274540920956,37.3956555119413,"MULTIPOLYGON (((136.902841861 37.39566025, 136.902790556 37.395588639, 136.902646139 37.395653278, 136.902703389 37.395721194, 136.902841861 37.39566025)))",1645.8258666886225,902.8089855315859,54.727837827470466,54.727837827470466,石川県、輪島市、河井町丁字,0,0,0,8.4,multi
C:\Users\admin\Documents\GitHub\SensingRisk\sitelens\data\noto_crops\all\bldg_001904.png,20230303-49284-13461-s-6506,destroyed,1,136.90233083934157,37.39577860846589,"MULTIPOLYGON (((136.902410611 37.39581525, 136.9023195 37.395704972, 136.902250639 37.395741194, 136.902342889 37.395852861, 136.902410611 37.39581525)))",1569.3963785600404,874.342357980537,53.46944376526858,53.46944376526858,石川県、輪島市、河井町伊右エ門,0,0,0,8.4,multi
C:\Users\admin\Documents\GitHub\SensingRisk\sitelens\data\noto_crops\all\bldg_001905.png,20230303-49284-13461-s-6512,survived,0,136.90254820452978,37.39579552243368,"MULTIPOLYGON (((136.902618639 37.395826056, 136.902574056 37.395758, 136.902556944 37.395763861, 136.902531528 37.39573825, 136.902476917 37.395765556, 136.902546083 37.395852111, 136.902618639 37.395826056)))",1614.9394225399292,875.5889028847018,43.34386216522705,43.34386216522705,石川県、輪島市、河井町伊右エ門,0,0,0,8.4,multi
C:\Users\admin\Documents\GitHub\SensingRisk\sitelens\data\noto_crops\all\bldg_001906.png,20230303-49284-13461-s-6609,destroyed,1,136.90238805430974,37.39616919707597,"MULTIPOLYGON (((136.902474306 37.396185667, 136.902401389 37.396099944, 136.902301861 37.396149806, 136.902375389 37.396240056, 136.902474306 37.396185667)))",1580.2881536376537,782.7577946421355,53.10797506993447,53.10797506993447,石川県、輪島市、河井町伊右エ門,0,0,0,8.4,multi
C:\Users\admin\Documents\GitHub\SensingRisk\sitelens\data\noto_crops\all\bldg_001907.png,20230303-49284-13461-s-6690,destroyed,1,136.90283596100247,37.39654373114756,"MULTIPOLYGON (((136.902879722 37.396555056, 136.902834889 37.396506306, 136.90279175 37.396531556, 136.902837889 37.39658175, 136.902879722 37.396555056)))",1676.278864125467,707.5366995824505,28.02350265968539,28.02350265968539,石川県、輪島市、河井町本町二,1,0,0,8.4,multi
C:\Users\admin\Documents\GitHub\SensingRisk\sitelens\data\noto_crops\all\bldg_001908.png,20230303-49284-13461-s-6678,destroyed,1,136.9025382529515,37.39645741230211,"MULTIPOLYGON (((136.902538111 37.396418361, 136.902481944 37.39645875, 136.902515472 37.396487444, 136.902542417 37.396470222, 136.90256925 37.396488167, 136.902596222 37.396470333, 136.902538111 37.396418361)))",1619.0132657263014,726.86843351524,31.954444832272202,31.954444832272202,石川県、輪島市、河井町本町二,1,0,0,8.4,multi
C:\Users\admin\Documents\GitHub\SensingRisk\sitelens\data\noto_crops\all\bldg_001909.png,20230303-49284-13461-s-6482,destroyed,1,136.90243775963006,37.39566592292162,"MULTIPOLYGON (((136.902347111 37.395712194, 136.902428667 37.395672444, 136.902479417 37.395738556, 136.902548667 37.395707556, 136.902467056 37.395591472, 136.902310667 37.395661472, 136.902347111 37.395712194)))",1581.3190556791094,894.5287774825495,66.54962346288903,66.54962346288903,石川県、輪島市、河井町伊右エ門,0,0,0,8.4,multi
C:\Users\admin\Documents\GitHub\SensingRisk\sitelens\data\noto_crops\all\bldg_001910.png,20230303-49284-13461-s-6507,survived,0,136.9021377814987,37.39577330809557,"MULTIPOLYGON (((136.902078444 37.395846306, 136.902249028 37.395773389, 136.902206694 37.395705333, 136.902175972 37.39571625, 136.902168583 37.395708833, 136.902024889 37.395776444, 136.902078444 37.395846306)))",1528.6921447171105,870.466868069045,62.67380695343013,62.67380695343013,石川県、輪島市、河井町伊右エ門,0,0,0,8.4,multi
C:\Users\admin\Documents\GitHub\SensingRisk\sitelens\data\noto_crops\all\bldg_001911.png,20230303-49284-13461-s-6768,destroyed,1,136.9004630216915,37.39707020102303,"MULTIPOLYGON (((136.900389056 37.39717825, 136.900592556 37.397095861, 136.900508639 37.396957389, 136.900462222 37.39697875, 136.900467444 37.396988306, 136.900439 37.396998361, 136.900433083 37.396987028, 136.90036425 37.397011917, 136.900404361 37.397076361, 136.900341528 37.397099472, 136.900389056 37.39717825)))",1208.096686299163,558.0066870298069,81.27472773753686,81.27472773753686,石川県、輪島市、河井町本町一川端丁,1,0,0,8.4,multi
C:\Users\admin\Documents\GitHub\SensingRisk\sitelens\data\noto_crops\all\bldg_001912.png,20230303-49284-13461-s-6747,destroyed,1,136.90041604581947,37.39689379197144,"MULTIPOLYGON (((136.900370917 37.396933417, 136.900483111 37.396891944, 136.900461194 37.396854167, 136.900348972 37.396895639, 136.900370917 37.396933417)))",1220.4728764163124,620.7245240391221,37.5079829533895,37.5079829533895,石川県、輪島市、河井町本町一川端丁,1,0,0,8.4,multi
C:\Users\admin\Documents\GitHub\SensingRisk\sitelens\data\noto_crops\all\bldg_001913.png,20230303-49284-13461-s-6800,destroyed,1,136.90053785525174,37.39723579709224,"MULTIPOLYGON (((136.900454417 37.39729225, 136.900626444 37.397239, 136.900606472 37.397177556, 136.90051375 37.397202389, 136.900520417 37.397219694, 136.900433611 37.397256444, 136.900454417 37.39729225)))",1233.5153909312355,532.4789450161727,53.9200148847367,53.9200148847367,石川県、輪島市、河井町本町一川端丁,1,0,0,8.4,multi
C:\Users\admin\Documents\GitHub\SensingRisk\sitelens\data\noto_crops\all\bldg_001914.png,20230303-49284-13461-s-6696,destroyed,1,136.90062166828312,37.396626377656304,"MULTIPOLYGON (((136.900510972 37.396718389, 136.900813972 37.396596861, 136.900781694 37.396545667, 136.900668861 37.396590889, 136.90064775 37.396557361, 136.900455972 37.396634278, 136.900510972 37.396718389)))",1229.9864433553485,650.8477734750879,100.10405546824131,100.10405546824131,石川県、輪島市、河井町川端丁,1,0,0,8.4,multi
C:\Users\admin\Documents\GitHub\SensingRisk\sitelens\data\noto_crops\all\bldg_001915.png,20230303-49284-13461-s-6809,destroyed,1,136.90058387305518,37.39731404835126,"MULTIPOLYGON (((136.900608167 37.397330139, 136.900650778 37.3973195, 136.900632333 37.397252361, 136.900528417 37.397273944, 136.900549889 37.39733975, 136.90051975 37.397346, 136.900531056 37.397380639, 136.900616278 37.397362944, 136.900608167 37.397330139)))",1248.036187804788,517.5566861919702,45.472080946532515,45.472080946532515,石川県、輪島市、河井町本町一川端丁,1,0,0,8.4,multi
C:\Users\admin\Documents\GitHub\SensingRisk\sitelens\data\noto_crops\all\bldg_001916.png,20230303-49284-13461-s-6720,destroyed,1,136.90058813460436,37.39672862447873,"MULTIPOLYGON (((136.900537667 37.396772083, 136.900659611 37.396724694, 136.900635917 37.396685861, 136.900519028 37.396731306, 136.900537667 37.396772083)))",1251.873300298055,658.4975698608949,39.309855948554286,39.309855948554286,石川県、輪島市、河井町川端丁,1,0,0,8.4,multi
C:\Users\admin\Documents\GitHub\SensingRisk\sitelens\data\noto_crops\all\bldg_001917.png,20230303-49284-13461-s-6819,destroyed,1,136.90059873702444,37.397397268199384,"MULTIPOLYGON (((136.900658833 37.397368417, 136.900596639 37.397383111, 136.900593833 37.397372444, 136.900533833 37.397382472, 136.900553278 37.397431361, 136.900669917 37.397401806, 136.900658833 37.397368417)))",1254.8428209251829,501.7000970920029,38.05184436904051,38.05184436904051,石川県、輪島市、河井町本町一川端丁,1,0,0,8.4,multi
C:\Users\admin\Documents\GitHub\SensingRisk\sitelens\data\noto_crops\all\bldg_001918.png,20230303-49284-13461-s-6732,destroyed,1,136.9006185912576,37.39679158787002,"MULTIPOLYGON (((136.900580028 37.396836556, 136.90069525 37.396789722, 136.900672028 37.396753361, 136.900629972 37.396770472, 136.900620806 37.396756111, 136.900547722 37.396785806, 136.900580028 37.396836556)))",1256.89858912362,642.0432688937485,41.25181870990332,41.25181870990332,石川県、輪島市、河井町川端丁,1,0,0,8.4,multi
C:\Users\admin\Documents\GitHub\SensingRisk\sitelens\data\noto_crops\all\bldg_001919.png,20230303-49284-13461-s-6737,destroyed,1,136.9006460355778,37.39687656794195,"MULTIPOLYGON (((136.900625944 37.396949917, 136.900697778 37.396920861, 136.900655639 37.396854556, 136.900718028 37.396829333, 136.9007015 37.396803306, 136.900581944 37.396851667, 136.900625944 37.396949917)))",1257.0362677928215,617.7087966522485,51.60203150449729,51.60203150449729,石川県、輪島市、河井町川端丁,1,0,0,8.4,multi
C:\Users\admin\Documents\GitHub\SensingRisk\sitelens\data\noto_crops\all\bldg_001920.png,20230303-49284-13461-s-6823,destroyed,1,136.90067424460307,37.397499916816095,"MULTIPOLYGON (((136.900740278 37.397577194, 136.900693667 37.397453139, 136.900654111 37.397462583, 136.900639611 37.397424, 136.900601278 37.397433167, 136.900622639 37.397490028, 136.900643778 37.397484972, 136.900667972 37.397549444, 136.900692167 37.397543639, 136.900707 37.397583056, 136.900740278 37.397577194)))",1258.7220714449404,468.4166541963846,55.98224364661138,55.98224364661138,石川県、輪島市、河井町本町一川端丁,1,0,0,8.4,multi
C:\Users\admin\Documents\GitHub\SensingRisk\sitelens\data\noto_crops\all\bldg_001921.png,20230303-49284-13461-s-6715,destroyed,1,136.90072271947992,37.39669898668725,"MULTIPOLYGON (((136.900702111 37.396749806, 136.900784417 37.396716611, 136.900745056 37.396647972, 136.900659778 37.396682361, 136.900702111 37.396749806)))",1277.0210453198208,665.9524895332315,38.5175922647079,38.5175922647079,石川県、輪島市、河井町川端丁,1,0,0,8.4,multi
C:\Users\admin\Documents\GitHub\SensingRisk\sitelens\data\noto_crops\all\bldg_001922.png,20230303-49284-13461-s-6748,destroyed,1,136.90072400128332,37.39688836844401,"MULTIPOLYGON (((136.900734583 37.396859556, 136.900688972 37.396876139, 136.900712722 37.396917917, 136.900759861 37.396898944, 136.900734583 37.396859556)))",1285.706697397739,629.659319988906,22.010873974740093,22.010873974740093,石川県、輪島市、河井町川端丁,1,0,0,8.4,multi
C:\Users\admin\Documents\GitHub\SensingRisk\sitelens\data\noto_crops\all\bldg_001923.png,20230303-49284-13461-s-6777,destroyed,1,136.90073444048966,37.39710012942271,"MULTIPOLYGON (((136.900792 37.397151944, 136.900728917 37.397029028, 136.900676389 37.397053139, 136.900741722 37.397170111, 136.900792 37.397151944)))",1273.7067029161603,566.3659291644238,49.65636555817014,49.65636555817014,石川県、輪島市、河井町本町一川端丁,1,0,0,8.4,multi
C:\Users\admin\Documents\GitHub\SensingRisk\sitelens\data\noto_crops\all\bldg_001924.png,20230303-49284-13461-s-6807,destroyed,1,136.90075804149996,37.397275611,"MULTIPOLYGON (((136.90080525 37.397304889, 136.900780861 37.397231528, 136.900710833 37.397246333, 136.900735222 37.397319694, 136.90080525 37.397304889)))",1287.0978987556196,534.004684883445,31.76477987604119,31.76477987604119,石川県、輪島市、河井町本町一川端丁,1,0,0,8.4,multi
C:\Users\admin\Documents\GitHub\SensingRisk\sitelens\data\noto_crops\all\bldg_001925.png,20230303-49284-13461-s-6815,destroyed,1,136.9008030869442,37.39735417174156,"MULTIPOLYGON (((136.900864528 37.397325556, 136.900828583 37.397337083, 136.900817833 37.397315722, 136.900734806 37.397342333, 136.900761833 37.397396056, 136.90088 37.397358194, 136.900864528 37.397325556)))",1291.882346725464,510.7507516312855,40.59918499522723,40.59918499522723,石川県、輪島市、河井町本町一川端丁,1,0,0,8.4,multi
C:\Users\admin\Documents\GitHub\SensingRisk\sitelens\data\noto_crops\all\bldg_001926.png,20230303-49284-13461-s-6822,destroyed,1,136.90086703535573,37.397471142205426,"MULTIPOLYGON (((136.900841417 37.397541083, 136.900893167 37.397525694, 136.900883944 37.397505917, 136.900917306 37.397496028, 136.900904389 37.397468389, 136.900957389 37.397451944, 136.900933639 37.397406583, 136.900846667 37.397433111, 136.900850444 37.397441222, 136.9008085 37.397453694, 136.900803417 37.397442833, 136.900779667 37.397449889, 136.900812639 37.3975205, 136.900828222 37.397515861, 136.900841417 37.397541083)))",1297.3713341432644,477.17039112952915,52.41026189370285,52.41026189370285,石川県、輪島市、河井町本町一川端丁,1,0,0,8.4,multi
C:\Users\admin\Documents\GitHub\SensingRisk\sitelens\data\noto_crops\all\bldg_001927.png,20230303-49284-13461-s-6783,destroyed,1,136.90087665415686,37.39714249971527,"MULTIPOLYGON (((136.900846528 37.397158639, 136.900864111 37.397188417, 136.900888639 37.397179194, 136.900902306 37.397202333, 136.900942444 37.39718725, 136.900909944 37.397132278, 136.900925083 37.397126583, 136.900901389 37.3970865, 136.900800167 37.397120167, 136.900827667 37.397163167, 136.900846528 37.397158639)))",1302.1583819799262,558.7351972005405,43.87169327484867,43.87169327484867,石川県、輪島市、河井町本町一川端丁,1,0,0,8.4,multi
C:\Users\admin\Documents\GitHub\SensingRisk\sitelens\data\noto_crops\all\bldg_001928.png,20230303-49284-13461-s-6804,destroyed,1,136.9008627258431,37.39725555534532,"MULTIPOLYGON (((136.900895972 37.397217694, 136.900861278 37.397228222, 136.900855833 37.397216778, 136.900803472 37.397232667, 136.900835389 37.397299667, 136.900925139 37.397272444, 136.900895972 37.397217694)))",1305.7790545463563,536.9568981154534,34.02055898772346,34.02055898772346,石川県、輪島市、河井町本町一川端丁,1,0,0,8.4,multi
C:\Users\admin\Documents\GitHub\SensingRisk\sitelens\data\noto_crops\all\bldg_001929.png,20230303-49284-13461-s-6691,destroyed,1,136.9009581865738,37.39666502096912,"MULTIPOLYGON (((136.901105472 37.396770972, 136.900950972 37.39651375, 136.900877667 37.39654225, 136.900859583 37.396519611, 136.900812306 37.396540028, 136.900859111 37.396615278, 136.900843389 37.3966215, 136.900973806 37.396821944, 136.901105472 37.396770972)))",1286.1841302302378,638.2582507101147,108.47369227669697,108.47369227669697,石川県、輪島市、河井町川端丁,1,0,0,8.4,multi
C:\Users\admin\Documents\GitHub\SensingRisk\sitelens\data\noto_crops\all\bldg_001930.png,20230303-49284-13461-s-6770,destroyed,1,136.90087340299405,37.397028761344025,"MULTIPOLYGON (((136.90082 37.397008167, 136.900860833 37.397073833, 136.900926667 37.397048944, 136.900886389 37.396984028, 136.90082 37.397008167)))",1307.6789982545906,590.9758345991099,33.586553925567046,33.586553925567046,石川県、輪島市、河井町本町一川端丁,1,0,0,8.4,multi
C:\Users\admin\Documents\GitHub\SensingRisk\sitelens\data\noto_crops\all\bldg_001931.png,20230303-49284-13461-s-6838,destroyed,1,136.90091867981798,37.397694443135826,"MULTIPOLYGON (((136.900872694 37.397739028, 136.900951222 37.397716556, 136.900944611 37.397701833, 136.900993833 37.39768775, 136.9009775 37.397651417, 136.900847944 37.3976885, 136.900872694 37.397739028)))",1312.9404091940987,431.0310997888203,40.79352108637477,40.79352108637477,石川県、輪島市、河井町本町一川端丁,1,0,0,8.4,multi
C:\Users\admin\Documents\GitHub\SensingRisk\sitelens\data\noto_crops\all\bldg_001932.png,20230303-49284-13461-s-6827,destroyed,1,136.90104064000425,37.39751222645286,"MULTIPOLYGON (((136.901025417 37.397518861, 136.901057028 37.397582083, 136.901148306 37.397545333, 136.901090778 37.397458306, 136.900984667 37.397488222, 136.900971194 37.397457833, 136.900920556 37.397472111, 136.900950806 37.397540361, 136.901025417 37.397518861)))",1322.661267953449,460.7108213931184,63.68351573944096,63.68351573944096,石川県、輪島市、河井町本町一川端丁,1,0,0,8.4,multi
C:\Users\admin\Documents\GitHub\SensingRisk\sitelens\data\noto_crops\all\bldg_001933.png,20230303-49284-13461-s-6758,destroyed,1,136.9011578451585,37.397190783800006,"MULTIPOLYGON (((136.901275083 37.397236722, 136.901215472 37.397256361, 136.901198861 37.39722425, 136.90123425 37.397212583, 136.901158194 37.39706575, 136.901121028 37.397078028, 136.901085611 37.397009667, 136.901099306 37.397005139, 136.901052917 37.396915611, 136.901013194 37.396928722, 136.901093917 37.397084528, 136.901097639 37.397083278, 136.901166917 37.397216972, 136.901075639 37.397251667, 136.901138528 37.397356972, 136.901305333 37.397293583, 136.901275083 37.397236722)))",1300.1015414566566,504.90557528690323,155.34389798692172,155.34389798692172,石川県、輪島市、河井町本町一川端丁,1,0,0,8.4,multi
C:\Users\admin\Documents\GitHub\SensingRisk\sitelens\data\noto_crops\all\bldg_001934.png,20230303-49284-13461-s-6835,destroyed,1,136.90113091145275,37.397601868152215,"MULTIPOLYGON (((136.901192917 37.397608028, 136.901157222 37.397558472, 136.901068944 37.39759525, 136.901104917 37.397645528, 136.901192917 37.397608028)))",1355.005891135775,455.81599169851654,34.97189060692739,34.97189060692739,石川県、輪島市、河井町本町一川端丁,1,0,0,8.4,multi
C:\Users\admin\Documents\GitHub\SensingRisk\sitelens\data\noto_crops\all\bldg_001935.png,20230303-49284-13461-s-6752,destroyed,1,136.9011503385412,37.396960650536386,"MULTIPOLYGON (((136.901074361 37.396908611, 136.901173306 37.397025056, 136.901231694 37.396993472, 136.901205472 37.396962639, 136.901174444 37.396979417, 136.901150194 37.396950861, 136.901159667 37.396945722, 136.901112139 37.396889778, 136.901074361 37.396908611)))",1351.5106462704894,599.4489376130726,50.20073904704577,50.20073904704577,石川県、輪島市、河井町本町一川端丁,1,0,0,8.4,multi
C:\Users\admin\Documents\GitHub\SensingRisk\sitelens\data\noto_crops\all\bldg_001936.png,20230303-49284-13461-s-6829,destroyed,1,136.90119887654862,37.39750305065123,"MULTIPOLYGON (((136.901176 37.397532306, 136.901241833 37.397506806, 136.901221778 37.397473806, 136.901155917 37.397499278, 136.901176 37.397532306)))",1373.145681831572,484.5066004541536,24.02385482788077,24.02385482788077,石川県、輪島市、河井町本町一川端丁,1,0,0,8.4,multi
C:\Users\admin\Documents\GitHub\SensingRisk\sitelens\data\noto_crops\all\bldg_001937.png,20230303-49284-13461-s-6703,destroyed,1,136.90123587233197,37.396666184358565,"MULTIPOLYGON (((136.901219167 37.396728917, 136.901299222 37.396696306, 136.901240556 37.396596639, 136.901191944 37.396616194, 136.9012075 37.396650222, 136.901179056 37.396664444, 136.901219167 37.396728917)))",1369.3847087185673,670.4058518633665,46.557308273628564,46.557308273628564,石川県、輪島市、河井町上本町,1,0,0,8.4,multi
C:\Users\admin\Documents\GitHub\SensingRisk\sitelens\data\noto_crops\all\bldg_001938.png,20230303-49284-13461-s-6735,destroyed,1,136.90040923876157,37.396816886429995,"MULTIPOLYGON (((136.900361667 37.396797111, 136.900399167 37.396858222, 136.900456028 37.396835694, 136.900421111 37.396776611, 136.900361667 37.396797111)))",1222.7757490481797,642.2894889393123,30.22012009504192,30.22012009504192,石川県、輪島市、河井町本町一川端丁,1,0,0,8.4,multi
C:\Users\admin\Documents\GitHub\SensingRisk\sitelens\data\noto_crops\all\bldg_001939.png,20230303-49284-13461-s-6795,destroyed,1,136.90195796820478,37.3971929918289,"MULTIPOLYGON (((136.901903861 37.397180917, 136.901949056 37.39723725, 136.902012083 37.397205083, 136.901966861 37.397148722, 136.901903861 37.397180917)))",1509.9288715984314,552.5398396980006,33.46934937651474,33.46934937651474,石川県、輪島市、河井町本町一川端丁,1,0,0,8.4,multi
C:\Users\admin\Documents\GitHub\SensingRisk\sitelens\data\noto_crops\all\bldg_001940.png,20230303-49284-13461-s-6766,destroyed,1,136.90197903811764,37.39702701101652,"MULTIPOLYGON (((136.902030833 37.397059167, 136.901998861 37.397018556, 136.902023556 37.3970055, 136.901974472 37.396946389, 136.901943778 37.396963, 136.901977778 37.397006583, 136.901922583 37.397036861, 136.901970194 37.397095389, 136.902030833 37.397059167)))",1503.934751145424,583.4345605645708,52.44287737134778,52.44287737134778,石川県、輪島市、河井町本町二,1,0,0,8.4,multi
C:\Users\admin\Documents\GitHub\SensingRisk\sitelens\data\noto_crops\all\bldg_001941.png,20230303-49284-13461-s-6810,destroyed,1,136.9020243719201,37.39733133191769,"MULTIPOLYGON (((136.901964583 37.397386944, 136.901971083 37.397383194, 136.901983667 37.397397167, 136.902117528 37.397320333, 136.902064417 37.397261417, 136.902015306 37.397289611, 136.902020306 37.397295167, 136.901928222 37.397348, 136.901964583 37.397386944)))",1511.731030823781,510.2598522813274,54.06262315247989,54.06262315247989,石川県、輪島市、河井町本町一川端丁,1,0,0,8.4,multi
C:\Users\admin\Documents\GitHub\SensingRisk\sitelens\data\noto_crops\all\bldg_001942.png,20230303-49284-13461-s-6740,destroyed,1,136.9020010275,37.3968334305,"MULTIPOLYGON (((136.901987472 37.396858194, 136.902034611 37.396836833, 136.902014583 37.396808667, 136.901967444 37.396830028, 136.901987472 37.396858194)))",1524.9389936649104,643.8912844752596,19.50135910445465,19.50135910445465,石川県、輪島市、河井町本町二,1,0,0,8.4,multi
C:\Users\admin\Documents\GitHub\SensingRisk\sitelens\data\noto_crops\all\bldg_001943.png,20230303-49284-13461-s-6782,destroyed,1,136.90202686323732,37.39713669747429,"MULTIPOLYGON (((136.902042444 37.397187694, 136.902079028 37.397167139, 136.902010583 37.397085944, 136.901974667 37.397104917, 136.902042444 37.397187694)))",1521.443455450429,564.3943350815318,36.118829243659775,36.118829243659775,石川県、輪島市、河井町本町二,1,0,0,8.4,multi
C:\Users\admin\Documents\GitHub\SensingRisk\sitelens\data\noto_crops\all\bldg_001944.png,20230303-49284-13461-s-6754,destroyed,1,136.90204530965153,37.39695112366908,"MULTIPOLYGON (((136.902028806 37.397000139, 136.902109639 37.396958611, 136.902059028 37.396902472, 136.901982694 37.396942417, 136.902028806 37.397000139)))",1524.1990046887618,607.0781443887255,37.810376010532764,37.810376010532764,石川県、輪島市、河井町本町二,1,0,0,8.4,multi
C:\Users\admin\Documents\GitHub\SensingRisk\sitelens\data\noto_crops\all\bldg_001945.png,20230303-49284-13461-s-6780,destroyed,1,136.90207377600333,37.39710526456733,"MULTIPOLYGON (((136.902132944 37.397130306, 136.902067472 37.397052694, 136.902015083 37.39708, 136.902079056 37.397157611, 136.902132944 37.397130306)))",1529.0723541014847,570.6612002698985,38.445791272297924,38.445791272297924,石川県、輪島市、河井町本町二,1,0,0,8.4,multi
C:\Users\admin\Documents\GitHub\SensingRisk\sitelens\data\noto_crops\all\bldg_001946.png,20230303-49284-13461-s-6704,destroyed,1,136.9021114418739,37.39664384496372,"MULTIPOLYGON (((136.902176917 37.396653, 136.902123333 37.396597472, 136.902046528 37.396634222, 136.902098639 37.396690361, 136.902176917 37.396653)))",1536.7780644685126,679.5635866679804,37.093304718183845,37.093304718183845,石川県、輪島市、河井町本町二,1,0,0,8.4,multi
C:\Users\admin\Documents\GitHub\SensingRisk\sitelens\data\noto_crops\all\bldg_001947.png,20230303-49284-13461-s-6724,destroyed,1,136.9020868544204,37.39674068428655,"MULTIPOLYGON (((136.902087889 37.396771389, 136.902123833 37.396751194, 136.90208725 37.396709972, 136.902049167 37.396730778, 136.902087889 37.396771389)))",1539.037367053826,663.8196365385887,23.171069979669028,23.171069979669028,石川県、輪島市、河井町本町二,1,0,0,8.4,multi
C:\Users\admin\Documents\GitHub\SensingRisk\sitelens\data\noto_crops\all\bldg_001948.png,20230303-49284-13461-s-6743,destroyed,1,136.90208308316502,37.39685790245268,"MULTIPOLYGON (((136.902106944 37.396864611, 136.902082389 37.396837722, 136.902059222 37.396851194, 136.902083778 37.396878083, 136.902106944 37.396864611)))",1542.45128172787,640.3651169128781,15.069290695879772,15.069290695879772,石川県、輪島市、河井町本町二,1,0,0,8.4,multi
C:\Users\admin\Documents\GitHub\SensingRisk\sitelens\data\noto_crops\all\bldg_001949.png,20230303-49284-13461-s-6731,destroyed,1,136.90220897287873,37.396838616071726,"MULTIPOLYGON (((136.902138139 37.396924694, 136.902305806 37.396838639, 136.902222444 37.396751417, 136.902159556 37.396785861, 136.902202694 37.396839611, 136.902104778 37.396890889, 136.902138139 37.396924694)))",1540.6456628379494,620.435063683704,64.24334603337388,64.24334603337388,石川県、輪島市、河井町本町二,1,0,0,8.4,multi
C:\Users\admin\Documents\GitHub\SensingRisk\sitelens\data\noto_crops\all\bldg_001950.png,20230303-49284-13461-s-6794,destroyed,1,136.9022032732758,37.39722972868268,"MULTIPOLYGON (((136.902145 37.39731275, 136.902282028 37.397227222, 136.902270889 37.397209306, 136.902302306 37.397195083, 136.902264361 37.3971485, 136.902140861 37.397214389, 136.902156472 37.397234083, 136.902100333 37.397264361, 136.902145 37.39731275)))",1540.9087651308762,529.3247153556331,62.23608610304473,62.23608610304473,石川県、輪島市、河井町本町二,1,0,0,8.4,multi
C:\Users\admin\Documents\GitHub\SensingRisk\sitelens\data\noto_crops\all\bldg_001951.png,20230303-49284-13461-s-6753,destroyed,1,136.9021935441185,37.3969381805585,"MULTIPOLYGON (((136.902142278 37.396929611, 136.9021895 37.396979056, 136.902242667 37.396947583, 136.902201611 37.396897417, 136.902142278 37.396929611)))",1554.9106546667263,613.582938334188,30.93390636966444,30.93390636966444,石川県、輪島市、河井町本町二,1,0,0,8.4,multi
C:\Users\admin\Documents\GitHub\SensingRisk\sitelens\data\noto_crops\all\bldg_001952.png,20230303-49284-13461-s-6716,destroyed,1,136.90221522249996,37.396697208499994,"MULTIPOLYGON (((136.902201556 37.396738278, 136.902267417 37.396705639, 136.902228889 37.396656139, 136.902163028 37.396688778, 136.902201556 37.396738278)))",1558.8582573575284,669.8453466124491,31.520515738095582,31.520515738095582,石川県、輪島市、河井町本町二,1,0,0,8.4,multi
C:\Users\admin\Documents\GitHub\SensingRisk\sitelens\data\noto_crops\all\bldg_001953.png,20230303-49284-13461-s-6769,destroyed,1,136.90228391184752,37.39702433950192,"MULTIPOLYGON (((136.9022155 37.397025611, 136.902258639 37.397073222, 136.902352222 37.397016972, 136.902315028 37.396978139, 136.9022155 37.397025611)))",1568.238102749434,589.3561474766268,38.3511125231189,38.3511125231189,石川県、輪島市、河井町本町二,1,0,0,8.4,multi
C:\Users\admin\Documents\GitHub\SensingRisk\sitelens\data\noto_crops\all\bldg_001954.png,20230303-49284-13461-s-6751,destroyed,1,136.90231949931882,37.39693050861468,"MULTIPOLYGON (((136.902392167 37.396925861, 136.902347472 37.396880472, 136.902278667 37.396908917, 136.902289083 37.396920861, 136.902248667 37.396942222, 136.902287361 37.396982833, 136.902392167 37.396925861)))",1573.8011626387731,610.167757262309,40.854057367954965,40.854057367954965,石川県、輪島市、河井町本町二,1,0,0,8.4,multi
C:\Users\admin\Documents\GitHub\SensingRisk\sitelens\data\noto_crops\all\bldg_001955.png,20230303-49284-13461-s-6789,destroyed,1,136.90232016115596,37.39713897038252,"MULTIPOLYGON (((136.902318083 37.397171861, 136.902354083 37.397129028, 136.902333972 37.397109306, 136.902282333 37.397139583, 136.902318083 37.397171861)))",1582.2684118849752,570.0224413284234,23.09598398287062,23.09598398287062,石川県、輪島市、河井町本町二,1,0,0,8.4,multi
C:\Users\admin\Documents\GitHub\SensingRisk\sitelens\data\noto_crops\all\bldg_001956.png,20230303-49284-13461-s-6723,destroyed,1,136.90230811537077,37.396722160124895,"MULTIPOLYGON (((136.902303139 37.396743278, 136.902335333 37.396726056, 136.902314111 37.396700806, 136.90228025 37.396718917, 136.902303139 37.396743278)))",1583.6605125589588,671.5644640214158,16.42822995647782,16.42822995647782,石川県、輪島市、河井町本町二,1,0,0,8.4,multi
C:\Users\admin\Documents\GitHub\SensingRisk\sitelens\data\noto_crops\all\bldg_001957.png,20230303-49284-13461-s-6760,destroyed,1,136.90238347856976,37.39697242591249,"MULTIPOLYGON (((136.902361972 37.397008056, 136.902432361 37.396965889, 136.902404972 37.396936806, 136.902334611 37.396978944, 136.902361972 37.397008056)))",1591.8918150212926,606.9330758926637,28.186580064582813,28.186580064582813,石川県、輪島市、河井町本町二,1,0,0,8.4,multi
C:\Users\admin\Documents\GitHub\SensingRisk\sitelens\data\noto_crops\all\bldg_001958.png,20230303-49284-13461-s-6728,destroyed,1,136.90244645765438,37.396812749093186,"MULTIPOLYGON (((136.902346444 37.396808056, 136.902413222 37.396880611, 136.902438806 37.396866472, 136.902462472 37.396897417, 136.902507389 37.396873667, 136.902464222 37.3968235, 136.902501667 37.39679975, 136.902518806 37.396816472, 136.90254425 37.396801639, 136.90248325 37.396730556, 136.902346444 37.396808056)))",1586.336900925115,627.0244466972393,62.35986068088073,62.35986068088073,石川県、輪島市、河井町本町二,1,0,0,8.4,multi
C:\Users\admin\Documents\GitHub\SensingRisk\sitelens\data\noto_crops\all\bldg_001959.png,20230303-49284-13461-s-6722,destroyed,1,136.9024085616455,37.396719706739354,"MULTIPOLYGON (((136.902381944 37.396718194, 136.902399528 37.3967405, 136.902434694 37.3967215, 136.902418361 37.396698806, 136.902381944 37.396718194)))",1602.628329184056,672.3531603168897,15.97196518633018,15.97196518633018,石川県、輪島市、河井町本町二,1,0,0,8.4,multi
C:\Users\admin\Documents\GitHub\SensingRisk\sitelens\data\noto_crops\all\bldg_001960.png,20230303-49284-13461-s-6694,destroyed,1,136.90244150573537,37.39657644071762,"MULTIPOLYGON (((136.9024555 37.396540944, 136.902394889 37.396573, 136.902426556 37.396612556, 136.902489 37.396578583, 136.9024555 37.396540944)))",1602.9602658920053,699.9481448328045,27.844586804331357,27.844586804331357,石川県、輪島市、河井町本町二,1,0,0,8.4,multi
C:\Users\admin\Documents\GitHub\SensingRisk\sitelens\data\noto_crops\all\bldg_001961.png,20230303-49284-13461-s-6705,destroyed,1,136.90248693243285,37.39662878264436,"MULTIPOLYGON (((136.902473778 37.396658417, 136.902526167 37.396631722, 136.902500083 37.396599139, 136.902447694 37.396625861, 136.902473778 37.396658417)))",1613.7106518152302,690.1044876972431,23.11581137651649,23.11581137651649,石川県、輪島市、河井町本町二,1,0,0,8.4,multi
C:\Users\admin\Documents\GitHub\SensingRisk\sitelens\data\noto_crops\all\bldg_001962.png,20230303-49284-13461-s-6711,destroyed,1,136.902518875,37.3966700975,"MULTIPOLYGON (((136.902502028 37.396698417, 136.902558167 37.396670528, 136.902535722 37.396641778, 136.902479583 37.396669667, 136.902502028 37.396698417)))",1619.968639282125,680.7122264672232,22.50960925737195,22.50960925737195,石川県、輪島市、河井町本町二,1,0,0,8.4,multi
C:\Users\admin\Documents\GitHub\SensingRisk\sitelens\data\noto_crops\all\bldg_001963.png,20230303-49284-13461-s-6721,destroyed,1,136.9025507822447,37.39671740265583,"MULTIPOLYGON (((136.902509694 37.396717306, 136.902537194 37.396748333, 136.902591861 37.3967175, 136.902564389 37.396686472, 136.902509694 37.396717306)))",1625.0928593619933,668.7895670759079,24.1552831734017,24.1552831734017,石川県、輪島市、河井町本町二,1,0,0,8.4,multi
C:\Users\admin\Documents\GitHub\SensingRisk\sitelens\data\noto_crops\all\bldg_001964.png,20230303-49284-13461-s-6726,destroyed,1,136.9025798649418,37.39676064340611,"MULTIPOLYGON (((136.902533806 37.396759611, 136.902560722 37.396795111, 136.902626583 37.396761861, 136.902597556 37.396726056, 136.902533806 37.396759611)))",1629.1101795242978,657.1910093566411,27.088095364288506,27.088095364288506,石川県、輪島市、河井町本町二,1,0,0,8.4,multi
C:\Users\admin\Documents\GitHub\SensingRisk\sitelens\data\noto_crops\all\bldg_001965.png,20230303-49284-13461-s-6738,destroyed,1,136.90258396266603,37.39684900669935,"MULTIPOLYGON (((136.902529917 37.396838556, 136.902578833 37.396893167, 136.902635944 37.396860833, 136.902592806 37.396804722, 136.902529917 37.396838556)))",1626.5680783566788,633.4055247268495,33.19235243195533,33.19235243195533,石川県、輪島市、河井町本町二,1,0,0,8.4,multi
C:\Users\admin\Documents\GitHub\SensingRisk\sitelens\data\noto_crops\all\bldg_001966.png,20230303-49284-13461-s-6779,survived,0,136.90264630659317,37.39709564060534,"MULTIPOLYGON (((136.902613472 37.397138917, 136.902708333 37.397090472, 136.902677111 37.397051083, 136.902583528 37.397103889, 136.902613472 37.397138917)))",1637.282278152857,574.6402889243848,35.25205523857721,35.25205523857721,石川県、輪島市、河井町本町二,0,0,0,8.4,multi
C:\Users\admin\Documents\GitHub\SensingRisk\sitelens\data\noto_crops\all\bldg_001967.png,20230303-49284-13461-s-6697,destroyed,1,136.9026382977359,37.39659045760187,"MULTIPOLYGON (((136.902648972 37.396548556, 136.902581611 37.396586528, 136.902627028 37.396631944, 136.902695139 37.396595139, 136.902648972 37.396548556)))",1637.0569632982053,694.2598524661744,32.88579037954321,32.88579037954321,石川県、輪島市、河井町本町二,1,0,0,8.4,multi
C:\Users\admin\Documents\GitHub\SensingRisk\sitelens\data\noto_crops\all\bldg_001968.png,20230303-49284-13461-s-6734,destroyed,1,136.90264314947117,37.396810520360226,"MULTIPOLYGON (((136.902650917 37.396849556, 136.902693556 37.396830583, 136.902647472 37.396770278, 136.902592083 37.396793389, 136.902630028 37.396842333, 136.902643833 37.396835528, 136.902650917 37.396849556)))",1639.0748286410708,643.9057150664546,30.507089396740525,30.507089396740525,石川県、輪島市、河井町本町二,1,0,0,8.4,multi
C:\Users\admin\Documents\GitHub\SensingRisk\sitelens\data\noto_crops\all\bldg_001969.png,20230303-49284-13461-s-6725,destroyed,1,136.90276703732584,37.396757824931655,"MULTIPOLYGON (((136.902770889 37.396722861, 136.902721278 37.396753361, 136.902759444 37.396793167, 136.902814833 37.396761083, 136.902770889 37.396722861)))",1663.9376002629294,657.6015185915761,27.472911108925587,27.472911108925587,石川県、輪島市、河井町本町二,1,0,0,8.4,multi
C:\Users\admin\Documents\GitHub\SensingRisk\sitelens\data\noto_crops\all\bldg_001970.png,20230303-49284-13461-s-6719,destroyed,1,136.9028385672825,37.396717995938715,"MULTIPOLYGON (((136.902889667 37.396727278, 136.902845 37.396678306, 136.902786028 37.396708528, 136.902835 37.396758167, 136.902889667 37.396727278)))",1675.2352246461453,665.2225128379182,30.89800587929483,30.89800587929483,石川県、輪島市、河井町本町二,1,0,0,8.4,multi
C:\Users\admin\Documents\GitHub\SensingRisk\sitelens\data\noto_crops\all\bldg_001971.png,20230303-49284-13461-s-6712,destroyed,1,136.90281002800003,37.396658819500004,"MULTIPOLYGON (((136.902806167 37.396675861, 136.902831639 37.396660417, 136.902813889 37.396641778, 136.902788417 37.396657222, 136.902806167 37.396675861)))",1678.9641725012948,688.0792188597455,13.068248822433134,13.068248822433134,石川県、輪島市、河井町本町二,1,0,0,8.4,multi
C:\Users\admin\Documents\GitHub\SensingRisk\sitelens\data\noto_crops\all\bldg_001972.png,20230303-49284-13461-s-6741,survived,0,136.90292964122315,37.39688006476459,"MULTIPOLYGON (((136.902897472 37.396945056, 136.903017222 37.396880944, 136.902961833 37.396815083, 136.902842056 37.396879167, 136.902897472 37.396945056)))",1682.2713259173051,617.1743368585285,51.04815494101274,51.04815494101274,石川県、輪島市、河井町本町二,0,0,0,8.4,multi
C:\Users\admin\Documents\GitHub\SensingRisk\sitelens\data\noto_crops\all\bldg_001973.png,20230303-49284-13461-s-6713,destroyed,1,136.90200737577825,37.39668991562602,"MULTIPOLYGON (((136.90195375 37.396674528, 136.902004333 37.396735444, 136.902059722 37.396704583, 136.902013028 37.396645306, 136.90195375 37.396674528)))",1518.9622389461954,670.4174667277017,33.58315159220979,33.58315159220979,石川県、輪島市、河井町本町二,1,0,0,8.4,multi
C:\Users\admin\Documents\GitHub\SensingRisk\sitelens\data\noto_crops\all\bldg_001974.png,20230303-49284-13461-s-6709,destroyed,1,136.9027175705327,37.39668387513596,"MULTIPOLYGON (((136.902714806 37.39674, 136.902785944 37.396695472, 136.902720417 37.39662975, 136.902649306 37.396668333, 136.902714806 37.39674)))",1647.3230796481762,667.5495335352089,41.90009919028944,41.90009919028944,石川県、輪島市、河井町本町二,1,0,0,8.4,multi
C:\Users\admin\Documents\GitHub\SensingRisk\sitelens\data\noto_crops\all\bldg_001975.png,20230303-49284-13461-s-6657,destroyed,1,136.90098303939192,37.3963650935069,"MULTIPOLYGON (((136.900951306 37.396417778, 136.901053806 37.396379278, 136.901012194 37.396313611, 136.900914944 37.396347944, 136.900951306 37.396417778)))",1324.8050685455794,743.0264489385257,40.73368512847799,40.73368512847799,石川県、輪島市、河井町上本町,1,0,0,8.4,multi
C:\Users\admin\Documents\GitHub\SensingRisk\sitelens\data\noto_crops\all\bldg_001976.png,20230303-49284-13461-s-6554,destroyed,1,136.90099863592874,37.395921073442715,"MULTIPOLYGON (((136.901067306 37.395944778, 136.901019611 37.395856083, 136.900972111 37.395874389, 136.900990333 37.395904444, 136.900958917 37.395916556, 136.900938833 37.395883389, 136.900919556 37.395890806, 136.900973778 37.395980333, 136.901067306 37.395944778)))",1323.6156757154115,845.1488042794159,46.488792300612204,46.488792300612204,石川県、輪島市、河井町上本町,1,0,0,8.4,multi
C:\Users\admin\Documents\GitHub\SensingRisk\sitelens\data\noto_crops\all\bldg_001977.png,20230303-49284-13461-s-6594,destroyed,1,136.90105820850226,37.39607990889796,"MULTIPOLYGON (((136.901008389 37.396125833, 136.901142278 37.396077278, 136.90111925 37.396036833, 136.901051083 37.396061583, 136.901045167 37.396051194, 136.900978833 37.396075222, 136.901008389 37.396125833)))",1336.5217183536954,807.2656720180375,45.702534484863236,45.702534484863236,石川県、輪島市、河井町上本町,1,0,0,8.4,multi
C:\Users\admin\Documents\GitHub\SensingRisk\sitelens\data\noto_crops\all\bldg_001978.png,20230303-49284-13461-s-6649,destroyed,1,136.9011033394509,37.396305463601706,"MULTIPOLYGON (((136.901068111 37.396347694, 136.90111375 37.396332306, 136.901107 37.396319611, 136.901181083 37.396294639, 136.901167944 37.396269861, 136.901104 37.396291444, 136.90109725 37.396278694, 136.901039472 37.396298194, 136.901068111 37.396347694)))",1348.8431854036119,756.9498568374204,39.59730558395404,39.59730558395404,石川県、輪島市、河井町上本町,1,0,0,8.4,multi
C:\Users\admin\Documents\GitHub\SensingRisk\sitelens\data\noto_crops\all\bldg_001979.png,20230303-49284-13461-s-6504,destroyed,1,136.90109723490482,37.39575005851236,"MULTIPOLYGON (((136.901113 37.39569275, 136.901025333 37.395764667, 136.901071556 37.395796972, 136.901086833 37.395783028, 136.901104361 37.395793, 136.901124861 37.395776556, 136.90113575 37.395782611, 136.901160583 37.395763194, 136.901129278 37.395738083, 136.901151028 37.395717861, 136.901113 37.39569275)))",1345.251837426009,888.9065780129354,40.32282392664342,40.32282392664342,石川県、輪島市、河井町上本町,1,0,0,8.4,multi
C:\Users\admin\Documents\GitHub\SensingRisk\sitelens\data\noto_crops\all\bldg_001980.png,20230303-49284-13461-s-6627,destroyed,1,136.90114258303223,37.39621994667254,"MULTIPOLYGON (((136.901063167 37.39626425, 136.901226222 37.396215139, 136.901207667 37.396175972, 136.901104333 37.396207083, 136.901110167 37.396219417, 136.901048611 37.396237944, 136.901063167 37.39626425)))",1348.8690968778399,772.7217317971154,49.66363518502976,49.66363518502976,石川県、輪島市、河井町上本町,1,0,0,8.4,multi
C:\Users\admin\Documents\GitHub\SensingRisk\sitelens\data\noto_crops\all\bldg_001981.png,20230303-49284-13461-s-6527,destroyed,1,136.90117471053222,37.39584340330517,"MULTIPOLYGON (((136.901293194 37.395869, 136.901266444 37.395823028, 136.90124925 37.395829556, 136.9012255 37.395786, 136.901134972 37.395817972, 136.901121611 37.395796472, 136.901062528 37.395814222, 136.901113778 37.395901361, 136.901172417 37.395878417, 136.901156833 37.395849167, 136.901206583 37.395826306, 136.901224778 37.395855583, 136.901201222 37.395865972, 136.901222028 37.395897333, 136.901293194 37.395869)))",1348.9908715089164,853.6311680415954,64.49888842900577,64.49888842900577,石川県、輪島市、河井町上本町,1,0,0,8.4,multi
C:\Users\admin\Documents\GitHub\SensingRisk\sitelens\data\noto_crops\all\bldg_001982.png,20230303-49284-13461-s-6493,destroyed,1,136.90121285881787,37.3957280151754,"MULTIPOLYGON (((136.901129139 37.395679556, 136.901248583 37.395806306, 136.901295028 37.39576825, 136.901172917 37.395651167, 136.901129139 37.395679556)))",1359.687449880964,884.9191008448548,55.86480444962501,55.86480444962501,石川県、輪島市、河井町上本町,1,0,0,8.4,multi
C:\Users\admin\Documents\GitHub\SensingRisk\sitelens\data\noto_crops\all\bldg_001983.png,20230303-49284-13461-s-6670,destroyed,1,136.90128797810854,37.39645221799069,"MULTIPOLYGON (((136.901243056 37.396524528, 136.901305889 37.396500222, 136.901293333 37.396479556, 136.901363611 37.3964485, 136.9013265 37.396379278, 136.901255417 37.396408333, 136.901272472 37.396445333, 136.901208139 37.396473194, 136.901243056 37.396524528)))",1375.214449468167,717.0038708283198,52.322270485603894,52.322270485603894,石川県、輪島市、河井町上本町,1,0,0,8.4,multi
C:\Users\admin\Documents\GitHub\SensingRisk\sitelens\data\noto_crops\all\bldg_001984.png,20230303-49284-13461-s-6559,destroyed,1,136.90128946120333,37.39594003293509,"MULTIPOLYGON (((136.901238056 37.3959075, 136.901283778 37.395990556, 136.901339889 37.395973417, 136.901296833 37.395889861, 136.901238056 37.3959075)))",1384.165655367688,845.4435754848768,35.57469039271484,35.57469039271484,石川県、輪島市、河井町上本町,1,0,0,8.4,multi
C:\Users\admin\Documents\GitHub\SensingRisk\sitelens\data\noto_crops\all\bldg_001985.png,20230303-49284-13461-s-6593,destroyed,1,136.90130574745916,37.396095279143786,"MULTIPOLYGON (((136.90127125 37.396158028, 136.901384972 37.396108806, 136.901332028 37.396030944, 136.901274972 37.396055639, 136.90128 37.396063056, 136.901228889 37.396085194, 136.90127125 37.396158028)))",1381.2349064706573,802.9649621365016,48.13141584684968,48.13141584684968,石川県、輪島市、河井町上本町,1,0,0,8.4,multi
C:\Users\admin\Documents\GitHub\SensingRisk\sitelens\data\noto_crops\all\bldg_001986.png,20230303-49284-13461-s-6497,destroyed,1,136.9013558642664,37.39574985164599,"MULTIPOLYGON (((136.901234 37.395699583, 136.901295083 37.395753944, 136.90130575 37.395746333, 136.901321528 37.395760389, 136.901296056 37.395778611, 136.90137375 37.395847778, 136.901427306 37.3958095, 136.901399194 37.3957845, 136.90142775 37.395764083, 136.901449639 37.395777556, 136.901478861 37.395755556, 136.901414806 37.395697611, 136.901366889 37.395727889, 136.901293167 37.395658583, 136.901234 37.395699583)))",1377.967595759484,870.5553838942869,73.12097486498703,73.12097486498703,石川県、輪島市、河井町伊右エ門,1,0,0,8.4,multi
C:\Users\admin\Documents\GitHub\SensingRisk\sitelens\data\noto_crops\all\bldg_001987.png,20230303-49284-13461-s-6547,destroyed,1,136.90139225618827,37.395904793133184,"MULTIPOLYGON (((136.901316222 37.395897056, 136.901356333 37.3959645, 136.901467806 37.39592125, 136.901421778 37.395842472, 136.901366417 37.395860806, 136.901374111 37.395872028, 136.901316222 37.395897056)))",1397.9527153863323,848.639012687777,46.4172259594709,46.4172259594709,石川県、輪島市、河井町上本町,1,0,0,8.4,multi
C:\Users\admin\Documents\GitHub\SensingRisk\sitelens\data\noto_crops\all\bldg_001988.png,20230303-49284-13461-s-6637,destroyed,1,136.9014741257823,37.39641140589639,"MULTIPOLYGON (((136.901619417 37.396572528, 136.901471333 37.39631875, 136.901510083 37.396304389, 136.901498222 37.396284083, 136.901518 37.39627675, 136.901487361 37.39622425, 136.901328333 37.396283306, 136.901519167 37.396610389, 136.901619417 37.396572528)))",1368.4674985438646,683.3259818216129,135.907652520459,135.907652520459,石川県、輪島市、河井町上本町,1,0,0,8.4,multi
C:\Users\admin\Documents\GitHub\SensingRisk\sitelens\data\noto_crops\all\bldg_001989.png,20230303-49284-13461-s-6584,destroyed,1,136.90143442277034,37.396045880240194,"MULTIPOLYGON (((136.901428333 37.396100556, 136.901497167 37.396070917, 136.901442167 37.395990333, 136.901370583 37.396023417, 136.901428333 37.396100556)))",1408.6076795054353,818.180846511672,40.7142096983971,40.7142096983971,石川県、輪島市、河井町上本町,1,0,0,8.4,multi
C:\Users\admin\Documents\GitHub\SensingRisk\sitelens\data\noto_crops\all\bldg_001990.png,20230303-49284-13461-s-6456,destroyed,1,136.90144882814135,37.395571881248145,"MULTIPOLYGON (((136.901514417 37.395632889, 136.901474889 37.395572972, 136.901505167 37.39556025, 136.901462833 37.395496083, 136.901373556 37.395533583, 136.901452333 37.395652972, 136.901514417 37.395632889)))",1403.2399374980466,921.4259135185747,55.219534149685956,55.219534149685956,石川県、輪島市、河井町伊右エ門,1,0,0,8.4,multi
C:\Users\admin\Documents\GitHub\SensingRisk\sitelens\data\noto_crops\all\bldg_001991.png,20230303-49284-13461-s-6579,destroyed,1,136.90151832802988,37.39601871056244,"MULTIPOLYGON (((136.901581694 37.396043083, 136.901527917 37.395964583, 136.901455611 37.395993944, 136.901507611 37.396072722, 136.901581694 37.396043083)))",1424.6852388567258,824.7413096858356,40.16643386949522,40.16643386949522,石川県、輪島市、河井町上本町,1,0,0,8.4,multi
C:\Users\admin\Documents\GitHub\SensingRisk\sitelens\data\noto_crops\all\bldg_001992.png,20230303-49284-13461-s-6522,destroyed,1,136.90148624953426,37.39578619854275,"MULTIPOLYGON (((136.901501944 37.395795972, 136.901487083 37.395770333, 136.901470556 37.395776389, 136.901485417 37.395802083, 136.901501944 37.395795972)))",1433.1407377815533,893.7787207676324,11.174908433433188,11.174908433433188,石川県、輪島市、河井町伊右エ門,1,0,0,8.4,multi
C:\Users\admin\Documents\GitHub\SensingRisk\sitelens\data\noto_crops\all\bldg_001993.png,20230303-49284-13461-s-6651,destroyed,1,136.90156866341923,37.39632812958584,"MULTIPOLYGON (((136.901515556 37.396369556, 136.901642694 37.396323361, 136.901621778 37.396286694, 136.901494611 37.396332917, 136.901515556 37.396369556)))",1433.3856273757087,751.5052357670988,41.40700794855752,41.40700794855752,石川県、輪島市、河井町上本町,1,0,0,8.4,multi
C:\Users\admin\Documents\GitHub\SensingRisk\sitelens\data\noto_crops\all\bldg_001994.png,20230303-49284-13461-s-6665,destroyed,1,136.9015725206454,37.39639856379054,"MULTIPOLYGON (((136.901560111 37.39644, 136.901622972 37.396411528, 136.901587389 37.396359194, 136.901521472 37.396382694, 136.901560111 37.39644)))",1439.320138013805,740.0038855167132,30.868792731672556,30.868792731672556,石川県、輪島市、河井町上本町,1,0,0,8.4,multi
C:\Users\admin\Documents\GitHub\SensingRisk\sitelens\data\noto_crops\all\bldg_001995.png,20230303-49284-13461-s-6606,destroyed,1,136.90158429592861,37.39614716421262,"MULTIPOLYGON (((136.901638722 37.39617625, 136.90157925 37.396095056, 136.901529861 37.396118083, 136.901589361 37.396199278, 136.901638722 37.39617625)))",1438.391043743792,796.0559943386208,37.22681701189401,37.22681701189401,石川県、輪島市、河井町上本町,1,0,0,8.4,multi
C:\Users\admin\Documents\GitHub\SensingRisk\sitelens\data\noto_crops\all\bldg_001996.png,20230303-49284-13461-s-6502,destroyed,1,136.90159425660374,37.39574850264416,"MULTIPOLYGON (((136.901664833 37.395767306, 136.901601611 37.395686111, 136.901558972 37.395705667, 136.901570139 37.395718222, 136.901525222 37.395737778, 136.901578278 37.395806528, 136.901664833 37.395767306)))",1436.6885276593382,886.4085020243689,44.63452009407399,44.63452009407399,石川県、輪島市、河井町伊右エ門,1,0,0,8.4,multi
C:\Users\admin\Documents\GitHub\SensingRisk\sitelens\data\noto_crops\all\bldg_001997.png,20230303-49284-13461-s-6518,destroyed,1,136.90117339602787,37.395778842522624,"MULTIPOLYGON (((136.901162278 37.395803389, 136.901205722 37.395774861, 136.9011845 37.395754306, 136.901141083 37.395782806, 136.901162278 37.395803389)))",1370.8588972893958,891.5429764894981,19.100587583726337,19.100587583726337,石川県、輪島市、河井町上本町,1,0,0,8.4,multi
C:\Users\admin\Documents\GitHub\SensingRisk\sitelens\data\noto_crops\all\bldg_001998.png,20230303-49284-13461-s-6676,destroyed,1,136.90166936969518,37.396484065102676,"MULTIPOLYGON (((136.901637389 37.396560583, 136.901774306 37.3964995, 136.901715139 37.396415056, 136.901634056 37.396447333, 136.901621417 37.39643, 136.901564556 37.396454306, 136.901637389 37.396560583)))",1443.4979736582152,705.3597922234419,58.755263441990905,58.755263441990905,石川県、輪島市、河井町上本町,1,0,0,8.4,multi
C:\Users\admin\Documents\GitHub\SensingRisk\sitelens\data\noto_crops\all\bldg_001999.png,20230303-49284-13461-s-6483,destroyed,1,136.9016475761811,37.39563778916092,"MULTIPOLYGON (((136.901620306 37.39568375, 136.901711611 37.395639861, 136.901675222 37.395591722, 136.90158325 37.395635944, 136.901620306 37.39568375)))",1450.4477410772572,915.8775274851533,36.65334769769595,36.65334769769595,石川県、輪島市、河井町伊右エ門,1,0,0,8.4,multi
C:\Users\admin\Documents\GitHub\SensingRisk\sitelens\data\noto_crops\all\bldg_002000.png,20230303-49284-13461-s-6562,destroyed,1,136.90165875164544,37.39596725031001,"MULTIPOLYGON (((136.901712889 37.395996528, 136.901657556 37.39591475, 136.901604472 37.395937639, 136.901660222 37.396020028, 136.901712889 37.395996528)))",1452.1603119798722,838.1419313766132,37.42250989777074,37.42250989777074,石川県、輪島市、河井町伊右エ門,1,0,0,8.4,multi
C:\Users\admin\Documents\GitHub\SensingRisk\sitelens\data\noto_crops\all\bldg_002001.png,20230303-49284-13461-s-6592,destroyed,1,136.901669760162,37.39607865428856,"MULTIPOLYGON (((136.901627694 37.396129028, 136.901652389 37.396117167, 136.901639583 37.396100167, 136.901658444 37.396093917, 136.901674083 37.396110056, 136.901744194 37.396079944, 136.901706417 37.396029889, 136.901592917 37.396084444, 136.901627694 37.396129028)))",1451.5623428079818,809.4067214226595,42.30011508199891,42.30011508199891,石川県、輪島市、河井町上本町,1,0,0,8.4,multi
C:\Users\admin\Documents\GitHub\SensingRisk\sitelens\data\noto_crops\all\bldg_002002.png,20230303-49284-13461-s-6630,destroyed,1,136.90165891472066,37.3962534384539,"MULTIPOLYGON (((136.901724972 37.396296139, 136.901644694 37.396185083, 136.901593056 37.396208222, 136.901671833 37.39632225, 136.901724972 37.396296139)))",1446.7947017393321,765.540927055502,48.27806818979104,48.27806818979104,石川県、輪島市、河井町上本町,1,0,0,8.4,multi
C:\Users\admin\Documents\GitHub\SensingRisk\sitelens\data\noto_crops\all\bldg_002003.png,20230303-49284-13461-s-6663,destroyed,1,136.90165338049945,37.396386438645024,"MULTIPOLYGON (((136.901685111 37.396418417, 136.901666 37.396394306, 136.901688222 37.396383111, 136.901655639 37.396342, 136.90162625 37.396356833, 136.901636083 37.396369222, 136.901614861 37.396379917, 136.9016565 37.396432472, 136.901685111 37.396418417)))",1453.6192440871325,742.4171964495889,31.843033569933368,31.843033569933368,石川県、輪島市、河井町上本町,1,0,0,8.4,multi
C:\Users\admin\Documents\GitHub\SensingRisk\sitelens\data\noto_crops\all\bldg_002004.png,20230303-49284-13461-s-6500,destroyed,1,136.9016662608408,37.395703105545614,"MULTIPOLYGON (((136.9016545 37.395727944, 136.901698667 37.395706, 136.901677167 37.395678472, 136.901634472 37.395699694, 136.9016545 37.395727944)))",1462.7722965733187,909.2717194096621,19.13977309015513,19.13977309015513,石川県、輪島市、河井町伊右エ門,1,0,0,8.4,multi
C:\Users\admin\Documents\GitHub\SensingRisk\sitelens\data\noto_crops\all\bldg_002005.png,20230303-49284-13461-s-6541,destroyed,1,136.90166934801752,37.39586124891056,"MULTIPOLYGON (((136.901611583 37.395858611, 136.901637861 37.395900472, 136.90172725 37.395864611, 136.90169975 37.395821611, 136.901611583 37.395858611)))",1456.7014836947124,865.6355434825321,32.342837376064836,32.342837376064836,石川県、輪島市、河井町伊右エ門,1,0,0,8.4,multi
C:\Users\admin\Documents\GitHub\SensingRisk\sitelens\data\noto_crops\all\bldg_002006.png,20230303-49284-13461-s-6511,destroyed,1,136.90172006593048,37.39578422403247,"MULTIPOLYGON (((136.901648889 37.395837611, 136.9018165 37.395763472, 136.901794194 37.395731222, 136.901624972 37.395802722, 136.901648889 37.395837611)))",1455.6619953526392,873.0089840425902,53.55511042806825,53.55511042806825,石川県、輪島市、河井町伊右エ門,1,0,0,8.4,multi
C:\Users\admin\Documents\GitHub\SensingRisk\sitelens\data\noto_crops\all\bldg_002007.png,20230303-49284-13461-s-6601,destroyed,1,136.90173542673566,37.3961446027811,"MULTIPOLYGON (((136.901686472 37.396200083, 136.901803944 37.3961455, 136.901760167 37.396085472, 136.901710333 37.396108639, 136.901728806 37.396133917, 136.901661444 37.396165222, 136.901686472 37.396200083)))",1462.8631226384118,793.8938108757233,43.61112138891076,43.61112138891076,石川県、輪島市、河井町上本町,1,0,0,8.4,multi
C:\Users\admin\Documents\GitHub\SensingRisk\sitelens\data\noto_crops\all\bldg_002008.png,20230303-49284-13461-s-6623,destroyed,1,136.90178701746834,37.39623359810004,"MULTIPOLYGON (((136.901751833 37.396306917, 136.90188425 37.396251778, 136.901826 37.396156083, 136.901785361 37.396172583, 136.901790028 37.396179917, 136.901758389 37.396192778, 136.901777028 37.396221917, 136.901754611 37.396231028, 136.901728194 37.396189694, 136.901680806 37.396208972, 136.901751833 37.396306917)))",1464.3280712084659,765.2508487236948,59.26068607237198,59.26068607237198,石川県、輪島市、河井町伊右エ門,1,0,0,8.4,multi
C:\Users\admin\Documents\GitHub\SensingRisk\sitelens\data\noto_crops\all\bldg_002009.png,20230303-49284-13461-s-6490,destroyed,1,136.90172105240478,37.39566225305674,"MULTIPOLYGON (((136.901706194 37.395689306, 136.901757833 37.395666194, 136.901736 37.395635167, 136.901684194 37.395658389, 136.901706194 37.395689306)))",1471.8198587038098,917.7838906060864,21.34284322699375,21.34284322699375,石川県、輪島市、河井町伊右エ門,1,0,0,8.4,multi
C:\Users\admin\Documents\GitHub\SensingRisk\sitelens\data\noto_crops\all\bldg_002010.png,20230303-49284-13461-s-6656,destroyed,1,136.90175182543834,37.3964000680482,"MULTIPOLYGON (((136.901781806 37.39649475, 136.901829694 37.396474583, 136.901727194 37.396306861, 136.901673306 37.396331778, 136.901781806 37.39649475)))",1455.109141638396,722.0894807297951,66.13046836882586,66.13046836882586,石川県、輪島市、河井町上本町,1,0,0,8.4,multi
C:\Users\admin\Documents\GitHub\SensingRisk\sitelens\data\noto_crops\all\bldg_002011.png,20230303-49284-13461-s-6498,destroyed,1,136.9017613183621,37.39570826802345,"MULTIPOLYGON (((136.901798917 37.395668667, 136.901698667 37.395710167, 136.901725417 37.395749556, 136.901825694 37.395702694, 136.901798917 37.395668667)))",1472.4057035234239,899.6967247922074,35.51932360861042,35.51932360861042,石川県、輪島市、河井町伊右エ門,1,0,0,8.4,multi
C:\Users\admin\Documents\GitHub\SensingRisk\sitelens\data\noto_crops\all\bldg_002012.png,20230303-49284-13461-s-6531,destroyed,1,136.9017673363519,37.39582457683569,"MULTIPOLYGON (((136.901745972 37.395852139, 136.901808806 37.39582425, 136.901789667 37.39579675, 136.901725083 37.395825417, 136.901745972 37.395852139)))",1479.3481155024635,878.6888955747843,23.410647583007858,23.410647583007858,石川県、輪島市、河井町伊右エ門,1,0,0,8.4,multi
C:\Users\admin\Documents\GitHub\SensingRisk\sitelens\data\noto_crops\all\bldg_002013.png,20230303-49284-13461-s-6564,destroyed,1,136.90178777977422,37.395957732501515,"MULTIPOLYGON (((136.901733194 37.395946583, 136.901766361 37.395999389, 136.901844944 37.395965583, 136.901806583 37.3959175, 136.901733194 37.395946583)))",1479.0150144660931,842.789226761462,32.32546111124191,32.32546111124191,石川県、輪島市、河井町伊右エ門,1,0,0,8.4,multi
C:\Users\admin\Documents\GitHub\SensingRisk\sitelens\data\noto_crops\all\bldg_002014.png,20230303-49284-13461-s-6580,destroyed,1,136.90182920827178,37.39601599250917,"MULTIPOLYGON (((136.901791556 37.396062639, 136.901888056 37.396021111, 136.901870833 37.395995611, 136.901898639 37.395985389, 136.901878528 37.39596925, 136.901761361 37.396015583, 136.901791556 37.396062639)))",1483.6149809625415,826.2670864038853,38.38571096526243,38.38571096526243,石川県、輪島市、河井町伊右エ門,1,0,0,8.4,multi
C:\Users\admin\Documents\GitHub\SensingRisk\sitelens\data\noto_crops\all\bldg_002015.png,20230303-49284-13461-s-6658,destroyed,1,136.90182860195708,37.39639325188186,"MULTIPOLYGON (((136.901889528 37.396454444, 136.901832278 37.396378611, 136.901879417 37.396353694, 136.901857139 37.396319667, 136.901760639 37.396355222, 136.901836417 37.396475778, 136.901889528 37.396454444)))",1474.4184819693555,728.4052691371301,54.94570489555133,54.94570489555133,石川県、輪島市、河井町上本町,1,0,0,8.4,multi
C:\Users\admin\Documents\GitHub\SensingRisk\sitelens\data\noto_crops\all\bldg_002016.png,20230303-49284-13461-s-6514,destroyed,1,136.90186298237893,37.39577970009386,"MULTIPOLYGON (((136.90179775 37.395783694, 136.90182975 37.395819528, 136.901928528 37.395774444, 136.901897278 37.395740417, 136.90179775 37.395783694)))",1490.7013041708205,882.5452064488088,36.56817923651806,36.56817923651806,石川県、輪島市、河井町伊右エ門,1,0,0,8.4,multi
C:\Users\admin\Documents\GitHub\SensingRisk\sitelens\data\noto_crops\all\bldg_002017.png,20230303-49284-13461-s-6598,destroyed,1,136.90190268146648,37.39613306763058,"MULTIPOLYGON (((136.901950306 37.396167306, 136.901927278 37.3961285, 136.901967694 37.396108917, 136.901940917 37.396074889, 136.901833194 37.396117556, 136.901890444 37.396196361, 136.901950306 37.396167306)))",1493.7983312459196,795.2364423916634,44.28243715271606,44.28243715271606,石川県、輪島市、河井町伊右エ門,1,0,0,8.4,multi
C:\Users\admin\Documents\GitHub\SensingRisk\sitelens\data\noto_crops\all\bldg_002018.png,20230303-49284-13461-s-6532,destroyed,1,136.9018877868573,37.39584318497949,"MULTIPOLYGON (((136.901843694 37.395889889, 136.901963444 37.39583175, 136.901937444 37.395797667, 136.901849111 37.395837444, 136.901845833 37.395832806, 136.901814194 37.395847083, 136.901843694 37.395889889)))",1492.9058303515117,864.9910720893697,41.73332480324643,41.73332480324643,石川県、輪島市、河井町伊右エ門,1,0,0,8.4,multi
C:\Users\admin\Documents\GitHub\SensingRisk\sitelens\data\noto_crops\all\bldg_002019.png,20230303-49284-13461-s-6545,destroyed,1,136.90191505477864,37.395900150174825,"MULTIPOLYGON (((136.901819722 37.3959095, 136.901856167 37.39596025, 136.902011056 37.395889083, 136.901975361 37.395840722, 136.901819722 37.3959095)))",1491.975067694982,845.8011248575585,53.50086409780715,53.50086409780715,石川県、輪島市、河井町伊右エ門,1,0,0,8.4,multi
C:\Users\admin\Documents\GitHub\SensingRisk\sitelens\data\noto_crops\all\bldg_002020.png,20230303-49284-13461-s-6646,destroyed,1,136.90191340298983,37.39636122965992,"MULTIPOLYGON (((136.901991278 37.396411167, 136.901897667 37.396262556, 136.901846028 37.396287472, 136.901892833 37.396360889, 136.901856944 37.396373306, 136.9019045 37.396445556, 136.901991278 37.396411167)))",1487.1290992194986,733.9193385220597,64.40970844932872,64.40970844932872,石川県、輪島市、河井町伊右エ門,1,0,0,8.4,multi
C:\Users\admin\Documents\GitHub\SensingRisk\sitelens\data\noto_crops\all\bldg_002021.png,20230303-49284-13461-s-6568,destroyed,1,136.90193548125646,37.3959588615286,"MULTIPOLYGON (((136.901912083 37.395989, 136.901979417 37.395964111, 136.901958861 37.395928722, 136.901891556 37.395953611, 136.901912083 37.395989)))",1510.188087161382,846.5703700728629,24.567716248830266,24.567716248830266,石川県、輪島市、河井町伊右エ門,1,0,0,8.4,multi
C:\Users\admin\Documents\GitHub\SensingRisk\sitelens\data\noto_crops\all\bldg_002022.png,20230303-49284-13461-s-6626,destroyed,1,136.90200464151496,37.39628986905453,"MULTIPOLYGON (((136.902114667 37.396377472, 136.902028556 37.396225278, 136.902016583 37.396229444, 136.901977194 37.39616675, 136.901890417 37.3962065, 136.902029389 37.396413056, 136.902114667 37.396377472)))",1491.6263744856751,737.8316710313583,86.69124398777853,86.69124398777853,石川県、輪島市、河井町伊右エ門,1,0,0,8.4,multi
C:\Users\admin\Documents\GitHub\SensingRisk\sitelens\data\noto_crops\all\bldg_002023.png,20230303-49284-13461-s-6575,destroyed,1,136.90198034649478,37.39600006595345,"MULTIPOLYGON (((136.901954472 37.396043333, 136.902042028 37.396003583, 136.902006333 37.395957, 136.901918778 37.395996167, 136.901954472 37.396043333)))",1513.4862780260464,831.8034411884563,34.71741946390841,34.71741946390841,石川県、輪島市、河井町伊右エ門,1,0,0,8.4,multi
C:\Users\admin\Documents\GitHub\SensingRisk\sitelens\data\noto_crops\all\bldg_002024.png,20230303-49284-13461-s-6481,survived,0,136.9020337758214,37.39564596465559,"MULTIPOLYGON (((136.90199925 37.395705, 136.902085806 37.395660361, 136.902101444 37.395676472, 136.902132889 37.395660472, 136.902090472 37.395608528, 136.902070278 37.395617417, 136.902043472 37.39558875, 136.901942444 37.395638583, 136.90199925 37.395705)))",1514.893537012736,905.4336512954732,53.252281676398525,53.252281676398525,石川県、輪島市、河井町伊右エ門,0,0,0,8.4,multi
C:\Users\admin\Documents\GitHub\SensingRisk\sitelens\data\noto_crops\all\bldg_002025.png,20230303-49284-13461-s-6607,destroyed,1,136.90201353309573,37.39615102562926,"MULTIPOLYGON (((136.902066056 37.396182444, 136.902005833 37.396098278, 136.901960917 37.396121417, 136.902021889 37.396203222, 136.902066056 37.396182444)))",1518.5324202577535,795.3488954084129,36.95955778487587,36.95955778487587,石川県、輪島市、河井町伊右エ門,1,0,0,8.4,multi
C:\Users\admin\Documents\GitHub\SensingRisk\sitelens\data\noto_crops\all\bldg_002026.png,20230303-49284-13461-s-6585,destroyed,1,136.9020555946823,37.39605312281626,"MULTIPOLYGON (((136.902131472 37.396059222, 136.902082389 37.395994722, 136.901979861 37.396043972, 136.902030444 37.396113222, 136.902131472 37.396059222)))",1522.078835794589,813.7407415564027,45.592570511643885,45.592570511643885,石川県、輪島市、河井町伊右エ門,1,0,0,8.4,multi
C:\Users\admin\Documents\GitHub\SensingRisk\sitelens\data\noto_crops\all\bldg_002027.png,20230303-49284-13461-s-6625,destroyed,1,136.90208523363683,37.396208007275085,"MULTIPOLYGON (((136.902056833 37.396252167, 136.902144417 37.396205861, 136.902113722 37.396163444, 136.902025611 37.396210972, 136.902056833 37.396252167)))",1532.9674717599455,783.0625382080701,34.756839611602345,34.756839611602345,石川県、輪島市、河井町伊右エ門,1,0,0,8.4,multi
C:\Users\admin\Documents\GitHub\SensingRisk\sitelens\data\noto_crops\all\bldg_002028.png,20230303-49284-13461-s-6820,destroyed,1,136.90129291242607,37.39742255509109,"MULTIPOLYGON (((136.901344306 37.397373222, 136.901212944 37.397429194, 136.9012415 37.397471889, 136.901372889 37.397415917, 136.901344306 37.397373222)))",1380.326283677419,493.0455350223183,44.723863543404605,44.723863543404605,石川県、輪島市、河井町本町一川端丁,1,0,0,8.4,multi
C:\Users\admin\Documents\GitHub\SensingRisk\sitelens\data\noto_crops\all\bldg_002029.png,20230303-49284-13461-s-6684,destroyed,1,136.90135121482427,37.396579812692124,"MULTIPOLYGON (((136.901322306 37.396678556, 136.901460111 37.396624556, 136.901379917 37.396482528, 136.901243028 37.396532278, 136.901322306 37.396678556)))",1377.8892628240596,677.2480048540759,71.46532858848366,71.46532858848366,石川県、輪島市、河井町上本町,1,0,0,8.4,multi
C:\Users\admin\Documents\GitHub\SensingRisk\sitelens\data\noto_crops\all\bldg_002030.png,20230303-49284-13461-s-6836,destroyed,1,136.90139554755862,37.39767113907956,"MULTIPOLYGON (((136.901305861 37.39777875, 136.901507167 37.397685611, 136.901499833 37.397675528, 136.901564944 37.397645389, 136.901511333 37.397571583, 136.901445278 37.397602139, 136.901433583 37.397586056, 136.901230667 37.397679917, 136.901305861 37.39777875)))",1375.5056302759383,409.3985633737012,93.47062387996243,93.47062387996243,石川県、輪島市、河井町本町一川端丁,0,0,0,8.4,multi
C:\Users\admin\Documents\GitHub\SensingRisk\sitelens\data\noto_crops\all\bldg_002031.png,20230303-49284-13461-s-6828,destroyed,1,136.90129722695602,37.397516945705384,"MULTIPOLYGON (((136.901344917 37.397550806, 136.901295917 37.397466028, 136.901249528 37.397483111, 136.901298556 37.397567861, 136.901344917 37.397550806)))",1385.570054538429,475.33882070548026,35.84171497680046,35.84171497680046,石川県、輪島市、河井町本町一川端丁,1,0,0,8.4,multi
C:\Users\admin\Documents\GitHub\SensingRisk\sitelens\data\noto_crops\all\bldg_002032.png,20230303-49284-13461-s-6765,destroyed,1,136.90129058715135,37.396987640159516,"MULTIPOLYGON (((136.901299306 37.396945972, 136.901251444 37.396969583, 136.9012625 37.396983861, 136.901248194 37.396990917, 136.901277139 37.397028278, 136.9013385 37.396998, 136.901299306 37.396945972)))",1387.814737815805,602.6247820602576,29.90745730304525,29.90745730304525,石川県、輪島市、河井町本町一川端丁,1,0,0,8.4,multi
C:\Users\admin\Documents\GitHub\SensingRisk\sitelens\data\noto_crops\all\bldg_002033.png,20230303-49284-13461-s-6739,destroyed,1,136.90132131059553,37.39685824380508,"MULTIPOLYGON (((136.901262111 37.396836889, 136.901328361 37.396909778, 136.9013805 37.396879583, 136.901314278 37.396806722, 136.901262111 37.396836889)))",1388.944776008786,628.7826909523185,38.071065212101644,38.071065212101644,石川県、輪島市、河井町本町一川端丁,1,0,0,8.4,multi
C:\Users\admin\Documents\GitHub\SensingRisk\sitelens\data\noto_crops\all\bldg_002034.png,20230303-49284-13461-s-6798,destroyed,1,136.90133136134727,37.39719733316376,"MULTIPOLYGON (((136.901307667 37.397219583, 136.901366778 37.397189917, 136.901355056 37.397175083, 136.901295944 37.39720475, 136.901307667 37.397219583)))",1399.9514786932205,558.3512070344184,19.806621970070637,19.806621970070637,石川県、輪島市、河井町本町一川端丁,1,0,0,8.4,multi
C:\Users\admin\Documents\GitHub\SensingRisk\sitelens\data\noto_crops\all\bldg_002035.png,20230303-49284-13461-s-6756,destroyed,1,136.90138875606976,37.39696546700998,"MULTIPOLYGON (((136.901311806 37.396939528, 136.901391444 37.397026722, 136.901467778 37.396982389, 136.901430194 37.396941222, 136.901416306 37.396949278, 136.901375694 37.396904806, 136.901311806 37.396939528)))",1397.2942404256878,599.1378586629539,46.905754240363876,46.905754240363876,石川県、輪島市、河井町本町一川端丁,1,0,0,8.4,multi
C:\Users\admin\Documents\GitHub\SensingRisk\sitelens\data\noto_crops\all\bldg_002036.png,20230303-49284-13461-s-6826,destroyed,1,136.90137982868873,37.397492806466204,"MULTIPOLYGON (((136.901437806 37.397503056, 136.901390472 37.397446194, 136.901321861 37.397482556, 136.901369167 37.397539417, 136.901437806 37.397503056)))",1401.1521792996662,481.185204298438,35.47707859104156,35.47707859104156,石川県、輪島市、河井町本町一川端丁,1,0,0,8.4,multi
C:\Users\admin\Documents\GitHub\SensingRisk\sitelens\data\noto_crops\all\bldg_002037.png,20230303-49284-13461-s-6793,destroyed,1,136.90139810011084,37.397165036482235,"MULTIPOLYGON (((136.90139025 37.397182306, 136.901420917 37.397167472, 136.901405972 37.397147778, 136.901375278 37.397162583, 136.90139025 37.397182306)))",1415.5672588299549,569.1032831123663,13.456232260829438,13.456232260829438,石川県、輪島市、河井町本町一川端丁,1,0,0,8.4,multi
C:\Users\admin\Documents\GitHub\SensingRisk\sitelens\data\noto_crops\all\bldg_002038.png,20230303-49284-13461-s-6733,destroyed,1,136.90147817376442,37.396835015821495,"MULTIPOLYGON (((136.901554861 37.396875111, 136.901455861 37.396764028, 136.901402694 37.396792444, 136.901496472 37.396905389, 136.901554861 37.396875111)))",1411.8242209580326,627.8310932395652,51.02199216151553,51.02199216151553,石川県、輪島市、河井町本町一川端丁,1,0,0,8.4,multi
C:\Users\admin\Documents\GitHub\SensingRisk\sitelens\data\noto_crops\all\bldg_002039.png,20230303-49284-13461-s-6787,destroyed,1,136.9015175649088,37.39715696274797,"MULTIPOLYGON (((136.901489417 37.397211139, 136.901590444 37.397162472, 136.901539889 37.397095639, 136.901496111 37.397116722, 136.901505056 37.397128528, 136.90152275 37.39712, 136.901536806 37.397138611, 136.901487028 37.397162583, 136.901462917 37.397130667, 136.901436778 37.397143278, 136.901489417 37.397211139)))",1421.2637842175602,556.000834962074,45.12973571938153,45.12973571938153,石川県、輪島市、河井町本町一川端丁,1,0,0,8.4,multi
C:\Users\admin\Documents\GitHub\SensingRisk\sitelens\data\noto_crops\all\bldg_002040.png,20230303-49284-13461-s-6729,destroyed,1,136.9015300245683,37.39678303737729,"MULTIPOLYGON (((136.901577556 37.396812, 136.901516889 37.396735722, 136.901482056 37.396753361, 136.901543806 37.396830972, 136.901577556 37.396812)))",1430.0705910055315,648.6167162283663,33.554055768554576,33.554055768554576,石川県、輪島市、河井町本町一川端丁,1,0,0,8.4,multi
C:\Users\admin\Documents\GitHub\SensingRisk\sitelens\data\noto_crops\all\bldg_002041.png,20230303-49284-13461-s-6799,destroyed,1,136.90157248805644,37.397217842236905,"MULTIPOLYGON (((136.901549028 37.397258944, 136.901629083 37.397218583, 136.901595972 37.39717675, 136.901515889 37.397217083, 136.901549028 37.397258944)))",1438.5205274236341,547.1578160822013,32.5664402381301,32.5664402381301,石川県、輪島市、河井町本町一川端丁,1,0,0,8.4,multi
C:\Users\admin\Documents\GitHub\SensingRisk\sitelens\data\noto_crops\all\bldg_002042.png,20230303-49284-13461-s-6821,destroyed,1,136.9015651065715,37.39741833375892,"MULTIPOLYGON (((136.901530667 37.397414028, 136.901558972 37.397445722, 136.901599556 37.397422639, 136.901571222 37.397390944, 136.901530667 37.397414028)))",1442.9612902654203,505.93049917196083,20.935501684150722,20.935501684150722,石川県、輪島市、河井町本町一川端丁,1,0,0,8.4,multi
C:\Users\admin\Documents\GitHub\SensingRisk\sitelens\data\noto_crops\all\bldg_002043.png,20230303-49284-13461-s-6832,destroyed,1,136.9015860093533,37.39757981236123,"MULTIPOLYGON (((136.901639722 37.397598889, 136.901584667 37.397532028, 136.901532278 37.397558722, 136.901587306 37.397628583, 136.901639722 37.397598889)))",1439.6921605757466,460.7616366064668,35.26155831318607,35.26155831318607,石川県、輪島市、河井町本町一川端丁,0,0,0,8.4,multi
C:\Users\admin\Documents\GitHub\SensingRisk\sitelens\data\noto_crops\all\bldg_002044.png,20230303-49284-13461-s-6742,destroyed,1,136.90160125562267,37.39688245233367,"MULTIPOLYGON (((136.901660056 37.396914694, 136.901586417 37.396825111, 136.901542222 37.396851833, 136.901617389 37.396939611, 136.901660056 37.396914694)))",1439.799446571275,621.8151208782443,40.69121461099189,40.69121461099189,石川県、輪島市、河井町本町一川端丁,1,0,0,8.4,multi
C:\Users\admin\Documents\GitHub\SensingRisk\sitelens\data\noto_crops\all\bldg_002045.png,20230303-49284-13461-s-6940,destroyed,1,136.90161310608514,37.39678469505242,"MULTIPOLYGON (((136.901685028 37.39682175, 136.901600222 37.396716056, 136.901541861 37.396744556, 136.901623667 37.396853806, 136.901685028 37.39682175)))",1437.8795669711265,640.4626700492333,49.1187967360089,49.1187967360089,石川県、輪島市、河井町本町一川端丁,1,0,0,8.4,multi
C:\Users\admin\Documents\GitHub\SensingRisk\sitelens\data\noto_crops\all\bldg_002046.png,20230303-49284-13461-s-6764,destroyed,1,136.9016070170753,37.396994357902734,"MULTIPOLYGON (((136.901599083 37.397043278, 136.901664194 37.39701125, 136.901612861 37.396944972, 136.901550917 37.396977472, 136.901599083 37.397043278)))",1443.1627971738778,597.7576254857975,36.356757999088586,36.356757999088586,石川県、輪島市、河井町本町一川端丁,1,0,0,8.4,multi
C:\Users\admin\Documents\GitHub\SensingRisk\sitelens\data\noto_crops\all\bldg_002047.png,20230303-49284-13461-s-6811,destroyed,1,136.9016532140692,37.39734758180871,"MULTIPOLYGON (((136.901680417 37.397284861, 136.901570389 37.397342444, 136.901627667 37.397410528, 136.901718222 37.397363639, 136.901713778 37.397357667, 136.90173325 37.397346389, 136.901680417 37.397284861)))",1445.2955171692627,508.6760656508812,48.594133318479464,48.594133318479464,石川県、輪島市、河井町本町一川端丁,1,0,0,8.4,multi
C:\Users\admin\Documents\GitHub\SensingRisk\sitelens\data\noto_crops\all\bldg_002048.png,20230303-49284-13461-s-6830,destroyed,1,136.90166718751735,37.39753547583932,"MULTIPOLYGON (((136.901657667 37.397590583, 136.901731778 37.397553222, 136.901678222 37.397480972, 136.901601889 37.397517167, 136.901657667 37.397590583)))",1451.9122180262484,468.36145425521573,40.95835651571008,40.95835651571008,石川県、輪島市、河井町本町一川端丁,1,0,0,8.4,multi
C:\Users\admin\Documents\GitHub\SensingRisk\sitelens\data\noto_crops\all\bldg_002049.png,20230303-49284-13461-s-6824,destroyed,1,136.9017532915,37.397483514,"MULTIPOLYGON (((136.901821611 37.397492611, 136.901761333 37.397429889, 136.901684972 37.397474417, 136.90174525 37.397537139, 136.901821611 37.397492611)))",1467.9101929902133,480.5057933276217,41.19628527447338,41.19628527447338,石川県、輪島市、河井町本町一川端丁,1,0,0,8.4,multi
C:\Users\admin\Documents\GitHub\SensingRisk\sitelens\data\noto_crops\all\bldg_002050.png,20230303-49284-13461-s-6941,survived,0,136.90188243066015,37.39825402801493,"MULTIPOLYGON (((136.901850806 37.398326556, 136.901978111 37.398245778, 136.901914056 37.3981815, 136.90178675 37.398262278, 136.901850806 37.398326556)))",1484.3379328854783,292.06398701832586,56.48731431009293,56.48731431009293,石川県、輪島市、河井町本町一川端丁,0,0,0,8.4,multi
C:\Users\admin\Documents\GitHub\SensingRisk\sitelens\data\noto_crops\all\bldg_002051.png,20230303-49284-13461-s-6692,destroyed,1,136.9020117857085,37.39657642382363,"MULTIPOLYGON (((136.902084028 37.396592583, 136.902018556 37.396517333, 136.901940722 37.396557694, 136.902003194 37.3966365, 136.902084028 37.396592583)))",1514.4176406677325,691.4440101864092,44.77471973053139,44.77471973053139,石川県、輪島市、河井町本町二,1,0,0,8.4,multi
C:\Users\admin\Documents\GitHub\SensingRisk\sitelens\data\noto_crops\all\bldg_002052.png,20230303-49284-13461-s-6842,survived,0,136.902038407847,37.39820777063486,"MULTIPOLYGON (((136.902093306 37.398207889, 136.902051583 37.398169639, 136.901985722 37.39820525, 136.902022194 37.398247056, 136.902093306 37.398207889)))",1526.4703911368836,315.63260216464744,30.78737135235741,30.78737135235741,石川県、輪島市、河井町本町一川端丁,0,0,0,8.4,multi
C:\Users\admin\Documents\GitHub\SensingRisk\sitelens\data\noto_crops\all\bldg_002053.png,20230303-49284-13461-s-6805,destroyed,1,136.901604333,37.3972765695,"MULTIPOLYGON (((136.901566694 37.39732575, 136.901675972 37.397269361, 136.901641972 37.397227389, 136.901532694 37.397283778, 136.901566694 37.39732575)))",1440.708742348353,529.6304525064711,40.06343256632499,40.06343256632499,石川県、輪島市、河井町本町一川端丁,1,0,0,8.4,multi
C:\Users\admin\Documents\GitHub\SensingRisk\sitelens\data\noto_crops\all\bldg_002054.png,20230303-49284-13461-s-6750,destroyed,1,136.90194033966281,37.39691277304657,"MULTIPOLYGON (((136.901891083 37.396901861, 136.901933361 37.396954028, 136.901988722 37.396922556, 136.901949333 37.396872417, 136.901891083 37.396901861)))",1507.9927967525598,619.6169195993427,30.604701195079315,30.604701195079315,石川県、輪島市、河井町本町二,1,0,0,8.4,multi
C:\Users\admin\Documents\GitHub\SensingRisk\sitelens\data\noto_crops\all\bldg_002055.png,20230303-49284-13461-s-6816,destroyed,1,136.9015335368632,37.39736156988525,"MULTIPOLYGON (((136.901533778 37.397332222, 136.901497889 37.397351222, 136.901533611 37.397391222, 136.901569028 37.397371444, 136.901533778 37.397332222)))",1436.4334233430059,518.5865962555974,22.190141796993657,22.190141796993657,石川県、輪島市、河井町本町一川端丁,1,0,0,8.4,multi
C:\Users\admin\Documents\GitHub\SensingRisk\sitelens\data\noto_crops\all\bldg_002056.png,20230303-49281-13461-s-8816,survived,0,136.89948765571012,37.39957246322517,"MULTIPOLYGON (((136.899519056 37.399602806, 136.899528222 37.399545611, 136.899454278 37.399541861, 136.899449583 37.399600861, 136.899519056 37.399602806)))",1054.6324126501124,-0.7877165161390051,23.52643793041694,23.52643793041694,石川県、輪島市、鳳至町浜町下,0,0,0,8.4,multi
C:\Users\admin\Documents\GitHub\SensingRisk\sitelens\data\noto_crops\all\bldg_002057.png,20230303-49281-13461-s-8688,survived,0,136.899501917,37.3991108475,"MULTIPOLYGON (((136.899449028 37.399131167, 136.899554667 37.399131417, 136.899554806 37.399090528, 136.899449167 37.399090278, 136.899449028 37.399131167)))",1054.0328739696079,104.47147022080098,29.577672571606172,29.577672571606172,石川県、輪島市、鳳至町浜町下,0,0,0,8.4,multi
C:\Users\admin\Documents\GitHub\SensingRisk\sitelens\data\noto_crops\all\bldg_002058.png,20230303-49281-13461-s-8779,survived,0,136.89952133325193,37.39943204146841,"MULTIPOLYGON (((136.899459806 37.399454833, 136.899582333 37.399455722, 136.899582861 37.39940925, 136.899460333 37.399408361, 136.899459806 37.399454833)))",1055.2368722385831,26.689806994587627,34.40867191420648,34.40867191420648,石川県、輪島市、鳳至町浜町下,0,0,0,8.4,multi
C:\Users\admin\Documents\GitHub\SensingRisk\sitelens\data\noto_crops\all\bldg_002059.png,20230303-49281-13461-s-8650,survived,0,136.8995514196953,37.39897204022384,"MULTIPOLYGON (((136.899458417 37.399006028, 136.899648972 37.398998694, 136.899649167 37.398943861, 136.899505 37.398938861, 136.899505111 37.398942361, 136.899458139 37.398943139, 136.899458417 37.399006028)))",1051.7583495140077,125.02805481900263,53.41530030568424,53.41530030568424,石川県、輪島市、鳳至町浜町下,0,0,0,8.4,multi
C:\Users\admin\Documents\GitHub\SensingRisk\sitelens\data\noto_crops\all\bldg_002060.png,20230303-49281-13461-s-8597,survived,0,136.8995092430368,37.39867773768165,"MULTIPOLYGON (((136.899471444 37.398702667, 136.899549167 37.398700444, 136.899547028 37.398652806, 136.899469333 37.398655028, 136.899471444 37.398702667)))",1059.027078353034,209.7254920717614,22.323204363716968,22.323204363716968,石川県、輪島市、鳳至町浜町上，下,0,0,0,8.4,multi
C:\Users\admin\Documents\GitHub\SensingRisk\sitelens\data\noto_crops\all\bldg_002061.png,20230303-49281-13461-s-8631,survived,0,136.89970964317897,37.398880760340504,"MULTIPOLYGON (((136.899540944 37.398913833, 136.899880111 37.398916972, 136.899887056 37.398850833, 136.899539417 37.398842139, 136.899540944 37.398913833)))",1059.611065276464,124.92807300991993,97.20690988434671,97.20690988434671,石川県、輪島市、鳳至町浜町下,0,0,0,8.4,multi
C:\Users\admin\Documents\GitHub\SensingRisk\sitelens\data\noto_crops\all\bldg_002062.png,20230303-49281-13461-s-8761,survived,0,136.8996809797062,37.39934835402015,"MULTIPOLYGON (((136.899648444 37.399358111, 136.899713444 37.399358278, 136.8997135 37.399338583, 136.8996485 37.399338444, 136.899648444 37.399358111)))",1093.104493459066,54.43376096206471,18.190976058112028,18.190976058112028,石川県、輪島市、鳳至町浜町下,0,0,0,8.4,multi
C:\Users\admin\Documents\GitHub\SensingRisk\sitelens\data\noto_crops\all\bldg_002064.png,20230303-49281-13461-s-8772,survived,0,136.89986626363566,37.39943659248909,"MULTIPOLYGON (((136.899862306 37.399485361, 136.899927472 37.399438417, 136.899870222 37.399387833, 136.899805056 37.39943475, 136.899862306 37.399485361)))",1118.117708904673,24.202018479612804,37.24640976760922,37.24640976760922,石川県、輪島市、鳳至町浜町下,0,0,0,8.4,multi
C:\Users\admin\Documents\GitHub\SensingRisk\sitelens\data\noto_crops\all\bldg_002065.png,20230303-49281-13461-s-8592,survived,0,136.89987945688907,37.398658465265406,"MULTIPOLYGON (((136.899903167 37.398696833, 136.899901194 37.398619361, 136.89985575 37.398620083, 136.899857722 37.398697583, 136.899903167 37.398696833)))",1125.4348194982936,211.64166134832388,27.53145472480267,27.53145472480267,石川県、輪島市、鳳至町浜町上，下,0,0,0,8.4,multi
C:\Users\admin\Documents\GitHub\SensingRisk\sitelens\data\noto_crops\all\bldg_002066.png,20230303-49281-13461-s-8918,survived,0,136.9000430524502,37.39938366675022,"MULTIPOLYGON (((136.9 37.399366778, 136.899952333 37.399410667, 136.9 37.399443722, 136.900005278 37.399447389, 136.900035056 37.399468056, 136.900089028 37.399418111, 136.900062194 37.399398389, 136.900129639 37.399339528, 136.90007825 37.399294722, 136.900005278 37.399361917, 136.9 37.399366778)))",1138.5746496509178,25.042629701863607,61.473611250719,61.473611250719,石川県、輪島市、鳳至町浜町下,0,0,0,8.4,multi
C:\Users\admin\Documents\GitHub\SensingRisk\sitelens\data\noto_crops\all\bldg_002067.png,20230303-49281-13461-s-8913,survived,0,136.90003880175456,37.39881045542857,"MULTIPOLYGON (((136.89997975 37.398839111, 136.9 37.398839028, 136.900005278 37.398839028, 136.900083611 37.39883875, 136.90008325 37.398774972, 136.900016611 37.398775194, 136.900016778 37.398806417, 136.900005278 37.398806472, 136.9 37.398806472, 136.899980667 37.398806556, 136.89997975 37.398839111)))",1153.05596408844,176.02566433327056,29.04164052539386,29.04164052539386,石川県、輪島市、鳳至町浜町下,0,0,0,8.4,multi
C:\Users\admin\Documents\GitHub\SensingRisk\sitelens\data\noto_crops\all\bldg_002068.png,20230303-49284-13461-s-6873,survived,0,136.9002681898388,37.39918233584685,"MULTIPOLYGON (((136.900239056 37.399246806, 136.900340194 37.399169528, 136.900279167 37.399118694, 136.900228833 37.399157167, 136.900249111 37.399174083, 136.900198083 37.399213056, 136.900239056 37.399246806)))",1188.4754596665075,79.02213031085056,46.73340840712453,46.73340840712453,石川県、輪島市、鳳至町浜町下,0,0,0,8.4,multi
C:\Users\admin\Documents\GitHub\SensingRisk\sitelens\data\noto_crops\all\bldg_002069.png,20230303-49284-13461-s-6857,survived,0,136.90029382767372,37.39865563185935,"MULTIPOLYGON (((136.900246306 37.398674611, 136.900340444 37.398676, 136.900341361 37.398636667, 136.900247222 37.39863525, 136.900246306 37.398674611)))",1203.1559933079614,212.78576723722978,26.57930444081626,26.57930444081626,石川県、輪島市、鳳至町浜町上，下,0,0,0,8.4,multi
C:\Users\admin\Documents\GitHub\SensingRisk\sitelens\data\noto_crops\all\bldg_002071.png,20230303-49284-13461-s-6872,survived,0,136.90033505932746,37.39912316464838,"MULTIPOLYGON (((136.900369333 37.399134694, 136.900322417 37.39909525, 136.900300778 37.399111639, 136.900347722 37.399151083, 136.900369333 37.399134694)))",1213.558050617893,105.7977975277421,21.143865328392295,21.143865328392295,石川県、輪島市、鳳至町浜町下,0,0,0,8.4,multi
C:\Users\admin\Documents\GitHub\SensingRisk\sitelens\data\noto_crops\all\bldg_002072.png,20230303-49284-13461-s-6869,survived,0,136.9003819768938,37.39907634780225,"MULTIPOLYGON (((136.900373972 37.399124306, 136.900442139 37.399070222, 136.90039 37.399028389, 136.900321806 37.399082472, 136.900373972 37.399124306)))",1214.5639373701058,109.04350715189068,36.62401722777386,36.62401722777386,石川県、輪島市、鳳至町浜町下,0,0,0,8.4,multi
C:\Users\admin\Documents\GitHub\SensingRisk\sitelens\data\noto_crops\all\bldg_002073.png,20230303-49284-13461-s-6860,survived,0,136.90041631303706,37.39889673465393,"MULTIPOLYGON (((136.900406278 37.398945083, 136.900471583 37.398897333, 136.900417778 37.3988505, 136.900363833 37.398889972, 136.900395778 37.398917778, 136.9003835 37.39892675, 136.900406278 37.398945083)))",1222.1201553421695,151.83519391947823,34.83474133859494,34.83474133859494,石川県、輪島市、鳳至町浜町下,0,0,0,8.4,multi
C:\Users\admin\Documents\GitHub\SensingRisk\sitelens\data\noto_crops\all\bldg_002074.png,20230303-49284-13461-s-6876,survived,0,136.90044521731366,37.399190707431465,"MULTIPOLYGON (((136.900446083 37.399223417, 136.900485083 37.399182972, 136.900444333 37.399158, 136.900405361 37.399198444, 136.900446083 37.399223417)))",1232.3150951756866,88.1700100772905,24.70282435937115,24.70282435937115,石川県、輪島市、鳳至町浜町下,0,0,0,8.4,multi
C:\Users\admin\Documents\GitHub\SensingRisk\sitelens\data\noto_crops\all\bldg_002075.png,20230303-49284-13461-s-6884,survived,0,136.900461778,37.3993824725,"MULTIPOLYGON (((136.900417889 37.399376667, 136.900468556 37.399417556, 136.900505667 37.399388278, 136.900455 37.399347389, 136.900417889 37.399376667)))",1234.3715058633766,42.143935244973605,26.762527165992992,26.762527165992992,石川県、輪島市、鳳至町浜町下,0,0,0,8.4,multi
C:\Users\admin\Documents\GitHub\SensingRisk\sitelens\data\noto_crops\all\bldg_002076.png,20230303-49284-13461-s-6881,survived,0,136.9004713114053,37.39928545757166,"MULTIPOLYGON (((136.900514556 37.399295111, 136.900460917 37.39925325, 136.900430111 37.399276944, 136.900477917 37.3993165, 136.900514556 37.399295111)))",1237.3462259770065,66.05161060738877,24.748462565614844,24.748462565614844,石川県、輪島市、鳳至町浜町下,0,0,0,8.4,multi
C:\Users\admin\Documents\GitHub\SensingRisk\sitelens\data\noto_crops\all\bldg_002077.png,20230303-49284-13461-s-6875,survived,0,136.9005559684031,37.3991890014174,"MULTIPOLYGON (((136.900606667 37.399202722, 136.900539611 37.399148333, 136.900505278 37.399175278, 136.900572306 37.399229667, 136.900606667 37.399202722)))",1249.82206596595,85.43248014673199,30.97966190320973,30.97966190320973,石川県、輪島市、鳳至町浜町下,0,0,0,8.4,multi
C:\Users\admin\Documents\GitHub\SensingRisk\sitelens\data\noto_crops\all\bldg_002078.png,20230303-49284-13461-s-6871,survived,0,136.900699625,37.39914650000001,"MULTIPOLYGON (((136.900786972 37.399162194, 136.900680444 37.399076722, 136.900612278 37.399130806, 136.900718806 37.399216278, 136.900786972 37.399162194)))",1265.4699788026533,84.27398531098251,53.241370039677435,53.241370039677435,石川県、輪島市、鳳至町浜町下,0,0,0,8.4,multi
C:\Users\admin\Documents\GitHub\SensingRisk\sitelens\data\noto_crops\all\bldg_002079.png,20230303-49284-13461-s-6882,survived,0,136.90087548631314,37.39941004615803,"MULTIPOLYGON (((136.900879167 37.399502139, 136.900990806 37.399415389, 136.900871806 37.399317944, 136.900760167 37.399404722, 136.900879167 37.399502139)))",1289.7340212802324,13.916703151049465,70.27920445199152,70.27920445199152,石川県、輪島市、鳳至町浜町下,0,0,0,8.4,multi
C:\Users\admin\Documents\GitHub\SensingRisk\sitelens\data\noto_crops\all\bldg_002080.png,20230303-49284-13461-s-6885,survived,0,136.90096794566247,37.399484331044675,"MULTIPOLYGON (((136.900938417 37.399543722, 136.901042556 37.399461083, 136.9009975 37.399424944, 136.900893333 37.399507556, 136.900938417 37.399543722)))",1319.4202254975908,8.935451055978287,45.37763683695135,45.37763683695135,石川県、輪島市、鳳至町浜町下,0,0,0,8.4,multi
C:\Users\admin\Documents\GitHub\SensingRisk\sitelens\data\noto_crops\all\bldg_002081.png,20230303-49281-13461-s-8675,survived,0,136.89970747141058,37.39905211857372,"MULTIPOLYGON (((136.899662111 37.399081, 136.899754778 37.399077611, 136.899754972 37.399023389, 136.899657833 37.399027333, 136.899662111 37.399081)))",1093.3595537397598,119.44184963457062,27.16203308635272,27.16203308635272,石川県、輪島市、鳳至町浜町下,0,0,0,8.4,multi
C:\Users\admin\Documents\GitHub\SensingRisk\sitelens\data\noto_crops\all\bldg_002082.png,20230303-49281-13461-s-8687,survived,0,136.8996303736855,37.399108395278326,"MULTIPOLYGON (((136.899563194 37.399127028, 136.899697056 37.399128139, 136.899697583 37.399089778, 136.899563694 37.399088639, 136.899563194 37.399127028)))",1073.9815896405114,101.04823414971213,37.577888017230634,37.577888017230634,石川県、輪島市、鳳至町浜町下,0,0,0,8.4,multi
C:\Users\admin\Documents\GitHub\SensingRisk\sitelens\data\noto_crops\all\bldg_002083.png,20230303-49284-13461-s-6870,survived,0,136.9008195695,37.3990923055,"MULTIPOLYGON (((136.900796417 37.399153417, 136.900897528 37.399077944, 136.900842722 37.399031194, 136.900741611 37.399106667, 136.900796417 37.399153417)))",1290.9642706229677,100.12540227355234,46.9713371658878,46.9713371658878,石川県、輪島市、鳳至町浜町下,0,0,0,8.4,multi
